WonderForge isolated parent MCP on 9877
INFO Draco is available, use library at /Applications/Blender.app/Contents/Resources/5.2/scripts/addons_core/io_scene_gltf2/libbf_intern_draco_bridge.dylib
INFO MeshOptimizer is available, use library at /Applications/Blender.app/Contents/Resources/5.2/scripts/addons_core/io_scene_gltf2/libbf_intern_meshopt_bridge.dylib
17:53:21 | INFO: Starting glTF 2.0 export
17:53:21 | INFO: Extracting primitive: Cylinder.139
17:53:21 | INFO: Primitives created: 1
17:53:21 | INFO: Extracting primitive: Cylinder.140
17:53:21 | INFO: Primitives created: 1
17:53:21 | INFO: Extracting primitive: cargo-cam-bearing
17:53:21 | INFO: Primitives created: 1
17:53:21 | INFO: Extracting primitive: Cube.049
17:53:21 | INFO: Primitives created: 1
17:53:21 | INFO: Extracting primitive: Cube.050
17:53:21 | INFO: Primitives created: 1
17:53:21 | INFO: Extracting primitive: cargo-cam-bearing.001
17:53:21 | INFO: Primitives created: 1
17:53:21 | INFO: Extracting primitive: Cube.039
17:53:21 | INFO: Primitives created: 1
17:53:21 | INFO: Extracting primitive: Cube.041
17:53:21 | INFO: Primitives created: 1
17:53:21 | INFO: Extracting primitive: Cube.043
17:53:21 | INFO: Primitives created: 1
17:53:21 | INFO: Extracting primitive: Cube.044
17:53:21 | INFO: Primitives created: 1
17:53:21 | INFO: Extracting primitive: Cube.045
17:53:21 | INFO: Primitives created: 1
17:53:21 | INFO: Extracting primitive: cargo-carriage-slide-bearing
17:53:21 | INFO: Primitives created: 1
17:53:21 | INFO: Extracting primitive: cargo-carriage-slide-bearing.001
17:53:21 | INFO: Primitives created: 1
17:53:21 | INFO: Extracting primitive: cargo-carriage-slide-bearing.002
17:53:21 | INFO: Primitives created: 1
17:53:21 | INFO: Extracting primitive: cargo-carriage-slide-bearing.003
17:53:21 | INFO: Primitives created: 1
17:53:21 | INFO: Extracting primitive: cargo-drum-thrust-yoke
17:53:21 | INFO: Primitives created: 1
17:53:21 | INFO: Extracting primitive: cargo-drum-thrust-yoke.001
17:53:21 | INFO: Primitives created: 1
17:53:21 | INFO: Extracting primitive: Cube.048
17:53:21 | INFO: Primitives created: 1
17:53:21 | INFO: Extracting primitive: Cylinder.146
17:53:21 | INFO: Primitives created: 1
17:53:21 | INFO: Extracting primitive: Cylinder.147
17:53:21 | INFO: Primitives created: 1
17:53:21 | INFO: Extracting primitive: Cylinder.149
17:53:21 | INFO: Primitives created: 1
17:53:21 | INFO: Extracting primitive: Cylinder.150
17:53:21 | INFO: Primitives created: 1
17:53:21 | INFO: Extracting primitive: Cylinder.142
17:53:21 | INFO: Primitives created: 1
17:53:21 | INFO: Extracting primitive: Cylinder.143
17:53:21 | INFO: Primitives created: 1
17:53:21 | INFO: Extracting primitive: Cylinder.144
17:53:21 | INFO: Primitives created: 1
17:53:21 | INFO: Extracting primitive: cargo-drum-journal-bearing
17:53:21 | INFO: Primitives created: 1
17:53:21 | INFO: Extracting primitive: cargo-drum-journal-bearing.001
17:53:21 | INFO: Primitives created: 1
17:53:21 | INFO: Extracting primitive: Cylinder.130
17:53:21 | INFO: Primitives created: 1
17:53:21 | INFO: Extracting primitive: cargo-east-fairlead-flange
17:53:21 | INFO: Primitives created: 1
17:53:21 | INFO: Extracting primitive: cargo-east-fairlead-flange.001
17:53:21 | INFO: Primitives created: 1
17:53:21 | INFO: Extracting primitive: cargo-east-fairlead-groove
17:53:21 | INFO: Primitives created: 1
17:53:21 | INFO: Extracting primitive: Cylinder.135
17:53:21 | INFO: Primitives created: 1
17:53:21 | INFO: Extracting primitive: Cylinder.134
17:53:21 | INFO: Primitives created: 1
17:53:21 | INFO: Extracting primitive: Cylinder.131
17:53:21 | INFO: Primitives created: 1
17:53:21 | INFO: Extracting primitive: cargo-east-upper-fairlead-flange
17:53:21 | INFO: Primitives created: 1
17:53:21 | INFO: Extracting primitive: cargo-east-upper-fairlead-flange.001
17:53:21 | INFO: Primitives created: 1
17:53:21 | INFO: Extracting primitive: cargo-east-upper-fairlead-groove
17:53:21 | INFO: Primitives created: 1
17:53:21 | INFO: Extracting primitive: cargo-gear-journal
17:53:21 | INFO: Primitives created: 1
17:53:21 | INFO: Extracting primitive: cargo-gear-journal.001
17:53:21 | INFO: Primitives created: 1
17:53:21 | INFO: Extracting primitive: Cylinder.152
17:53:21 | INFO: Primitives created: 1
17:53:21 | INFO: Extracting primitive: Cylinder.153
17:53:21 | INFO: Primitives created: 1
17:53:21 | INFO: Extracting primitive: cargo-input-crank-involute
17:53:21 | INFO: Primitives created: 1
17:53:21 | INFO: Extracting primitive: Cylinder.151
17:53:21 | INFO: Primitives created: 1
17:53:21 | INFO: Extracting primitive: Cylinder.155
17:53:21 | INFO: Primitives created: 1
17:53:21 | INFO: Extracting primitive: Cylinder.154
17:53:21 | INFO: Primitives created: 1
17:53:21 | INFO: Extracting primitive: cargo-output-gear-involute
17:53:21 | INFO: Primitives created: 1
17:53:21 | INFO: Extracting primitive: Cylinder.141
17:53:21 | INFO: Primitives created: 1
17:53:21 | INFO: Extracting primitive: Cube.046
17:53:21 | INFO: Primitives created: 1
17:53:21 | INFO: Extracting primitive: cargo-traverse-drive-sprocket-rim
17:53:21 | INFO: Primitives created: 1
17:53:21 | INFO: Extracting primitive: Cylinder.161
17:53:21 | INFO: Primitives created: 1
17:53:21 | INFO: Extracting primitive: Cylinder.166
17:53:21 | INFO: Primitives created: 1
17:53:21 | INFO: Extracting primitive: Cylinder.171
17:53:21 | INFO: Primitives created: 1
17:53:21 | INFO: Extracting primitive: Cylinder.176
17:53:21 | INFO: Primitives created: 1
17:53:21 | INFO: Extracting primitive: Cylinder.181
17:53:21 | INFO: Primitives created: 1
17:53:21 | INFO: Extracting primitive: Cylinder.160
17:53:21 | INFO: Primitives created: 1
17:53:21 | INFO: Extracting primitive: Cylinder.162
17:53:21 | INFO: Primitives created: 1
17:53:21 | INFO: Extracting primitive: Cylinder.163
17:53:21 | INFO: Primitives created: 1
17:53:21 | INFO: Extracting primitive: Cylinder.164
17:53:21 | INFO: Primitives created: 1
17:53:21 | INFO: Extracting primitive: Cylinder.165
17:53:21 | INFO: Primitives created: 1
17:53:21 | INFO: Extracting primitive: Cylinder.167
17:53:21 | INFO: Primitives created: 1
17:53:21 | INFO: Extracting primitive: Cylinder.168
17:53:21 | INFO: Primitives created: 1
17:53:21 | INFO: Extracting primitive: Cylinder.169
17:53:21 | INFO: Primitives created: 1
17:53:21 | INFO: Extracting primitive: Cylinder.170
17:53:21 | INFO: Primitives created: 1
17:53:21 | INFO: Extracting primitive: Cylinder.172
17:53:21 | INFO: Primitives created: 1
17:53:21 | INFO: Extracting primitive: Cylinder.173
17:53:21 | INFO: Primitives created: 1
17:53:21 | INFO: Extracting primitive: Cylinder.174
17:53:21 | INFO: Primitives created: 1
17:53:21 | INFO: Extracting primitive: Cylinder.175
17:53:21 | INFO: Primitives created: 1
17:53:21 | INFO: Extracting primitive: Cylinder.177
17:53:21 | INFO: Primitives created: 1
17:53:21 | INFO: Extracting primitive: Cylinder.178
17:53:21 | INFO: Primitives created: 1
17:53:21 | INFO: Extracting primitive: Cylinder.179
17:53:21 | INFO: Primitives created: 1
17:53:21 | INFO: Extracting primitive: Cylinder.180
17:53:21 | INFO: Primitives created: 1
17:53:21 | INFO: Extracting primitive: Cylinder.182
17:53:21 | INFO: Primitives created: 1
17:53:21 | INFO: Extracting primitive: Cylinder.183
17:53:21 | INFO: Primitives created: 1
17:53:21 | INFO: Extracting primitive: Cylinder.184
17:53:21 | INFO: Primitives created: 1
17:53:21 | INFO: Extracting primitive: Cylinder.156
17:53:21 | INFO: Primitives created: 1
17:53:21 | INFO: Extracting primitive: Cylinder.157
17:53:21 | INFO: Primitives created: 1
17:53:21 | INFO: Extracting primitive: Cylinder.158
17:53:21 | INFO: Primitives created: 1
17:53:21 | INFO: Extracting primitive: Cube.040
17:53:21 | INFO: Primitives created: 1
17:53:21 | INFO: Extracting primitive: Cube.042
17:53:21 | INFO: Primitives created: 1
17:53:21 | INFO: Extracting primitive: cargo-ratchet-wheel-involute
17:53:21 | INFO: Primitives created: 1
17:53:21 | INFO: Extracting primitive: Cylinder.125
17:53:21 | INFO: Primitives created: 1
17:53:21 | INFO: Extracting primitive: Cylinder.120
17:53:21 | INFO: Primitives created: 1
17:53:21 | INFO: Extracting primitive: Cylinder.123
17:53:21 | INFO: Primitives created: 1
17:53:21 | INFO: Extracting primitive: Cylinder.119
17:53:21 | INFO: Primitives created: 1
17:53:21 | INFO: Extracting primitive: Cylinder.122
17:53:21 | INFO: Primitives created: 1
17:53:21 | INFO: Extracting primitive: Cylinder.121
17:53:21 | INFO: Primitives created: 1
17:53:21 | INFO: Extracting primitive: Cylinder.124
17:53:21 | INFO: Primitives created: 1
17:53:21 | INFO: Extracting primitive: cargo-closed-diamond-traverse-barrel
17:53:21 | INFO: Primitives created: 0
17:53:21 | WARNING: Mesh 'cargo-closed-diamond-traverse-barrel' has no primitives and will be omitted.
17:53:21 | INFO: Extracting primitive: Cylinder.159
17:53:21 | INFO: Primitives created: 1
17:53:21 | INFO: Extracting primitive: cargo-traverse-cam-sprocket-rim
17:53:21 | INFO: Primitives created: 1
17:53:21 | INFO: Extracting primitive: Cylinder.186
17:53:21 | INFO: Primitives created: 1
17:53:21 | INFO: Extracting primitive: Cylinder.191
17:53:21 | INFO: Primitives created: 1
17:53:21 | INFO: Extracting primitive: Cylinder.196
17:53:21 | INFO: Primitives created: 1
17:53:21 | INFO: Extracting primitive: Cylinder.201
17:53:21 | INFO: Primitives created: 1
17:53:21 | INFO: Extracting primitive: Cylinder.206
17:53:21 | INFO: Primitives created: 1
17:53:21 | INFO: Extracting primitive: Cylinder.185
17:53:21 | INFO: Primitives created: 1
17:53:21 | INFO: Extracting primitive: Cylinder.187
17:53:21 | INFO: Primitives created: 1
17:53:21 | INFO: Extracting primitive: Cylinder.188
17:53:21 | INFO: Primitives created: 1
17:53:21 | INFO: Extracting primitive: Cylinder.189
17:53:21 | INFO: Primitives created: 1
17:53:21 | INFO: Extracting primitive: Cylinder.190
17:53:21 | INFO: Primitives created: 1
17:53:21 | INFO: Extracting primitive: Cylinder.192
17:53:21 | INFO: Primitives created: 1
17:53:21 | INFO: Extracting primitive: Cylinder.193
17:53:21 | INFO: Primitives created: 1
17:53:21 | INFO: Extracting primitive: Cylinder.194
17:53:21 | INFO: Primitives created: 1
17:53:21 | INFO: Extracting primitive: Cylinder.195
17:53:21 | INFO: Primitives created: 1
17:53:21 | INFO: Extracting primitive: Cylinder.197
17:53:21 | INFO: Primitives created: 1
17:53:21 | INFO: Extracting primitive: Cylinder.198
17:53:21 | INFO: Primitives created: 1
17:53:21 | INFO: Extracting primitive: Cylinder.199
17:53:21 | INFO: Primitives created: 1
17:53:21 | INFO: Extracting primitive: Cylinder.200
17:53:21 | INFO: Primitives created: 1
17:53:21 | INFO: Extracting primitive: Cylinder.202
17:53:21 | INFO: Primitives created: 1
17:53:21 | INFO: Extracting primitive: Cylinder.203
17:53:21 | INFO: Primitives created: 1
17:53:21 | INFO: Extracting primitive: Cylinder.204
17:53:21 | INFO: Primitives created: 1
17:53:21 | INFO: Extracting primitive: Cylinder.205
17:53:21 | INFO: Primitives created: 1
17:53:21 | INFO: Extracting primitive: Cylinder.207
17:53:21 | INFO: Primitives created: 1
17:53:21 | INFO: Extracting primitive: Cylinder.208
17:53:21 | INFO: Primitives created: 1
17:53:21 | INFO: Extracting primitive: Cylinder.209
17:53:21 | INFO: Primitives created: 1
17:53:21 | INFO: Extracting primitive: Cylinder.211
17:53:21 | INFO: Primitives created: 1
17:53:21 | INFO: Extracting primitive: Cylinder.212
17:53:21 | INFO: Primitives created: 1
17:53:21 | INFO: Extracting primitive: Cylinder.214
17:53:21 | INFO: Primitives created: 1
17:53:21 | INFO: Extracting primitive: Cylinder.215
17:53:21 | INFO: Primitives created: 1
17:53:21 | INFO: Extracting primitive: Cylinder.217
17:53:21 | INFO: Primitives created: 1
17:53:21 | INFO: Extracting primitive: Cylinder.218
17:53:21 | INFO: Primitives created: 1
17:53:21 | INFO: Extracting primitive: Cylinder.220
17:53:21 | INFO: Primitives created: 1
17:53:21 | INFO: Extracting primitive: Cylinder.221
17:53:21 | INFO: Primitives created: 1
17:53:21 | INFO: Extracting primitive: Cylinder.223
17:53:21 | INFO: Primitives created: 1
17:53:21 | INFO: Extracting primitive: Cylinder.224
17:53:21 | INFO: Primitives created: 1
17:53:21 | INFO: Extracting primitive: Cylinder.226
17:53:21 | INFO: Primitives created: 1
17:53:21 | INFO: Extracting primitive: Cylinder.227
17:53:21 | INFO: Primitives created: 1
17:53:21 | INFO: Extracting primitive: Cylinder.229
17:53:21 | INFO: Primitives created: 1
17:53:21 | INFO: Extracting primitive: Cylinder.230
17:53:21 | INFO: Primitives created: 1
17:53:21 | INFO: Extracting primitive: Cylinder.232
17:53:21 | INFO: Primitives created: 1
17:53:21 | INFO: Extracting primitive: Cylinder.233
17:53:21 | INFO: Primitives created: 1
17:53:21 | INFO: Extracting primitive: Cylinder.235
17:53:21 | INFO: Primitives created: 1
17:53:21 | INFO: Extracting primitive: Cylinder.236
17:53:21 | INFO: Primitives created: 1
17:53:21 | INFO: Extracting primitive: Cylinder.238
17:53:21 | INFO: Primitives created: 1
17:53:21 | INFO: Extracting primitive: Cylinder.239
17:53:21 | INFO: Primitives created: 1
17:53:21 | INFO: Extracting primitive: Cylinder.241
17:53:21 | INFO: Primitives created: 1
17:53:21 | INFO: Extracting primitive: Cylinder.242
17:53:21 | INFO: Primitives created: 1
17:53:21 | INFO: Extracting primitive: Cylinder.244
17:53:21 | INFO: Primitives created: 1
17:53:21 | INFO: Extracting primitive: Cylinder.245
17:53:21 | INFO: Primitives created: 1
17:53:21 | INFO: Extracting primitive: Cylinder.247
17:53:21 | INFO: Primitives created: 1
17:53:21 | INFO: Extracting primitive: Cylinder.248
17:53:21 | INFO: Primitives created: 1
17:53:21 | INFO: Extracting primitive: Cylinder.250
17:53:21 | INFO: Primitives created: 1
17:53:21 | INFO: Extracting primitive: Cylinder.251
17:53:21 | INFO: Primitives created: 1
17:53:21 | INFO: Extracting primitive: Cylinder.253
17:53:21 | INFO: Primitives created: 1
17:53:21 | INFO: Extracting primitive: Cylinder.254
17:53:21 | INFO: Primitives created: 1
17:53:21 | INFO: Extracting primitive: Cylinder.256
17:53:21 | INFO: Primitives created: 1
17:53:21 | INFO: Extracting primitive: Cylinder.257
17:53:21 | INFO: Primitives created: 1
17:53:21 | INFO: Extracting primitive: Cylinder.259
17:53:21 | INFO: Primitives created: 1
17:53:21 | INFO: Extracting primitive: Cylinder.260
17:53:21 | INFO: Primitives created: 1
17:53:21 | INFO: Extracting primitive: Cylinder.262
17:53:21 | INFO: Primitives created: 1
17:53:21 | INFO: Extracting primitive: Cylinder.263
17:53:21 | INFO: Primitives created: 1
17:53:21 | INFO: Extracting primitive: Cylinder.265
17:53:21 | INFO: Primitives created: 1
17:53:21 | INFO: Extracting primitive: Cylinder.266
17:53:21 | INFO: Primitives created: 1
17:53:21 | INFO: Extracting primitive: Cylinder.268
17:53:21 | INFO: Primitives created: 1
17:53:21 | INFO: Extracting primitive: Cylinder.269
17:53:21 | INFO: Primitives created: 1
17:53:21 | INFO: Extracting primitive: Cylinder.271
17:53:21 | INFO: Primitives created: 1
17:53:21 | INFO: Extracting primitive: Cylinder.272
17:53:21 | INFO: Primitives created: 1
17:53:21 | INFO: Extracting primitive: Cylinder.274
17:53:21 | INFO: Primitives created: 1
17:53:21 | INFO: Extracting primitive: Cylinder.275
17:53:21 | INFO: Primitives created: 1
17:53:21 | INFO: Extracting primitive: Cylinder.277
17:53:21 | INFO: Primitives created: 1
17:53:21 | INFO: Extracting primitive: Cylinder.278
17:53:21 | INFO: Primitives created: 1
17:53:21 | INFO: Extracting primitive: Cylinder.280
17:53:21 | INFO: Primitives created: 1
17:53:21 | INFO: Extracting primitive: Cylinder.281
17:53:21 | INFO: Primitives created: 1
17:53:21 | INFO: Extracting primitive: Cylinder.283
17:53:21 | INFO: Primitives created: 1
17:53:21 | INFO: Extracting primitive: Cylinder.284
17:53:21 | INFO: Primitives created: 1
17:53:21 | INFO: Extracting primitive: Cylinder.286
17:53:21 | INFO: Primitives created: 1
17:53:21 | INFO: Extracting primitive: Cylinder.287
17:53:21 | INFO: Primitives created: 1
17:53:21 | INFO: Extracting primitive: Cylinder.289
17:53:21 | INFO: Primitives created: 1
17:53:21 | INFO: Extracting primitive: Cylinder.290
17:53:21 | INFO: Primitives created: 1
17:53:21 | INFO: Extracting primitive: Cylinder.292
17:53:21 | INFO: Primitives created: 1
17:53:21 | INFO: Extracting primitive: Cylinder.293
17:53:21 | INFO: Primitives created: 1
17:53:21 | INFO: Extracting primitive: Cylinder.295
17:53:21 | INFO: Primitives created: 1
17:53:21 | INFO: Extracting primitive: Cylinder.296
17:53:21 | INFO: Primitives created: 1
17:53:21 | INFO: Extracting primitive: Cylinder.298
17:53:21 | INFO: Primitives created: 1
17:53:21 | INFO: Extracting primitive: Cylinder.299
17:53:21 | INFO: Primitives created: 1
17:53:21 | INFO: Extracting primitive: Cylinder.301
17:53:21 | INFO: Primitives created: 1
17:53:21 | INFO: Extracting primitive: Cylinder.302
17:53:21 | INFO: Primitives created: 1
17:53:21 | INFO: Extracting primitive: Cylinder.304
17:53:21 | INFO: Primitives created: 1
17:53:21 | INFO: Extracting primitive: Cylinder.305
17:53:21 | INFO: Primitives created: 1
17:53:21 | INFO: Extracting primitive: Cylinder.307
17:53:21 | INFO: Primitives created: 1
17:53:21 | INFO: Extracting primitive: Cylinder.308
17:53:21 | INFO: Primitives created: 1
17:53:21 | INFO: Extracting primitive: Cylinder.310
17:53:21 | INFO: Primitives created: 1
17:53:21 | INFO: Extracting primitive: Cylinder.311
17:53:21 | INFO: Primitives created: 1
17:53:21 | INFO: Extracting primitive: Cylinder.313
17:53:21 | INFO: Primitives created: 1
17:53:21 | INFO: Extracting primitive: Cylinder.314
17:53:21 | INFO: Primitives created: 1
17:53:21 | INFO: Extracting primitive: Cylinder.316
17:53:21 | INFO: Primitives created: 1
17:53:21 | INFO: Extracting primitive: Cylinder.317
17:53:21 | INFO: Primitives created: 1
17:53:21 | INFO: Extracting primitive: Cylinder.319
17:53:21 | INFO: Primitives created: 1
17:53:21 | INFO: Extracting primitive: Cylinder.320
17:53:21 | INFO: Primitives created: 1
17:53:21 | INFO: Extracting primitive: Cylinder.322
17:53:21 | INFO: Primitives created: 1
17:53:21 | INFO: Extracting primitive: Cylinder.323
17:53:21 | INFO: Primitives created: 1
17:53:21 | INFO: Extracting primitive: Cylinder.325
17:53:21 | INFO: Primitives created: 1
17:53:21 | INFO: Extracting primitive: Cylinder.326
17:53:21 | INFO: Primitives created: 1
17:53:21 | INFO: Extracting primitive: Cylinder.328
17:53:21 | INFO: Primitives created: 1
17:53:21 | INFO: Extracting primitive: Cylinder.329
17:53:21 | INFO: Primitives created: 1
17:53:21 | INFO: Extracting primitive: Cylinder.331
17:53:21 | INFO: Primitives created: 1
17:53:21 | INFO: Extracting primitive: Cylinder.332
17:53:21 | INFO: Primitives created: 1
17:53:21 | INFO: Extracting primitive: Cylinder.334
17:53:21 | INFO: Primitives created: 1
17:53:21 | INFO: Extracting primitive: Cylinder.335
17:53:21 | INFO: Primitives created: 1
17:53:21 | INFO: Extracting primitive: Cylinder.337
17:53:21 | INFO: Primitives created: 1
17:53:21 | INFO: Extracting primitive: Cylinder.338
17:53:21 | INFO: Primitives created: 1
17:53:21 | INFO: Extracting primitive: Cylinder.340
17:53:21 | INFO: Primitives created: 1
17:53:21 | INFO: Extracting primitive: Cylinder.341
17:53:21 | INFO: Primitives created: 1
17:53:21 | INFO: Extracting primitive: Cylinder.343
17:53:21 | INFO: Primitives created: 1
17:53:21 | INFO: Extracting primitive: Cylinder.344
17:53:21 | INFO: Primitives created: 1
17:53:21 | INFO: Extracting primitive: Cylinder.346
17:53:21 | INFO: Primitives created: 1
17:53:21 | INFO: Extracting primitive: Cylinder.347
17:53:21 | INFO: Primitives created: 1
17:53:21 | INFO: Extracting primitive: Cylinder.349
17:53:21 | INFO: Primitives created: 1
17:53:21 | INFO: Extracting primitive: Cylinder.350
17:53:21 | INFO: Primitives created: 1
17:53:21 | INFO: Extracting primitive: Cylinder.352
17:53:21 | INFO: Primitives created: 1
17:53:21 | INFO: Extracting primitive: Cylinder.353
17:53:21 | INFO: Primitives created: 1
17:53:21 | INFO: Extracting primitive: Cylinder.355
17:53:21 | INFO: Primitives created: 1
17:53:21 | INFO: Extracting primitive: Cylinder.356
17:53:21 | INFO: Primitives created: 1
17:53:21 | INFO: Extracting primitive: Cylinder.358
17:53:21 | INFO: Primitives created: 1
17:53:21 | INFO: Extracting primitive: Cylinder.359
17:53:21 | INFO: Primitives created: 1
17:53:21 | INFO: Extracting primitive: Cylinder.361
17:53:21 | INFO: Primitives created: 1
17:53:21 | INFO: Extracting primitive: Cylinder.362
17:53:21 | INFO: Primitives created: 1
17:53:21 | INFO: Extracting primitive: Cylinder.364
17:53:21 | INFO: Primitives created: 1
17:53:21 | INFO: Extracting primitive: Cylinder.365
17:53:21 | INFO: Primitives created: 1
17:53:21 | INFO: Extracting primitive: Cylinder.367
17:53:21 | INFO: Primitives created: 1
17:53:21 | INFO: Extracting primitive: Cylinder.368
17:53:21 | INFO: Primitives created: 1
17:53:21 | INFO: Extracting primitive: Cylinder.370
17:53:21 | INFO: Primitives created: 1
17:53:21 | INFO: Extracting primitive: Cylinder.371
17:53:21 | INFO: Primitives created: 1
17:53:21 | INFO: Extracting primitive: Cylinder.373
17:53:21 | INFO: Primitives created: 1
17:53:21 | INFO: Extracting primitive: Cylinder.374
17:53:21 | INFO: Primitives created: 1
17:53:21 | INFO: Extracting primitive: Cylinder.376
17:53:21 | INFO: Primitives created: 1
17:53:21 | INFO: Extracting primitive: Cylinder.377
17:53:21 | INFO: Primitives created: 1
17:53:21 | INFO: Extracting primitive: Cylinder.379
17:53:21 | INFO: Primitives created: 1
17:53:21 | INFO: Extracting primitive: Cylinder.380
17:53:21 | INFO: Primitives created: 1
17:53:21 | INFO: Extracting primitive: Cylinder.382
17:53:21 | INFO: Primitives created: 1
17:53:21 | INFO: Extracting primitive: Cylinder.383
17:53:21 | INFO: Primitives created: 1
17:53:21 | INFO: Extracting primitive: Cylinder.385
17:53:21 | INFO: Primitives created: 1
17:53:21 | INFO: Extracting primitive: Cylinder.386
17:53:21 | INFO: Primitives created: 1
17:53:21 | INFO: Extracting primitive: Cylinder.388
17:53:21 | INFO: Primitives created: 1
17:53:21 | INFO: Extracting primitive: Cylinder.389
17:53:21 | INFO: Primitives created: 1
17:53:21 | INFO: Extracting primitive: Cylinder.391
17:53:21 | INFO: Primitives created: 1
17:53:21 | INFO: Extracting primitive: Cylinder.392
17:53:21 | INFO: Primitives created: 1
17:53:21 | INFO: Extracting primitive: Cylinder.394
17:53:21 | INFO: Primitives created: 1
17:53:21 | INFO: Extracting primitive: Cylinder.395
17:53:21 | INFO: Primitives created: 1
17:53:21 | INFO: Extracting primitive: Cylinder.397
17:53:21 | INFO: Primitives created: 1
17:53:21 | INFO: Extracting primitive: Cylinder.398
17:53:21 | INFO: Primitives created: 1
17:53:21 | INFO: Extracting primitive: Cylinder.400
17:53:21 | INFO: Primitives created: 1
17:53:21 | INFO: Extracting primitive: Cylinder.401
17:53:21 | INFO: Primitives created: 1
17:53:21 | INFO: Extracting primitive: Cylinder.403
17:53:21 | INFO: Primitives created: 1
17:53:21 | INFO: Extracting primitive: Cylinder.404
17:53:21 | INFO: Primitives created: 1
17:53:21 | INFO: Extracting primitive: Cylinder.406
17:53:21 | INFO: Primitives created: 1
17:53:21 | INFO: Extracting primitive: Cylinder.407
17:53:21 | INFO: Primitives created: 1
17:53:21 | INFO: Extracting primitive: Cylinder.409
17:53:21 | INFO: Primitives created: 1
17:53:21 | INFO: Extracting primitive: Cylinder.410
17:53:21 | INFO: Primitives created: 1
17:53:21 | INFO: Extracting primitive: Cylinder.412
17:53:21 | INFO: Primitives created: 1
17:53:21 | INFO: Extracting primitive: Cylinder.413
17:53:21 | INFO: Primitives created: 1
17:53:21 | INFO: Extracting primitive: Cylinder.415
17:53:21 | INFO: Primitives created: 1
17:53:21 | INFO: Extracting primitive: Cylinder.416
17:53:21 | INFO: Primitives created: 1
17:53:21 | INFO: Extracting primitive: Cylinder.418
17:53:21 | INFO: Primitives created: 1
17:53:21 | INFO: Extracting primitive: Cylinder.419
17:53:21 | INFO: Primitives created: 1
17:53:21 | INFO: Extracting primitive: Cylinder.421
17:53:21 | INFO: Primitives created: 1
17:53:21 | INFO: Extracting primitive: Cylinder.422
17:53:21 | INFO: Primitives created: 1
17:53:21 | INFO: Extracting primitive: Cylinder.424
17:53:21 | INFO: Primitives created: 1
17:53:21 | INFO: Extracting primitive: Cylinder.425
17:53:21 | INFO: Primitives created: 1
17:53:21 | INFO: Extracting primitive: Cylinder.427
17:53:21 | INFO: Primitives created: 1
17:53:21 | INFO: Extracting primitive: Cylinder.428
17:53:21 | INFO: Primitives created: 1
17:53:21 | INFO: Extracting primitive: Cylinder.430
17:53:21 | INFO: Primitives created: 1
17:53:21 | INFO: Extracting primitive: Cylinder.431
17:53:21 | INFO: Primitives created: 1
17:53:21 | INFO: Extracting primitive: Cylinder.433
17:53:21 | INFO: Primitives created: 1
17:53:21 | INFO: Extracting primitive: Cylinder.434
17:53:21 | INFO: Primitives created: 1
17:53:21 | INFO: Extracting primitive: Cylinder.436
17:53:21 | INFO: Primitives created: 1
17:53:21 | INFO: Extracting primitive: Cylinder.437
17:53:21 | INFO: Primitives created: 1
17:53:21 | INFO: Extracting primitive: Cylinder.439
17:53:21 | INFO: Primitives created: 1
17:53:21 | INFO: Extracting primitive: Cylinder.440
17:53:21 | INFO: Primitives created: 1
17:53:21 | INFO: Extracting primitive: Cylinder.442
17:53:21 | INFO: Primitives created: 1
17:53:21 | INFO: Extracting primitive: Cylinder.443
17:53:21 | INFO: Primitives created: 1
17:53:21 | INFO: Extracting primitive: Cylinder.445
17:53:21 | INFO: Primitives created: 1
17:53:21 | INFO: Extracting primitive: Cylinder.446
17:53:21 | INFO: Primitives created: 1
17:53:21 | INFO: Extracting primitive: Cylinder.448
17:53:21 | INFO: Primitives created: 1
17:53:21 | INFO: Extracting primitive: Cylinder.449
17:53:21 | INFO: Primitives created: 1
17:53:21 | INFO: Extracting primitive: Cylinder.451
17:53:21 | INFO: Primitives created: 1
17:53:21 | INFO: Extracting primitive: Cylinder.452
17:53:21 | INFO: Primitives created: 1
17:53:21 | INFO: Extracting primitive: Cylinder.454
17:53:21 | INFO: Primitives created: 1
17:53:21 | INFO: Extracting primitive: Cylinder.455
17:53:21 | INFO: Primitives created: 1
17:53:21 | INFO: Extracting primitive: Cylinder.457
17:53:21 | INFO: Primitives created: 1
17:53:21 | INFO: Extracting primitive: Cylinder.458
17:53:21 | INFO: Primitives created: 1
17:53:21 | INFO: Extracting primitive: Cylinder.460
17:53:21 | INFO: Primitives created: 1
17:53:21 | INFO: Extracting primitive: Cylinder.461
17:53:21 | INFO: Primitives created: 1
17:53:21 | INFO: Extracting primitive: Cylinder.463
17:53:21 | INFO: Primitives created: 1
17:53:21 | INFO: Extracting primitive: Cylinder.464
17:53:21 | INFO: Primitives created: 1
17:53:21 | INFO: Extracting primitive: Cylinder.466
17:53:21 | INFO: Primitives created: 1
17:53:21 | INFO: Extracting primitive: Cylinder.467
17:53:21 | INFO: Primitives created: 1
17:53:21 | INFO: Extracting primitive: Cylinder.469
17:53:21 | INFO: Primitives created: 1
17:53:21 | INFO: Extracting primitive: Cylinder.470
17:53:21 | INFO: Primitives created: 1
17:53:21 | INFO: Extracting primitive: Cylinder.472
17:53:21 | INFO: Primitives created: 1
17:53:21 | INFO: Extracting primitive: Cylinder.473
17:53:21 | INFO: Primitives created: 1
17:53:21 | INFO: Extracting primitive: Cylinder.475
17:53:21 | INFO: Primitives created: 1
17:53:21 | INFO: Extracting primitive: Cylinder.476
17:53:21 | INFO: Primitives created: 1
17:53:21 | INFO: Extracting primitive: Cylinder.478
17:53:21 | INFO: Primitives created: 1
17:53:21 | INFO: Extracting primitive: Cylinder.479
17:53:21 | INFO: Primitives created: 1
17:53:21 | INFO: Extracting primitive: Cylinder.481
17:53:21 | INFO: Primitives created: 1
17:53:21 | INFO: Extracting primitive: Cylinder.482
17:53:21 | INFO: Primitives created: 1
17:53:21 | INFO: Extracting primitive: Cylinder.484
17:53:21 | INFO: Primitives created: 1
17:53:21 | INFO: Extracting primitive: Cylinder.485
17:53:21 | INFO: Primitives created: 1
17:53:21 | INFO: Extracting primitive: Cylinder.487
17:53:21 | INFO: Primitives created: 1
17:53:21 | INFO: Extracting primitive: Cylinder.488
17:53:21 | INFO: Primitives created: 1
17:53:21 | INFO: Extracting primitive: Cylinder.490
17:53:21 | INFO: Primitives created: 1
17:53:21 | INFO: Extracting primitive: Cylinder.491
17:53:21 | INFO: Primitives created: 1
17:53:21 | INFO: Extracting primitive: Cylinder.493
17:53:21 | INFO: Primitives created: 1
17:53:21 | INFO: Extracting primitive: Cylinder.494
17:53:21 | INFO: Primitives created: 1
17:53:21 | INFO: Extracting primitive: Cylinder.496
17:53:21 | INFO: Primitives created: 1
17:53:21 | INFO: Extracting primitive: Cylinder.497
17:53:21 | INFO: Primitives created: 1
17:53:21 | INFO: Extracting primitive: Cylinder.499
17:53:21 | INFO: Primitives created: 1
17:53:21 | INFO: Extracting primitive: Cylinder.500
17:53:21 | INFO: Primitives created: 1
17:53:21 | INFO: Extracting primitive: Cylinder.502
17:53:21 | INFO: Primitives created: 1
17:53:21 | INFO: Extracting primitive: Cylinder.503
17:53:21 | INFO: Primitives created: 1
17:53:21 | INFO: Extracting primitive: Cylinder.505
17:53:21 | INFO: Primitives created: 1
17:53:21 | INFO: Extracting primitive: Cylinder.506
17:53:21 | INFO: Primitives created: 1
17:53:21 | INFO: Extracting primitive: Cylinder.508
17:53:21 | INFO: Primitives created: 1
17:53:21 | INFO: Extracting primitive: Cylinder.509
17:53:21 | INFO: Primitives created: 1
17:53:21 | INFO: Extracting primitive: Cylinder.210
17:53:21 | INFO: Primitives created: 1
17:53:21 | INFO: Extracting primitive: Cylinder.213
17:53:21 | INFO: Primitives created: 1
17:53:21 | INFO: Extracting primitive: Cylinder.216
17:53:21 | INFO: Primitives created: 1
17:53:21 | INFO: Extracting primitive: Cylinder.219
17:53:21 | INFO: Primitives created: 1
17:53:21 | INFO: Extracting primitive: Cylinder.222
17:53:21 | INFO: Primitives created: 1
17:53:21 | INFO: Extracting primitive: Cylinder.225
17:53:21 | INFO: Primitives created: 1
17:53:21 | INFO: Extracting primitive: Cylinder.228
17:53:21 | INFO: Primitives created: 1
17:53:21 | INFO: Extracting primitive: Cylinder.231
17:53:21 | INFO: Primitives created: 1
17:53:21 | INFO: Extracting primitive: Cylinder.234
17:53:21 | INFO: Primitives created: 1
17:53:21 | INFO: Extracting primitive: Cylinder.237
17:53:21 | INFO: Primitives created: 1
17:53:21 | INFO: Extracting primitive: Cylinder.240
17:53:21 | INFO: Primitives created: 1
17:53:21 | INFO: Extracting primitive: Cylinder.243
17:53:21 | INFO: Primitives created: 1
17:53:21 | INFO: Extracting primitive: Cylinder.246
17:53:21 | INFO: Primitives created: 1
17:53:21 | INFO: Extracting primitive: Cylinder.249
17:53:21 | INFO: Primitives created: 1
17:53:21 | INFO: Extracting primitive: Cylinder.252
17:53:21 | INFO: Primitives created: 1
17:53:21 | INFO: Extracting primitive: Cylinder.255
17:53:21 | INFO: Primitives created: 1
17:53:21 | INFO: Extracting primitive: Cylinder.258
17:53:21 | INFO: Primitives created: 1
17:53:21 | INFO: Extracting primitive: Cylinder.261
17:53:21 | INFO: Primitives created: 1
17:53:21 | INFO: Extracting primitive: Cylinder.264
17:53:21 | INFO: Primitives created: 1
17:53:21 | INFO: Extracting primitive: Cylinder.267
17:53:21 | INFO: Primitives created: 1
17:53:21 | INFO: Extracting primitive: Cylinder.270
17:53:21 | INFO: Primitives created: 1
17:53:21 | INFO: Extracting primitive: Cylinder.273
17:53:21 | INFO: Primitives created: 1
17:53:21 | INFO: Extracting primitive: Cylinder.276
17:53:21 | INFO: Primitives created: 1
17:53:21 | INFO: Extracting primitive: Cylinder.279
17:53:21 | INFO: Primitives created: 1
17:53:21 | INFO: Extracting primitive: Cylinder.282
17:53:21 | INFO: Primitives created: 1
17:53:21 | INFO: Extracting primitive: Cylinder.285
17:53:21 | INFO: Primitives created: 1
17:53:21 | INFO: Extracting primitive: Cylinder.288
17:53:21 | INFO: Primitives created: 1
17:53:21 | INFO: Extracting primitive: Cylinder.291
17:53:21 | INFO: Primitives created: 1
17:53:21 | INFO: Extracting primitive: Cylinder.294
17:53:21 | INFO: Primitives created: 1
17:53:21 | INFO: Extracting primitive: Cylinder.297
17:53:21 | INFO: Primitives created: 1
17:53:21 | INFO: Extracting primitive: Cylinder.300
17:53:21 | INFO: Primitives created: 1
17:53:21 | INFO: Extracting primitive: Cylinder.303
17:53:21 | INFO: Primitives created: 1
17:53:21 | INFO: Extracting primitive: Cylinder.306
17:53:21 | INFO: Primitives created: 1
17:53:21 | INFO: Extracting primitive: Cylinder.309
17:53:21 | INFO: Primitives created: 1
17:53:21 | INFO: Extracting primitive: Cylinder.312
17:53:21 | INFO: Primitives created: 1
17:53:21 | INFO: Extracting primitive: Cylinder.315
17:53:21 | INFO: Primitives created: 1
17:53:21 | INFO: Extracting primitive: Cylinder.318
17:53:21 | INFO: Primitives created: 1
17:53:21 | INFO: Extracting primitive: Cylinder.321
17:53:21 | INFO: Primitives created: 1
17:53:21 | INFO: Extracting primitive: Cylinder.324
17:53:21 | INFO: Primitives created: 1
17:53:21 | INFO: Extracting primitive: Cylinder.327
17:53:21 | INFO: Primitives created: 1
17:53:21 | INFO: Extracting primitive: Cylinder.330
17:53:21 | INFO: Primitives created: 1
17:53:21 | INFO: Extracting primitive: Cylinder.333
17:53:21 | INFO: Primitives created: 1
17:53:21 | INFO: Extracting primitive: Cylinder.336
17:53:21 | INFO: Primitives created: 1
17:53:21 | INFO: Extracting primitive: Cylinder.339
17:53:21 | INFO: Primitives created: 1
17:53:21 | INFO: Extracting primitive: Cylinder.342
17:53:21 | INFO: Primitives created: 1
17:53:21 | INFO: Extracting primitive: Cylinder.345
17:53:21 | INFO: Primitives created: 1
17:53:21 | INFO: Extracting primitive: Cylinder.348
17:53:21 | INFO: Primitives created: 1
17:53:21 | INFO: Extracting primitive: Cylinder.351
17:53:21 | INFO: Primitives created: 1
17:53:21 | INFO: Extracting primitive: Cylinder.354
17:53:21 | INFO: Primitives created: 1
17:53:21 | INFO: Extracting primitive: Cylinder.357
17:53:21 | INFO: Primitives created: 1
17:53:21 | INFO: Extracting primitive: Cylinder.360
17:53:21 | INFO: Primitives created: 1
17:53:21 | INFO: Extracting primitive: Cylinder.363
17:53:21 | INFO: Primitives created: 1
17:53:21 | INFO: Extracting primitive: Cylinder.366
17:53:21 | INFO: Primitives created: 1
17:53:21 | INFO: Extracting primitive: Cylinder.369
17:53:21 | INFO: Primitives created: 1
17:53:21 | INFO: Extracting primitive: Cylinder.372
17:53:21 | INFO: Primitives created: 1
17:53:21 | INFO: Extracting primitive: Cylinder.375
17:53:21 | INFO: Primitives created: 1
17:53:21 | INFO: Extracting primitive: Cylinder.378
17:53:21 | INFO: Primitives created: 1
17:53:21 | INFO: Extracting primitive: Cylinder.381
17:53:21 | INFO: Primitives created: 1
17:53:21 | INFO: Extracting primitive: Cylinder.384
17:53:21 | INFO: Primitives created: 1
17:53:21 | INFO: Extracting primitive: Cylinder.387
17:53:21 | INFO: Primitives created: 1
17:53:21 | INFO: Extracting primitive: Cylinder.390
17:53:21 | INFO: Primitives created: 1
17:53:21 | INFO: Extracting primitive: Cylinder.393
17:53:21 | INFO: Primitives created: 1
17:53:21 | INFO: Extracting primitive: Cylinder.396
17:53:21 | INFO: Primitives created: 1
17:53:21 | INFO: Extracting primitive: Cylinder.399
17:53:21 | INFO: Primitives created: 1
17:53:21 | INFO: Extracting primitive: Cylinder.402
17:53:21 | INFO: Primitives created: 1
17:53:21 | INFO: Extracting primitive: Cylinder.405
17:53:21 | INFO: Primitives created: 1
17:53:21 | INFO: Extracting primitive: Cylinder.408
17:53:21 | INFO: Primitives created: 1
17:53:21 | INFO: Extracting primitive: Cylinder.411
17:53:21 | INFO: Primitives created: 1
17:53:21 | INFO: Extracting primitive: Cylinder.414
17:53:21 | INFO: Primitives created: 1
17:53:21 | INFO: Extracting primitive: Cylinder.417
17:53:21 | INFO: Primitives created: 1
17:53:21 | INFO: Extracting primitive: Cylinder.420
17:53:21 | INFO: Primitives created: 1
17:53:21 | INFO: Extracting primitive: Cylinder.423
17:53:21 | INFO: Primitives created: 1
17:53:21 | INFO: Extracting primitive: Cylinder.426
17:53:21 | INFO: Primitives created: 1
17:53:21 | INFO: Extracting primitive: Cylinder.429
17:53:21 | INFO: Primitives created: 1
17:53:21 | INFO: Extracting primitive: Cylinder.432
17:53:21 | INFO: Primitives created: 1
17:53:21 | INFO: Extracting primitive: Cylinder.435
17:53:21 | INFO: Primitives created: 1
17:53:21 | INFO: Extracting primitive: Cylinder.438
17:53:21 | INFO: Primitives created: 1
17:53:21 | INFO: Extracting primitive: Cylinder.441
17:53:21 | INFO: Primitives created: 1
17:53:21 | INFO: Extracting primitive: Cylinder.444
17:53:21 | INFO: Primitives created: 1
17:53:21 | INFO: Extracting primitive: Cylinder.447
17:53:21 | INFO: Primitives created: 1
17:53:21 | INFO: Extracting primitive: Cylinder.450
17:53:21 | INFO: Primitives created: 1
17:53:21 | INFO: Extracting primitive: Cylinder.453
17:53:21 | INFO: Primitives created: 1
17:53:21 | INFO: Extracting primitive: Cylinder.456
17:53:21 | INFO: Primitives created: 1
17:53:21 | INFO: Extracting primitive: Cylinder.459
17:53:21 | INFO: Primitives created: 1
17:53:21 | INFO: Extracting primitive: Cylinder.462
17:53:21 | INFO: Primitives created: 1
17:53:21 | INFO: Extracting primitive: Cylinder.465
17:53:21 | INFO: Primitives created: 1
17:53:21 | INFO: Extracting primitive: Cylinder.468
17:53:21 | INFO: Primitives created: 1
17:53:21 | INFO: Extracting primitive: Cylinder.471
17:53:21 | INFO: Primitives created: 1
17:53:21 | INFO: Extracting primitive: Cylinder.474
17:53:21 | INFO: Primitives created: 1
17:53:21 | INFO: Extracting primitive: Cylinder.477
17:53:21 | INFO: Primitives created: 1
17:53:21 | INFO: Extracting primitive: Cylinder.480
17:53:21 | INFO: Primitives created: 1
17:53:21 | INFO: Extracting primitive: Cylinder.483
17:53:21 | INFO: Primitives created: 1
17:53:21 | INFO: Extracting primitive: Cylinder.486
17:53:21 | INFO: Primitives created: 1
17:53:21 | INFO: Extracting primitive: Cylinder.489
17:53:21 | INFO: Primitives created: 1
17:53:21 | INFO: Extracting primitive: Cylinder.492
17:53:21 | INFO: Primitives created: 1
17:53:21 | INFO: Extracting primitive: Cylinder.495
17:53:21 | INFO: Primitives created: 1
17:53:21 | INFO: Extracting primitive: Cylinder.498
17:53:21 | INFO: Primitives created: 1
17:53:21 | INFO: Extracting primitive: Cylinder.501
17:53:21 | INFO: Primitives created: 1
17:53:21 | INFO: Extracting primitive: Cylinder.504
17:53:21 | INFO: Primitives created: 1
17:53:21 | INFO: Extracting primitive: Cylinder.507
17:53:21 | INFO: Primitives created: 1
17:53:21 | INFO: Extracting primitive: Cylinder.145
17:53:21 | INFO: Primitives created: 1
17:53:21 | INFO: Extracting primitive: Cylinder.148
17:53:21 | INFO: Primitives created: 1
17:53:21 | INFO: Extracting primitive: Cylinder.129
17:53:21 | INFO: Primitives created: 1
17:53:21 | INFO: Extracting primitive: Cylinder.133
17:53:21 | INFO: Primitives created: 1
17:53:21 | INFO: Extracting primitive: cargo-west-fairlead-flange
17:53:21 | INFO: Primitives created: 1
17:53:21 | INFO: Extracting primitive: cargo-west-fairlead-flange.001
17:53:21 | INFO: Primitives created: 1
17:53:21 | INFO: Extracting primitive: cargo-west-fairlead-groove
17:53:21 | INFO: Primitives created: 1
17:53:21 | INFO: Extracting primitive: Cylinder.136
17:53:21 | INFO: Primitives created: 1
17:53:21 | INFO: Extracting primitive: Cylinder.132
17:53:21 | INFO: Primitives created: 1
17:53:21 | INFO: Extracting primitive: cargo-west-horizontal-fairlead-flange
17:53:21 | INFO: Primitives created: 1
17:53:21 | INFO: Extracting primitive: cargo-west-horizontal-fairlead-flange.001
17:53:21 | INFO: Primitives created: 1
17:53:21 | INFO: Extracting primitive: cargo-west-horizontal-fairlead-groove
17:53:21 | INFO: Primitives created: 1
17:53:21 | INFO: Extracting primitive: Cylinder.137
17:53:21 | INFO: Primitives created: 1
17:53:21 | INFO: Extracting primitive: Cylinder.127
17:53:21 | INFO: Primitives created: 1
17:53:21 | INFO: Extracting primitive: Cylinder.128
17:53:21 | INFO: Primitives created: 1
17:53:21 | INFO: Extracting primitive: Cylinder.126
17:53:21 | INFO: Primitives created: 1
17:53:21 | INFO: Extracting primitive: Cylinder.138
17:53:21 | INFO: Primitives created: 1
17:53:21 | INFO: Extracting primitive: cargo-storage-drum-core
17:53:21 | INFO: Primitives created: 1
17:53:21 | INFO: Extracting primitive: cargo-storage-drum-flange
17:53:21 | INFO: Primitives created: 1
17:53:21 | INFO: Extracting primitive: cargo-storage-drum-flange.001
17:53:21 | INFO: Primitives created: 1
17:53:21 | INFO: Extracting primitive: cargo-tail-collar-pivot-ear
17:53:21 | INFO: Primitives created: 1
17:53:21 | INFO: Extracting primitive: cargo-tail-collar-pivot-ear.001
17:53:21 | INFO: Primitives created: 1
17:53:21 | INFO: Extracting primitive: Cube.078
17:53:21 | INFO: Primitives created: 1
17:53:21 | INFO: Extracting primitive: Cube.079
17:53:21 | INFO: Primitives created: 1
17:53:21 | INFO: Extracting primitive: Cube.076
17:53:21 | INFO: Primitives created: 1
17:53:21 | INFO: Extracting primitive: Cube.077
17:53:21 | INFO: Primitives created: 1
17:53:21 | INFO: Extracting primitive: cargo-lower-block-bridle-eye
17:53:21 | INFO: Primitives created: 1
17:53:21 | INFO: Extracting primitive: Cube.084
17:53:21 | INFO: Primitives created: 1
17:53:21 | INFO: Extracting primitive: Cube.085
17:53:21 | INFO: Primitives created: 1
17:53:21 | INFO: Extracting primitive: Cylinder.573
17:53:21 | INFO: Primitives created: 1
17:53:21 | INFO: Extracting primitive: cargo-lower-load-sheave-flange
17:53:21 | INFO: Primitives created: 1
17:53:21 | INFO: Extracting primitive: cargo-lower-load-sheave-flange.001
17:53:21 | INFO: Primitives created: 1
17:53:21 | INFO: Extracting primitive: cargo-lower-load-sheave-groove
17:53:21 | INFO: Primitives created: 1
17:53:21 | INFO: Extracting primitive: Cube.082
17:53:21 | INFO: Primitives created: 1
17:53:21 | INFO: Extracting primitive: Cube.083
17:53:21 | INFO: Primitives created: 1
17:53:21 | INFO: Extracting primitive: Cube.080
17:53:21 | INFO: Primitives created: 1
17:53:21 | INFO: Extracting primitive: Cube.081
17:53:21 | INFO: Primitives created: 1
17:53:21 | INFO: Extracting primitive: cargo-upper-collar-sling-eye
17:53:21 | INFO: Primitives created: 1
17:53:21 | INFO: Extracting primitive: cargo-upper-collar-sling-eye.001
17:53:21 | INFO: Primitives created: 1
17:53:21 | INFO: Extracting primitive: Cylinder.1874
17:53:21 | INFO: Primitives created: 1
17:53:21 | INFO: Extracting primitive: east-guide-sheave-flange.016
17:53:21 | INFO: Primitives created: 1
17:53:21 | INFO: Extracting primitive: east-guide-sheave-flange.017
17:53:21 | INFO: Primitives created: 1
17:53:21 | INFO: Extracting primitive: east-guide-sheave-groove-floor.008
17:53:21 | INFO: Primitives created: 1
17:53:21 | INFO: Extracting primitive: Cube.1293
17:53:21 | INFO: Primitives created: 1
17:53:21 | INFO: Extracting primitive: Cube.1294
17:53:21 | INFO: Primitives created: 1
17:53:21 | INFO: Extracting primitive: Cube.1295
17:53:21 | INFO: Primitives created: 1
17:53:21 | INFO: Extracting primitive: Cube.1296
17:53:21 | INFO: Primitives created: 1
17:53:21 | INFO: Extracting primitive: Cylinder.1875
17:53:21 | INFO: Primitives created: 1
17:53:21 | INFO: Extracting primitive: east-upper-guide-sheave-flange.016
17:53:21 | INFO: Primitives created: 1
17:53:21 | INFO: Extracting primitive: east-upper-guide-sheave-flange.017
17:53:21 | INFO: Primitives created: 1
17:53:21 | INFO: Extracting primitive: east-upper-guide-sheave-groove-floor.008
17:53:21 | INFO: Primitives created: 1
17:53:21 | INFO: Extracting primitive: climb-input-crank-involute.010
17:53:21 | INFO: Primitives created: 1
17:53:21 | INFO: Extracting primitive: Cylinder.526
17:53:21 | INFO: Primitives created: 1
17:53:21 | INFO: Extracting primitive: Cylinder.527
17:53:21 | INFO: Primitives created: 1
17:53:21 | INFO: Extracting primitive: Cylinder.525
17:53:21 | INFO: Primitives created: 1
17:53:21 | INFO: Extracting primitive: climb-output-gear-involute.010
17:53:21 | INFO: Primitives created: 1
17:53:21 | INFO: Extracting primitive: Cylinder.1871
17:53:21 | INFO: Primitives created: 1
17:53:21 | INFO: Extracting primitive: Cylinder.1872
17:53:21 | INFO: Primitives created: 1
17:53:21 | INFO: Extracting primitive: climb-ratchet-wheel-involute.010
17:53:21 | INFO: Primitives created: 1
17:53:21 | INFO: Extracting primitive: Cube.1291
17:53:21 | INFO: Primitives created: 1
17:53:21 | INFO: Extracting primitive: Cube.1292
17:53:21 | INFO: Primitives created: 1
17:53:21 | INFO: Extracting primitive: Cylinder.1873
17:53:21 | INFO: Primitives created: 1
17:53:21 | INFO: Extracting primitive: west-guide-sheave-flange.016
17:53:21 | INFO: Primitives created: 1
17:53:21 | INFO: Extracting primitive: west-guide-sheave-flange.017
17:53:21 | INFO: Primitives created: 1
17:53:21 | INFO: Extracting primitive: west-guide-sheave-groove-floor.008
17:53:21 | INFO: Primitives created: 1
17:53:21 | INFO: Extracting primitive: Cylinder.1867
17:53:21 | INFO: Primitives created: 1
17:53:21 | INFO: Extracting primitive: winch-rope-flange.022
17:53:21 | INFO: Primitives created: 1
17:53:21 | INFO: Extracting primitive: winch-rope-flange.023
17:53:21 | INFO: Primitives created: 1
17:53:21 | INFO: Extracting primitive: Cube.1284
17:53:21 | INFO: Primitives created: 1
17:53:21 | INFO: Extracting primitive: Cube.1286
17:53:21 | INFO: Primitives created: 1
17:53:21 | INFO: Extracting primitive: Cube.1283
17:53:21 | INFO: Primitives created: 1
17:53:21 | INFO: Extracting primitive: Cube.1285
17:53:21 | INFO: Primitives created: 1
17:53:21 | INFO: Extracting primitive: Cube.1287
17:53:21 | INFO: Primitives created: 1
17:53:21 | INFO: Extracting primitive: Cylinder.1865
17:53:21 | INFO: Primitives created: 1
17:53:21 | INFO: Extracting primitive: Cylinder.1866
17:53:21 | INFO: Primitives created: 1
17:53:21 | INFO: Extracting primitive: Cube.1289
17:53:21 | INFO: Primitives created: 1
17:53:21 | INFO: Extracting primitive: Cube.1290
17:53:21 | INFO: Primitives created: 1
17:53:21 | INFO: Extracting primitive: Cylinder.1863
17:53:21 | INFO: Primitives created: 1
17:53:21 | INFO: Extracting primitive: Cylinder.1864
17:53:21 | INFO: Primitives created: 1
17:53:21 | INFO: Extracting primitive: Cylinder.1858
17:53:21 | INFO: Primitives created: 1
17:53:21 | INFO: Extracting primitive: Cylinder.1859
17:53:21 | INFO: Primitives created: 1
17:53:21 | INFO: Extracting primitive: Cylinder.1861
17:53:21 | INFO: Primitives created: 1
17:53:21 | INFO: Extracting primitive: Cylinder.1862
17:53:21 | INFO: Primitives created: 1
17:53:21 | INFO: Extracting primitive: Cylinder.1860
17:53:21 | INFO: Primitives created: 1
17:53:21 | INFO: Extracting primitive: Cube.1288
17:53:21 | INFO: Primitives created: 1
17:53:21 | INFO: Extracting primitive: Cylinder.1738
17:53:21 | INFO: Primitives created: 1
17:53:21 | INFO: Extracting primitive: Cylinder.1739
17:53:21 | INFO: Primitives created: 1
17:53:21 | INFO: Extracting primitive: Cube.1207
17:53:21 | INFO: Primitives created: 1
17:53:21 | INFO: Extracting primitive: Cube.1208
17:53:21 | INFO: Primitives created: 1
17:53:21 | INFO: Extracting primitive: Cube.1209
17:53:21 | INFO: Primitives created: 1
17:53:21 | INFO: Extracting primitive: Cube.1210
17:53:21 | INFO: Primitives created: 1
17:53:21 | INFO: Extracting primitive: Cylinder.1748
17:53:21 | INFO: Primitives created: 1
17:53:21 | INFO: Extracting primitive: Cylinder.1750
17:53:21 | INFO: Primitives created: 1
17:53:21 | INFO: Extracting primitive: Cylinder.1759
17:53:21 | INFO: Primitives created: 1
17:53:21 | INFO: Extracting primitive: Cylinder.1761
17:53:21 | INFO: Primitives created: 1
17:53:21 | INFO: Extracting primitive: Cylinder.1747
17:53:21 | INFO: Primitives created: 1
17:53:21 | INFO: Extracting primitive: Cylinder.1744
17:53:21 | INFO: Primitives created: 1
17:53:21 | INFO: Extracting primitive: Cylinder.1746
17:53:21 | INFO: Primitives created: 1
17:53:21 | INFO: Extracting primitive: Cylinder.1754
17:53:21 | INFO: Primitives created: 1
17:53:21 | INFO: Extracting primitive: hinge-pin-pull-eye.088
17:53:21 | INFO: Primitives created: 1
17:53:21 | INFO: Extracting primitive: leaf-hinge-knuckle.072
17:53:21 | INFO: Primitives created: 1
17:53:21 | INFO: Extracting primitive: Cylinder.1752
17:53:21 | INFO: Primitives created: 1
17:53:21 | INFO: Extracting primitive: Cube.1216
17:53:21 | INFO: Primitives created: 1
17:53:21 | INFO: Extracting primitive: Cube.1213
17:53:21 | INFO: Primitives created: 1
17:53:21 | INFO: Extracting primitive: Cube.1211
17:53:21 | INFO: Primitives created: 1
17:53:21 | INFO: Extracting primitive: Cube.1212
17:53:21 | INFO: Primitives created: 1
17:53:21 | INFO: Extracting primitive: Cylinder.1758
17:53:21 | INFO: Primitives created: 1
17:53:21 | INFO: Extracting primitive: Cylinder.1755
17:53:21 | INFO: Primitives created: 1
17:53:21 | INFO: Extracting primitive: Cylinder.1757
17:53:21 | INFO: Primitives created: 1
17:53:21 | INFO: Extracting primitive: Cylinder.1765
17:53:21 | INFO: Primitives created: 1
17:53:21 | INFO: Extracting primitive: hinge-pin-pull-eye.089
17:53:21 | INFO: Primitives created: 1
17:53:21 | INFO: Extracting primitive: leaf-hinge-knuckle.073
17:53:21 | INFO: Primitives created: 1
17:53:21 | INFO: Extracting primitive: Cylinder.1763
17:53:21 | INFO: Primitives created: 1
17:53:21 | INFO: Extracting primitive: Cube.1222
17:53:21 | INFO: Primitives created: 1
17:53:21 | INFO: Extracting primitive: Cube.1219
17:53:21 | INFO: Primitives created: 1
17:53:21 | INFO: Extracting primitive: Cube.1217
17:53:21 | INFO: Primitives created: 1
17:53:21 | INFO: Extracting primitive: Cube.1218
17:53:21 | INFO: Primitives created: 1
17:53:21 | INFO: Extracting primitive: Cylinder.1743
17:53:21 | INFO: Primitives created: 1
17:53:21 | INFO: Extracting primitive: Cylinder.1742
17:53:21 | INFO: Primitives created: 1
17:53:21 | INFO: Extracting primitive: Cylinder.1740
17:53:21 | INFO: Primitives created: 1
17:53:21 | INFO: Extracting primitive: Cylinder.1741
17:53:21 | INFO: Primitives created: 1
17:53:21 | INFO: Extracting primitive: Cube.1214
17:53:21 | INFO: Primitives created: 1
17:53:21 | INFO: Extracting primitive: Cube.1215
17:53:21 | INFO: Primitives created: 1
17:53:21 | INFO: Extracting primitive: Cube.1220
17:53:21 | INFO: Primitives created: 1
17:53:21 | INFO: Extracting primitive: Cube.1221
17:53:21 | INFO: Primitives created: 1
17:53:21 | INFO: Extracting primitive: Cube.1203
17:53:21 | INFO: Primitives created: 1
17:53:21 | INFO: Extracting primitive: Cube.1204
17:53:21 | INFO: Primitives created: 1
17:53:21 | INFO: Extracting primitive: Cube.1205
17:53:21 | INFO: Primitives created: 1
17:53:21 | INFO: Extracting primitive: Cube.1206
17:53:21 | INFO: Primitives created: 1
17:53:21 | INFO: Extracting primitive: Cylinder.1766
17:53:21 | INFO: Primitives created: 1
17:53:21 | INFO: Extracting primitive: Cylinder.1767
17:53:21 | INFO: Primitives created: 1
17:53:21 | INFO: Extracting primitive: Cube.1227
17:53:21 | INFO: Primitives created: 1
17:53:21 | INFO: Extracting primitive: Cube.1228
17:53:21 | INFO: Primitives created: 1
17:53:21 | INFO: Extracting primitive: Cube.1229
17:53:21 | INFO: Primitives created: 1
17:53:21 | INFO: Extracting primitive: Cube.1230
17:53:21 | INFO: Primitives created: 1
17:53:21 | INFO: Extracting primitive: Cylinder.1777
17:53:21 | INFO: Primitives created: 1
17:53:21 | INFO: Extracting primitive: Cylinder.1779
17:53:21 | INFO: Primitives created: 1
17:53:21 | INFO: Extracting primitive: Cylinder.1791
17:53:21 | INFO: Primitives created: 1
17:53:21 | INFO: Extracting primitive: Cylinder.1793
17:53:21 | INFO: Primitives created: 1
17:53:21 | INFO: Extracting primitive: Cylinder.1775
17:53:21 | INFO: Primitives created: 1
17:53:21 | INFO: Extracting primitive: Cylinder.1772
17:53:21 | INFO: Primitives created: 1
17:53:21 | INFO: Extracting primitive: Cylinder.1774
17:53:21 | INFO: Primitives created: 1
17:53:21 | INFO: Extracting primitive: axial-control-eye.022
17:53:21 | INFO: Primitives created: 1
17:53:21 | INFO: Extracting primitive: Cylinder.1785
17:53:21 | INFO: Primitives created: 1
17:53:21 | INFO: Extracting primitive: Cylinder.1784
17:53:21 | INFO: Primitives created: 1
17:53:21 | INFO: Extracting primitive: Cylinder.1783
17:53:21 | INFO: Primitives created: 1
17:53:21 | INFO: Extracting primitive: hinge-pin-pull-eye.090
17:53:21 | INFO: Primitives created: 1
17:53:21 | INFO: Extracting primitive: leaf-hinge-knuckle.074
17:53:21 | INFO: Primitives created: 1
17:53:21 | INFO: Extracting primitive: Cylinder.1781
17:53:21 | INFO: Primitives created: 1
17:53:21 | INFO: Extracting primitive: Cube.1236
17:53:21 | INFO: Primitives created: 1
17:53:21 | INFO: Extracting primitive: Cube.1233
17:53:21 | INFO: Primitives created: 1
17:53:21 | INFO: Extracting primitive: Cube.1231
17:53:21 | INFO: Primitives created: 1
17:53:21 | INFO: Extracting primitive: Cube.1232
17:53:21 | INFO: Primitives created: 1
17:53:21 | INFO: Extracting primitive: Cylinder.1789
17:53:21 | INFO: Primitives created: 1
17:53:21 | INFO: Extracting primitive: Cylinder.1786
17:53:21 | INFO: Primitives created: 1
17:53:21 | INFO: Extracting primitive: Cylinder.1788
17:53:21 | INFO: Primitives created: 1
17:53:21 | INFO: Extracting primitive: Cylinder.1797
17:53:21 | INFO: Primitives created: 1
17:53:21 | INFO: Extracting primitive: hinge-pin-pull-eye.091
17:53:21 | INFO: Primitives created: 1
17:53:21 | INFO: Extracting primitive: leaf-hinge-knuckle.075
17:53:21 | INFO: Primitives created: 1
17:53:21 | INFO: Extracting primitive: Cylinder.1795
17:53:21 | INFO: Primitives created: 1
17:53:21 | INFO: Extracting primitive: Cube.1242
17:53:21 | INFO: Primitives created: 1
17:53:21 | INFO: Extracting primitive: Cube.1239
17:53:21 | INFO: Primitives created: 1
17:53:21 | INFO: Extracting primitive: Cube.1237
17:53:21 | INFO: Primitives created: 1
17:53:21 | INFO: Extracting primitive: Cube.1238
17:53:21 | INFO: Primitives created: 1
17:53:21 | INFO: Extracting primitive: Cylinder.1771
17:53:21 | INFO: Primitives created: 1
17:53:21 | INFO: Extracting primitive: Cylinder.1770
17:53:21 | INFO: Primitives created: 1
17:53:21 | INFO: Extracting primitive: Cylinder.1768
17:53:21 | INFO: Primitives created: 1
17:53:21 | INFO: Extracting primitive: Cylinder.1769
17:53:21 | INFO: Primitives created: 1
17:53:21 | INFO: Extracting primitive: Cube.1234
17:53:21 | INFO: Primitives created: 1
17:53:21 | INFO: Extracting primitive: Cube.1235
17:53:21 | INFO: Primitives created: 1
17:53:21 | INFO: Extracting primitive: Cube.1240
17:53:21 | INFO: Primitives created: 1
17:53:21 | INFO: Extracting primitive: Cube.1241
17:53:21 | INFO: Primitives created: 1
17:53:21 | INFO: Extracting primitive: Cube.1223
17:53:21 | INFO: Primitives created: 1
17:53:21 | INFO: Extracting primitive: Cube.1224
17:53:21 | INFO: Primitives created: 1
17:53:21 | INFO: Extracting primitive: Cube.1225
17:53:21 | INFO: Primitives created: 1
17:53:21 | INFO: Extracting primitive: Cube.1226
17:53:21 | INFO: Primitives created: 1
17:53:21 | INFO: Extracting primitive: Cylinder.1798
17:53:21 | INFO: Primitives created: 1
17:53:21 | INFO: Extracting primitive: Cylinder.1799
17:53:21 | INFO: Primitives created: 1
17:53:21 | INFO: Extracting primitive: Cube.1247
17:53:21 | INFO: Primitives created: 1
17:53:21 | INFO: Extracting primitive: Cube.1248
17:53:21 | INFO: Primitives created: 1
17:53:21 | INFO: Extracting primitive: Cube.1249
17:53:21 | INFO: Primitives created: 1
17:53:21 | INFO: Extracting primitive: Cube.1250
17:53:21 | INFO: Primitives created: 1
17:53:21 | INFO: Extracting primitive: Cylinder.1808
17:53:21 | INFO: Primitives created: 1
17:53:21 | INFO: Extracting primitive: Cylinder.1810
17:53:21 | INFO: Primitives created: 1
17:53:21 | INFO: Extracting primitive: Cylinder.1819
17:53:21 | INFO: Primitives created: 1
17:53:21 | INFO: Extracting primitive: Cylinder.1821
17:53:21 | INFO: Primitives created: 1
17:53:21 | INFO: Extracting primitive: Cylinder.1807
17:53:21 | INFO: Primitives created: 1
17:53:21 | INFO: Extracting primitive: Cylinder.1804
17:53:21 | INFO: Primitives created: 1
17:53:21 | INFO: Extracting primitive: Cylinder.1806
17:53:21 | INFO: Primitives created: 1
17:53:21 | INFO: Extracting primitive: Cylinder.1814
17:53:21 | INFO: Primitives created: 1
17:53:21 | INFO: Extracting primitive: hinge-pin-pull-eye.092
17:53:21 | INFO: Primitives created: 1
17:53:21 | INFO: Extracting primitive: leaf-hinge-knuckle.076
17:53:21 | INFO: Primitives created: 1
17:53:21 | INFO: Extracting primitive: Cylinder.1812
17:53:21 | INFO: Primitives created: 1
17:53:21 | INFO: Extracting primitive: Cube.1256
17:53:21 | INFO: Primitives created: 1
17:53:21 | INFO: Extracting primitive: Cube.1253
17:53:21 | INFO: Primitives created: 1
17:53:21 | INFO: Extracting primitive: Cube.1251
17:53:21 | INFO: Primitives created: 1
17:53:21 | INFO: Extracting primitive: Cube.1252
17:53:21 | INFO: Primitives created: 1
17:53:21 | INFO: Extracting primitive: Cylinder.1818
17:53:21 | INFO: Primitives created: 1
17:53:21 | INFO: Extracting primitive: Cylinder.1815
17:53:21 | INFO: Primitives created: 1
17:53:21 | INFO: Extracting primitive: Cylinder.1817
17:53:21 | INFO: Primitives created: 1
17:53:21 | INFO: Extracting primitive: Cylinder.1825
17:53:21 | INFO: Primitives created: 1
17:53:21 | INFO: Extracting primitive: hinge-pin-pull-eye.093
17:53:21 | INFO: Primitives created: 1
17:53:21 | INFO: Extracting primitive: leaf-hinge-knuckle.077
17:53:21 | INFO: Primitives created: 1
17:53:21 | INFO: Extracting primitive: Cylinder.1823
17:53:21 | INFO: Primitives created: 1
17:53:21 | INFO: Extracting primitive: Cube.1262
17:53:21 | INFO: Primitives created: 1
17:53:21 | INFO: Extracting primitive: Cube.1259
17:53:21 | INFO: Primitives created: 1
17:53:21 | INFO: Extracting primitive: Cube.1257
17:53:21 | INFO: Primitives created: 1
17:53:21 | INFO: Extracting primitive: Cube.1258
17:53:21 | INFO: Primitives created: 1
17:53:21 | INFO: Extracting primitive: Cylinder.1803
17:53:21 | INFO: Primitives created: 1
17:53:21 | INFO: Extracting primitive: Cylinder.1802
17:53:21 | INFO: Primitives created: 1
17:53:21 | INFO: Extracting primitive: Cylinder.1800
17:53:21 | INFO: Primitives created: 1
17:53:21 | INFO: Extracting primitive: Cylinder.1801
17:53:21 | INFO: Primitives created: 1
17:53:21 | INFO: Extracting primitive: Cube.1254
17:53:21 | INFO: Primitives created: 1
17:53:21 | INFO: Extracting primitive: Cube.1255
17:53:21 | INFO: Primitives created: 1
17:53:21 | INFO: Extracting primitive: Cube.1260
17:53:21 | INFO: Primitives created: 1
17:53:21 | INFO: Extracting primitive: Cube.1261
17:53:21 | INFO: Primitives created: 1
17:53:21 | INFO: Extracting primitive: Cube.1243
17:53:21 | INFO: Primitives created: 1
17:53:21 | INFO: Extracting primitive: Cube.1244
17:53:21 | INFO: Primitives created: 1
17:53:21 | INFO: Extracting primitive: Cube.1245
17:53:21 | INFO: Primitives created: 1
17:53:21 | INFO: Extracting primitive: Cube.1246
17:53:21 | INFO: Primitives created: 1
17:53:21 | INFO: Extracting primitive: Cylinder.1826
17:53:21 | INFO: Primitives created: 1
17:53:21 | INFO: Extracting primitive: Cylinder.1827
17:53:21 | INFO: Primitives created: 1
17:53:21 | INFO: Extracting primitive: Cube.1267
17:53:21 | INFO: Primitives created: 1
17:53:21 | INFO: Extracting primitive: Cube.1268
17:53:21 | INFO: Primitives created: 1
17:53:21 | INFO: Extracting primitive: Cube.1269
17:53:21 | INFO: Primitives created: 1
17:53:21 | INFO: Extracting primitive: Cube.1270
17:53:21 | INFO: Primitives created: 1
17:53:21 | INFO: Extracting primitive: Cylinder.1837
17:53:21 | INFO: Primitives created: 1
17:53:21 | INFO: Extracting primitive: Cylinder.1839
17:53:21 | INFO: Primitives created: 1
17:53:21 | INFO: Extracting primitive: Cylinder.1851
17:53:21 | INFO: Primitives created: 1
17:53:21 | INFO: Extracting primitive: Cylinder.1853
17:53:21 | INFO: Primitives created: 1
17:53:21 | INFO: Extracting primitive: Cylinder.1835
17:53:21 | INFO: Primitives created: 1
17:53:21 | INFO: Extracting primitive: Cylinder.1832
17:53:21 | INFO: Primitives created: 1
17:53:21 | INFO: Extracting primitive: Cylinder.1834
17:53:21 | INFO: Primitives created: 1
17:53:21 | INFO: Extracting primitive: axial-control-eye.023
17:53:21 | INFO: Primitives created: 1
17:53:21 | INFO: Extracting primitive: Cylinder.1845
17:53:21 | INFO: Primitives created: 1
17:53:21 | INFO: Extracting primitive: Cylinder.1844
17:53:21 | INFO: Primitives created: 1
17:53:21 | INFO: Extracting primitive: Cylinder.1843
17:53:21 | INFO: Primitives created: 1
17:53:21 | INFO: Extracting primitive: hinge-pin-pull-eye.094
17:53:21 | INFO: Primitives created: 1
17:53:21 | INFO: Extracting primitive: leaf-hinge-knuckle.078
17:53:21 | INFO: Primitives created: 1
17:53:21 | INFO: Extracting primitive: Cylinder.1841
17:53:21 | INFO: Primitives created: 1
17:53:21 | INFO: Extracting primitive: Cube.1276
17:53:21 | INFO: Primitives created: 1
17:53:21 | INFO: Extracting primitive: Cube.1273
17:53:21 | INFO: Primitives created: 1
17:53:21 | INFO: Extracting primitive: Cube.1271
17:53:21 | INFO: Primitives created: 1
17:53:21 | INFO: Extracting primitive: Cube.1272
17:53:21 | INFO: Primitives created: 1
17:53:21 | INFO: Extracting primitive: Cylinder.1849
17:53:21 | INFO: Primitives created: 1
17:53:21 | INFO: Extracting primitive: Cylinder.1846
17:53:21 | INFO: Primitives created: 1
17:53:21 | INFO: Extracting primitive: Cylinder.1848
17:53:21 | INFO: Primitives created: 1
17:53:21 | INFO: Extracting primitive: Cylinder.1857
17:53:21 | INFO: Primitives created: 1
17:53:21 | INFO: Extracting primitive: hinge-pin-pull-eye.095
17:53:21 | INFO: Primitives created: 1
17:53:21 | INFO: Extracting primitive: leaf-hinge-knuckle.079
17:53:21 | INFO: Primitives created: 1
17:53:21 | INFO: Extracting primitive: Cylinder.1855
17:53:21 | INFO: Primitives created: 1
17:53:21 | INFO: Extracting primitive: Cube.1282
17:53:21 | INFO: Primitives created: 1
17:53:21 | INFO: Extracting primitive: Cube.1279
17:53:21 | INFO: Primitives created: 1
17:53:21 | INFO: Extracting primitive: Cube.1277
17:53:21 | INFO: Primitives created: 1
17:53:21 | INFO: Extracting primitive: Cube.1278
17:53:21 | INFO: Primitives created: 1
17:53:21 | INFO: Extracting primitive: Cylinder.1831
17:53:21 | INFO: Primitives created: 1
17:53:21 | INFO: Extracting primitive: Cylinder.1830
17:53:21 | INFO: Primitives created: 1
17:53:21 | INFO: Extracting primitive: Cylinder.1828
17:53:21 | INFO: Primitives created: 1
17:53:21 | INFO: Extracting primitive: Cylinder.1829
17:53:21 | INFO: Primitives created: 1
17:53:21 | INFO: Extracting primitive: Cube.1274
17:53:21 | INFO: Primitives created: 1
17:53:21 | INFO: Extracting primitive: Cube.1275
17:53:21 | INFO: Primitives created: 1
17:53:21 | INFO: Extracting primitive: Cube.1280
17:53:21 | INFO: Primitives created: 1
17:53:21 | INFO: Extracting primitive: Cube.1281
17:53:21 | INFO: Primitives created: 1
17:53:21 | INFO: Extracting primitive: Cube.1263
17:53:21 | INFO: Primitives created: 1
17:53:21 | INFO: Extracting primitive: Cube.1264
17:53:21 | INFO: Primitives created: 1
17:53:21 | INFO: Extracting primitive: Cube.1265
17:53:21 | INFO: Primitives created: 1
17:53:21 | INFO: Extracting primitive: Cube.1266
17:53:21 | INFO: Primitives created: 1
17:53:21 | INFO: Extracting primitive: Cylinder.1876
17:53:21 | INFO: Primitives created: 1
17:53:21 | INFO: Extracting primitive: Cylinder.1877
17:53:21 | INFO: Primitives created: 1
17:53:21 | INFO: Extracting primitive: Cylinder.1878
17:53:21 | INFO: Primitives created: 1
17:53:21 | INFO: Extracting primitive: Cylinder.1879
17:53:21 | INFO: Primitives created: 1
17:53:21 | INFO: Extracting primitive: Cylinder.1880
17:53:21 | INFO: Primitives created: 1
17:53:21 | INFO: Extracting primitive: Cylinder.1881
17:53:21 | INFO: Primitives created: 1
17:53:21 | INFO: Extracting primitive: Cylinder.1882
17:53:21 | INFO: Primitives created: 1
17:53:21 | INFO: Extracting primitive: Cylinder.1883
17:53:21 | INFO: Primitives created: 1
17:53:21 | INFO: Extracting primitive: Cube.1298
17:53:21 | INFO: Primitives created: 1
17:53:21 | INFO: Extracting primitive: Cube.1300
17:53:21 | INFO: Primitives created: 1
17:53:21 | INFO: Extracting primitive: Cylinder.1884
17:53:21 | INFO: Primitives created: 1
17:53:21 | INFO: Extracting primitive: Cylinder.1885
17:53:21 | INFO: Primitives created: 1
17:53:21 | INFO: Extracting primitive: Cylinder.1886
17:53:21 | INFO: Primitives created: 1
17:53:21 | INFO: Extracting primitive: Cylinder.1887
17:53:21 | INFO: Primitives created: 1
17:53:21 | INFO: Extracting primitive: Cylinder.1888
17:53:21 | INFO: Primitives created: 1
17:53:21 | INFO: Extracting primitive: Cylinder.1889
17:53:21 | INFO: Primitives created: 1
17:53:21 | INFO: Extracting primitive: Cylinder.1890
17:53:21 | INFO: Primitives created: 1
17:53:21 | INFO: Extracting primitive: Cylinder.1891
17:53:21 | INFO: Primitives created: 1
17:53:21 | INFO: Extracting primitive: Cylinder.1892
17:53:21 | INFO: Primitives created: 1
17:53:21 | INFO: Extracting primitive: Cylinder.1893
17:53:21 | INFO: Primitives created: 1
17:53:21 | INFO: Extracting primitive: Cylinder.1894
17:53:21 | INFO: Primitives created: 1
17:53:21 | INFO: Extracting primitive: Cylinder.1895
17:53:21 | INFO: Primitives created: 1
17:53:21 | INFO: Extracting primitive: Cylinder.1896
17:53:21 | INFO: Primitives created: 1
17:53:21 | INFO: Extracting primitive: Cylinder.1897
17:53:21 | INFO: Primitives created: 1
17:53:21 | INFO: Extracting primitive: Cylinder.1898
17:53:21 | INFO: Primitives created: 1
17:53:21 | INFO: Extracting primitive: Cylinder.1899
17:53:21 | INFO: Primitives created: 1
17:53:21 | INFO: Extracting primitive: Cylinder.1900
17:53:21 | INFO: Primitives created: 1
17:53:21 | INFO: Extracting primitive: Cylinder.1901
17:53:21 | INFO: Primitives created: 1
17:53:21 | INFO: Extracting primitive: Cylinder.1902
17:53:21 | INFO: Primitives created: 1
17:53:21 | INFO: Extracting primitive: Cylinder.1903
17:53:21 | INFO: Primitives created: 1
17:53:21 | INFO: Extracting primitive: Cylinder.1904
17:53:21 | INFO: Primitives created: 1
17:53:21 | INFO: Extracting primitive: Cylinder.1905
17:53:21 | INFO: Primitives created: 1
17:53:21 | INFO: Extracting primitive: Cylinder.1906
17:53:21 | INFO: Primitives created: 1
17:53:21 | INFO: Extracting primitive: Cylinder.1907
17:53:21 | INFO: Primitives created: 1
17:53:21 | INFO: Extracting primitive: Cube.1297
17:53:21 | INFO: Primitives created: 1
17:53:21 | INFO: Extracting primitive: Cube.1299
17:53:21 | INFO: Primitives created: 1
17:53:21 | INFO: Extracting primitive: Cube.053
17:53:21 | INFO: Primitives created: 1
17:53:21 | INFO: Extracting primitive: Cube.054
17:53:21 | INFO: Primitives created: 1
17:53:21 | INFO: Extracting primitive: Cube.057
17:53:21 | INFO: Primitives created: 1
17:53:21 | INFO: Extracting primitive: Cube.058
17:53:21 | INFO: Primitives created: 1
17:53:21 | INFO: Extracting primitive: Cylinder.528
17:53:21 | INFO: Primitives created: 1
17:53:21 | INFO: Extracting primitive: Cylinder.529
17:53:21 | INFO: Primitives created: 1
17:53:21 | INFO: Extracting primitive: Cube.051
17:53:21 | INFO: Primitives created: 1
17:53:21 | INFO: Extracting primitive: Cube.052
17:53:21 | INFO: Primitives created: 1
17:53:21 | INFO: Extracting primitive: Cube.055
17:53:21 | INFO: Primitives created: 1
17:53:21 | INFO: Extracting primitive: Cube.056
17:53:21 | INFO: Primitives created: 1
17:53:21 | INFO: Extracting primitive: Cylinder.530
17:53:21 | INFO: Primitives created: 1
17:53:21 | INFO: Extracting primitive: cargo-annular-bearing-hub
17:53:21 | INFO: Primitives created: 1
17:53:21 | INFO: Extracting primitive: cargo-annular-flange
17:53:21 | INFO: Primitives created: 1
17:53:21 | INFO: Extracting primitive: cargo-annular-flange.001
17:53:21 | INFO: Primitives created: 1
17:53:21 | INFO: Extracting primitive: cargo-annular-groove
17:53:21 | INFO: Primitives created: 1
17:53:21 | INFO: Extracting primitive: Cylinder.096
17:53:21 | INFO: Primitives created: 1
17:53:21 | INFO: Extracting primitive: Cylinder.097
17:53:21 | INFO: Primitives created: 1
17:53:21 | INFO: Extracting primitive: Cylinder.098
17:53:21 | INFO: Primitives created: 1
17:53:21 | INFO: Extracting primitive: Cylinder.099
17:53:21 | INFO: Primitives created: 1
17:53:21 | INFO: Extracting primitive: Cylinder.100
17:53:21 | INFO: Primitives created: 1
17:53:21 | INFO: Extracting primitive: Cylinder.101
17:53:21 | INFO: Primitives created: 1
17:53:21 | INFO: Extracting primitive: Cylinder.102
17:53:21 | INFO: Primitives created: 1
17:53:21 | INFO: Extracting primitive: Cylinder.103
17:53:21 | INFO: Primitives created: 1
17:53:21 | INFO: Extracting primitive: Cube.030
17:53:21 | INFO: Primitives created: 1
17:53:21 | INFO: Extracting primitive: Cube.031
17:53:21 | INFO: Primitives created: 1
17:53:21 | INFO: Extracting primitive: Cube.032
17:53:21 | INFO: Primitives created: 1
17:53:21 | INFO: Extracting primitive: Cube.033
17:53:21 | INFO: Primitives created: 1
17:53:21 | INFO: Extracting primitive: cargo-annular-support-shoulder
17:53:21 | INFO: Primitives created: 1
17:53:21 | INFO: Extracting primitive: Cylinder.106
17:53:21 | INFO: Primitives created: 1
17:53:21 | INFO: Extracting primitive: Cylinder.105
17:53:21 | INFO: Primitives created: 1
17:53:21 | INFO: Extracting primitive: Cylinder.104
17:53:21 | INFO: Primitives created: 1
17:53:21 | INFO: Extracting primitive: cargo-fixed-head-entry-flange
17:53:21 | INFO: Primitives created: 1
17:53:21 | INFO: Extracting primitive: cargo-fixed-head-entry-flange.001
17:53:21 | INFO: Primitives created: 1
17:53:21 | INFO: Extracting primitive: cargo-fixed-head-entry-groove
17:53:21 | INFO: Primitives created: 1
17:53:21 | INFO: Extracting primitive: Cylinder.087
17:53:21 | INFO: Primitives created: 1
17:53:21 | INFO: Extracting primitive: Cylinder.089
17:53:21 | INFO: Primitives created: 1
17:53:21 | INFO: Extracting primitive: Cylinder.091
17:53:21 | INFO: Primitives created: 1
17:53:21 | INFO: Extracting primitive: Cylinder.092
17:53:21 | INFO: Primitives created: 1
17:53:21 | INFO: Extracting primitive: cargo-fixed-thrust-bearing
17:53:21 | INFO: Primitives created: 1
17:53:21 | INFO: Extracting primitive: Cube.002
17:53:21 | INFO: Primitives created: 1
17:53:21 | INFO: Extracting primitive: Cube.003
17:53:21 | INFO: Primitives created: 1
17:53:21 | INFO: Extracting primitive: Cylinder.002
17:53:21 | INFO: Primitives created: 1
17:53:21 | INFO: Extracting primitive: Cylinder.003
17:53:21 | INFO: Primitives created: 1
17:53:21 | INFO: Extracting primitive: Cylinder.004
17:53:21 | INFO: Primitives created: 1
17:53:21 | INFO: Extracting primitive: Cylinder.005
17:53:21 | INFO: Primitives created: 1
17:53:21 | INFO: Extracting primitive: Cube.025
17:53:21 | INFO: Primitives created: 1
17:53:21 | INFO: Extracting primitive: Cube.026
17:53:21 | INFO: Primitives created: 1
17:53:21 | INFO: Extracting primitive: Cylinder.088
17:53:21 | INFO: Primitives created: 1
17:53:21 | INFO: Extracting primitive: Cylinder.090
17:53:21 | INFO: Primitives created: 1
17:53:21 | INFO: Extracting primitive: Cylinder.012
17:53:21 | INFO: Primitives created: 1
17:53:21 | INFO: Extracting primitive: Cylinder.109
17:53:21 | INFO: Primitives created: 1
17:53:21 | INFO: Extracting primitive: cargo-heel-feed-flange
17:53:21 | INFO: Primitives created: 1
17:53:21 | INFO: Extracting primitive: cargo-heel-feed-flange.001
17:53:21 | INFO: Primitives created: 1
17:53:21 | INFO: Extracting primitive: cargo-heel-feed-groove
17:53:21 | INFO: Primitives created: 1
17:53:21 | INFO: Extracting primitive: Cube.034
17:53:21 | INFO: Primitives created: 1
17:53:21 | INFO: Extracting primitive: Cube.035
17:53:21 | INFO: Primitives created: 1
17:53:21 | INFO: Extracting primitive: Cylinder.112
17:53:21 | INFO: Primitives created: 1
17:53:21 | INFO: Extracting primitive: Cylinder.111
17:53:21 | INFO: Primitives created: 1
17:53:21 | INFO: Extracting primitive: Cylinder.110
17:53:21 | INFO: Primitives created: 1
17:53:21 | INFO: Extracting primitive: Cube.005
17:53:21 | INFO: Primitives created: 1
17:53:21 | INFO: Extracting primitive: Cube.006
17:53:21 | INFO: Primitives created: 1
17:53:21 | INFO: Extracting primitive: Cube.007
17:53:21 | INFO: Primitives created: 1
17:53:21 | INFO: Extracting primitive: Cube.008
17:53:21 | INFO: Primitives created: 1
17:53:21 | INFO: Extracting primitive: cargo-boom-luff-eye
17:53:21 | INFO: Primitives created: 1
17:53:21 | INFO: Extracting primitive: cargo-boom-luff-eye.001
17:53:21 | INFO: Primitives created: 1
17:53:21 | INFO: Extracting primitive: cargo-boom-luff-eye.002
17:53:21 | INFO: Primitives created: 1
17:53:21 | INFO: Extracting primitive: cargo-boom-luff-eye.003
17:53:21 | INFO: Primitives created: 1
17:53:21 | INFO: Extracting primitive: Cylinder.019
17:53:21 | INFO: Primitives created: 1
17:53:21 | INFO: Extracting primitive: Cylinder.020
17:53:21 | INFO: Primitives created: 1
17:53:21 | INFO: Extracting primitive: Cylinder.025
17:53:21 | INFO: Primitives created: 1
17:53:21 | INFO: Extracting primitive: Cylinder.026
17:53:21 | INFO: Primitives created: 1
17:53:21 | INFO: Extracting primitive: Cylinder.031
17:53:21 | INFO: Primitives created: 1
17:53:21 | INFO: Extracting primitive: Cylinder.032
17:53:21 | INFO: Primitives created: 1
17:53:21 | INFO: Extracting primitive: Cylinder.037
17:53:21 | INFO: Primitives created: 1
17:53:21 | INFO: Extracting primitive: Cylinder.038
17:53:21 | INFO: Primitives created: 1
17:53:21 | INFO: Extracting primitive: Cylinder.043
17:53:21 | INFO: Primitives created: 1
17:53:21 | INFO: Extracting primitive: Cylinder.044
17:53:21 | INFO: Primitives created: 1
17:53:21 | INFO: Extracting primitive: Cylinder.049
17:53:21 | INFO: Primitives created: 1
17:53:21 | INFO: Extracting primitive: Cylinder.050
17:53:21 | INFO: Primitives created: 1
17:53:21 | INFO: Extracting primitive: Cylinder.055
17:53:21 | INFO: Primitives created: 1
17:53:21 | INFO: Extracting primitive: Cylinder.056
17:53:21 | INFO: Primitives created: 1
17:53:21 | INFO: Extracting primitive: Cylinder.061
17:53:21 | INFO: Primitives created: 1
17:53:21 | INFO: Extracting primitive: Cylinder.062
17:53:21 | INFO: Primitives created: 1
17:53:21 | INFO: Extracting primitive: Cylinder.067
17:53:21 | INFO: Primitives created: 1
17:53:21 | INFO: Extracting primitive: Cylinder.068
17:53:21 | INFO: Primitives created: 1
17:53:21 | INFO: Extracting primitive: Cylinder.073
17:53:21 | INFO: Primitives created: 1
17:53:21 | INFO: Extracting primitive: Cylinder.074
17:53:21 | INFO: Primitives created: 1
17:53:21 | INFO: Extracting primitive: Cylinder.079
17:53:21 | INFO: Primitives created: 1
17:53:21 | INFO: Extracting primitive: Cylinder.080
17:53:21 | INFO: Primitives created: 1
17:53:21 | INFO: Extracting primitive: Cylinder.085
17:53:21 | INFO: Primitives created: 1
17:53:21 | INFO: Extracting primitive: Cylinder.086
17:53:21 | INFO: Primitives created: 1
17:53:21 | INFO: Extracting primitive: Cube.013
17:53:21 | INFO: Primitives created: 1
17:53:21 | INFO: Extracting primitive: Cube.014
17:53:21 | INFO: Primitives created: 1
17:53:21 | INFO: Extracting primitive: Cube.015
17:53:21 | INFO: Primitives created: 1
17:53:21 | INFO: Extracting primitive: Cube.016
17:53:21 | INFO: Primitives created: 1
17:53:21 | INFO: Extracting primitive: Cube.017
17:53:21 | INFO: Primitives created: 1
17:53:21 | INFO: Extracting primitive: Cube.018
17:53:21 | INFO: Primitives created: 1
17:53:21 | INFO: Extracting primitive: Cube.019
17:53:21 | INFO: Primitives created: 1
17:53:21 | INFO: Extracting primitive: Cube.020
17:53:21 | INFO: Primitives created: 1
17:53:21 | INFO: Extracting primitive: Cube.021
17:53:21 | INFO: Primitives created: 1
17:53:21 | INFO: Extracting primitive: Cube.022
17:53:21 | INFO: Primitives created: 1
17:53:21 | INFO: Extracting primitive: Cube.023
17:53:21 | INFO: Primitives created: 1
17:53:21 | INFO: Extracting primitive: Cube.024
17:53:21 | INFO: Primitives created: 1
17:53:21 | INFO: Extracting primitive: Cylinder.015
17:53:21 | INFO: Primitives created: 1
17:53:21 | INFO: Extracting primitive: Cylinder.016
17:53:21 | INFO: Primitives created: 1
17:53:21 | INFO: Extracting primitive: Cylinder.017
17:53:21 | INFO: Primitives created: 1
17:53:21 | INFO: Extracting primitive: Cylinder.018
17:53:21 | INFO: Primitives created: 1
17:53:21 | INFO: Extracting primitive: Cylinder.021
17:53:21 | INFO: Primitives created: 1
17:53:21 | INFO: Extracting primitive: Cylinder.022
17:53:21 | INFO: Primitives created: 1
17:53:21 | INFO: Extracting primitive: Cylinder.023
17:53:21 | INFO: Primitives created: 1
17:53:21 | INFO: Extracting primitive: Cylinder.024
17:53:21 | INFO: Primitives created: 1
17:53:21 | INFO: Extracting primitive: Cylinder.027
17:53:21 | INFO: Primitives created: 1
17:53:21 | INFO: Extracting primitive: Cylinder.028
17:53:21 | INFO: Primitives created: 1
17:53:21 | INFO: Extracting primitive: Cylinder.029
17:53:21 | INFO: Primitives created: 1
17:53:21 | INFO: Extracting primitive: Cylinder.030
17:53:21 | INFO: Primitives created: 1
17:53:21 | INFO: Extracting primitive: Cylinder.033
17:53:21 | INFO: Primitives created: 1
17:53:21 | INFO: Extracting primitive: Cylinder.034
17:53:21 | INFO: Primitives created: 1
17:53:21 | INFO: Extracting primitive: Cylinder.035
17:53:21 | INFO: Primitives created: 1
17:53:21 | INFO: Extracting primitive: Cylinder.036
17:53:21 | INFO: Primitives created: 1
17:53:21 | INFO: Extracting primitive: Cylinder.039
17:53:21 | INFO: Primitives created: 1
17:53:21 | INFO: Extracting primitive: Cylinder.040
17:53:21 | INFO: Primitives created: 1
17:53:21 | INFO: Extracting primitive: Cylinder.041
17:53:21 | INFO: Primitives created: 1
17:53:21 | INFO: Extracting primitive: Cylinder.042
17:53:21 | INFO: Primitives created: 1
17:53:21 | INFO: Extracting primitive: Cylinder.045
17:53:21 | INFO: Primitives created: 1
17:53:21 | INFO: Extracting primitive: Cylinder.046
17:53:21 | INFO: Primitives created: 1
17:53:21 | INFO: Extracting primitive: Cylinder.047
17:53:21 | INFO: Primitives created: 1
17:53:21 | INFO: Extracting primitive: Cylinder.048
17:53:21 | INFO: Primitives created: 1
17:53:21 | INFO: Extracting primitive: Cylinder.051
17:53:21 | INFO: Primitives created: 1
17:53:21 | INFO: Extracting primitive: Cylinder.052
17:53:21 | INFO: Primitives created: 1
17:53:21 | INFO: Extracting primitive: Cylinder.053
17:53:21 | INFO: Primitives created: 1
17:53:21 | INFO: Extracting primitive: Cylinder.054
17:53:21 | INFO: Primitives created: 1
17:53:21 | INFO: Extracting primitive: Cylinder.057
17:53:21 | INFO: Primitives created: 1
17:53:21 | INFO: Extracting primitive: Cylinder.058
17:53:21 | INFO: Primitives created: 1
17:53:21 | INFO: Extracting primitive: Cylinder.059
17:53:21 | INFO: Primitives created: 1
17:53:21 | INFO: Extracting primitive: Cylinder.060
17:53:21 | INFO: Primitives created: 1
17:53:21 | INFO: Extracting primitive: Cylinder.063
17:53:21 | INFO: Primitives created: 1
17:53:21 | INFO: Extracting primitive: Cylinder.064
17:53:21 | INFO: Primitives created: 1
17:53:21 | INFO: Extracting primitive: Cylinder.065
17:53:21 | INFO: Primitives created: 1
17:53:21 | INFO: Extracting primitive: Cylinder.066
17:53:21 | INFO: Primitives created: 1
17:53:21 | INFO: Extracting primitive: Cylinder.069
17:53:21 | INFO: Primitives created: 1
17:53:21 | INFO: Extracting primitive: Cylinder.070
17:53:21 | INFO: Primitives created: 1
17:53:21 | INFO: Extracting primitive: Cylinder.071
17:53:21 | INFO: Primitives created: 1
17:53:21 | INFO: Extracting primitive: Cylinder.072
17:53:21 | INFO: Primitives created: 1
17:53:21 | INFO: Extracting primitive: Cylinder.075
17:53:21 | INFO: Primitives created: 1
17:53:21 | INFO: Extracting primitive: Cylinder.076
17:53:21 | INFO: Primitives created: 1
17:53:21 | INFO: Extracting primitive: Cylinder.077
17:53:21 | INFO: Primitives created: 1
17:53:21 | INFO: Extracting primitive: Cylinder.078
17:53:21 | INFO: Primitives created: 1
17:53:21 | INFO: Extracting primitive: Cylinder.081
17:53:21 | INFO: Primitives created: 1
17:53:21 | INFO: Extracting primitive: Cylinder.082
17:53:21 | INFO: Primitives created: 1
17:53:21 | INFO: Extracting primitive: Cylinder.083
17:53:21 | INFO: Primitives created: 1
17:53:21 | INFO: Extracting primitive: Cylinder.084
17:53:21 | INFO: Primitives created: 1
17:53:21 | INFO: Extracting primitive: Cube.038
17:53:21 | INFO: Primitives created: 1
17:53:21 | INFO: Extracting primitive: Cylinder.118
17:53:21 | INFO: Primitives created: 1
17:53:21 | INFO: Extracting primitive: Cylinder.117
17:53:21 | INFO: Primitives created: 1
17:53:21 | INFO: Extracting primitive: cargo-luff-moving-block-flange
17:53:21 | INFO: Primitives created: 1
17:53:21 | INFO: Extracting primitive: cargo-luff-moving-block-flange.001
17:53:21 | INFO: Primitives created: 1
17:53:21 | INFO: Extracting primitive: cargo-luff-moving-block-groove
17:53:21 | INFO: Primitives created: 1
17:53:21 | INFO: Extracting primitive: Cube.036
17:53:21 | INFO: Primitives created: 1
17:53:21 | INFO: Extracting primitive: Cube.037
17:53:21 | INFO: Primitives created: 1
17:53:21 | INFO: Extracting primitive: Cube.009
17:53:21 | INFO: Primitives created: 1
17:53:21 | INFO: Extracting primitive: Cube.010
17:53:21 | INFO: Primitives created: 1
17:53:21 | INFO: Extracting primitive: Cube.011
17:53:21 | INFO: Primitives created: 1
17:53:21 | INFO: Extracting primitive: Cube.012
17:53:21 | INFO: Primitives created: 1
17:53:21 | INFO: Extracting primitive: Cylinder.095
17:53:21 | INFO: Primitives created: 1
17:53:21 | INFO: Extracting primitive: Cube.029
17:53:21 | INFO: Primitives created: 1
17:53:21 | INFO: Extracting primitive: Cylinder.094
17:53:21 | INFO: Primitives created: 1
17:53:21 | INFO: Extracting primitive: cargo-tip-sheave-flange
17:53:21 | INFO: Primitives created: 1
17:53:21 | INFO: Extracting primitive: cargo-tip-sheave-flange.001
17:53:21 | INFO: Primitives created: 1
17:53:21 | INFO: Extracting primitive: cargo-tip-sheave-groove
17:53:21 | INFO: Primitives created: 1
17:53:21 | INFO: Extracting primitive: Cube.027
17:53:21 | INFO: Primitives created: 1
17:53:21 | INFO: Extracting primitive: Cube.028
17:53:21 | INFO: Primitives created: 1
17:53:21 | INFO: Extracting primitive: cargo-luff-drum-flange
17:53:21 | INFO: Primitives created: 1
17:53:21 | INFO: Extracting primitive: cargo-luff-drum-flange.001
17:53:21 | INFO: Primitives created: 1
17:53:21 | INFO: Extracting primitive: Cylinder.510
17:53:21 | INFO: Primitives created: 1
17:53:21 | INFO: Extracting primitive: cargo-luff-output-wheel-involute
17:53:21 | INFO: Primitives created: 1
17:53:21 | INFO: Extracting primitive: cargo-luff-ratchet-involute
17:53:21 | INFO: Primitives created: 1
17:53:21 | INFO: Extracting primitive: cargo-luff-rope-core
17:53:21 | INFO: Primitives created: 1
17:53:21 | INFO: Extracting primitive: Cylinder.512
17:53:21 | INFO: Primitives created: 1
17:53:21 | INFO: Extracting primitive: Cylinder.513
17:53:21 | INFO: Primitives created: 1
17:53:21 | INFO: Extracting primitive: Cylinder.511
17:53:21 | INFO: Primitives created: 1
17:53:21 | INFO: Extracting primitive: cargo-luff-input-wheel-involute
17:53:21 | INFO: Primitives created: 1
17:53:21 | INFO: Extracting primitive: Cylinder.523
17:53:21 | INFO: Primitives created: 1
17:53:21 | INFO: Extracting primitive: Cylinder.522
17:53:21 | INFO: Primitives created: 1
17:53:21 | INFO: Extracting primitive: Cylinder.524
17:53:21 | INFO: Primitives created: 1
17:53:21 | INFO: Extracting primitive: Cylinder.514
17:53:21 | INFO: Primitives created: 1
17:53:21 | INFO: Extracting primitive: Cylinder.516
17:53:21 | INFO: Primitives created: 1
17:53:21 | INFO: Extracting primitive: Cylinder.518
17:53:21 | INFO: Primitives created: 1
17:53:21 | INFO: Extracting primitive: Cylinder.520
17:53:21 | INFO: Primitives created: 1
17:53:21 | INFO: Extracting primitive: Cylinder.116
17:53:21 | INFO: Primitives created: 1
17:53:21 | INFO: Extracting primitive: Cylinder.093
17:53:21 | INFO: Primitives created: 1
17:53:21 | INFO: Extracting primitive: cargo-luff-fixed-becket
17:53:21 | INFO: Primitives created: 1
17:53:21 | INFO: Extracting primitive: Cylinder.114
17:53:21 | INFO: Primitives created: 1
17:53:21 | INFO: Extracting primitive: Cylinder.115
17:53:21 | INFO: Primitives created: 1
17:53:21 | INFO: Extracting primitive: Cylinder.113
17:53:21 | INFO: Primitives created: 1
17:53:21 | INFO: Extracting primitive: cargo-luff-head-sheave-flange
17:53:21 | INFO: Primitives created: 1
17:53:21 | INFO: Extracting primitive: cargo-luff-head-sheave-flange.001
17:53:21 | INFO: Primitives created: 1
17:53:21 | INFO: Extracting primitive: cargo-luff-head-sheave-groove
17:53:21 | INFO: Primitives created: 1
17:53:21 | INFO: Extracting primitive: cargo-luff-winch-bearing
17:53:21 | INFO: Primitives created: 1
17:53:21 | INFO: Extracting primitive: cargo-luff-winch-bearing.001
17:53:21 | INFO: Primitives created: 1
17:53:21 | INFO: Extracting primitive: cargo-luff-winch-bearing.002
17:53:21 | INFO: Primitives created: 1
17:53:21 | INFO: Extracting primitive: cargo-luff-winch-bearing.003
17:53:21 | INFO: Primitives created: 1
17:53:21 | INFO: Extracting primitive: Cylinder.515
17:53:21 | INFO: Primitives created: 1
17:53:21 | INFO: Extracting primitive: Cylinder.517
17:53:21 | INFO: Primitives created: 1
17:53:21 | INFO: Extracting primitive: Cylinder.519
17:53:21 | INFO: Primitives created: 1
17:53:21 | INFO: Extracting primitive: Cylinder.521
17:53:21 | INFO: Primitives created: 1
17:53:21 | INFO: Extracting primitive: Cylinder.009
17:53:21 | INFO: Primitives created: 1
17:53:21 | INFO: Extracting primitive: Cylinder.011
17:53:21 | INFO: Primitives created: 1
17:53:21 | INFO: Extracting primitive: Cube.004
17:53:21 | INFO: Primitives created: 1
17:53:21 | INFO: Extracting primitive: cargo-rotating-thrust-ring
17:53:21 | INFO: Primitives created: 1
17:53:21 | INFO: Extracting primitive: Cylinder.108
17:53:21 | INFO: Primitives created: 1
17:53:21 | INFO: Extracting primitive: Cylinder.107
17:53:21 | INFO: Primitives created: 1
17:53:21 | INFO: Extracting primitive: cargo-yaw-head-exit-flange
17:53:21 | INFO: Primitives created: 1
17:53:21 | INFO: Extracting primitive: cargo-yaw-head-exit-flange.001
17:53:21 | INFO: Primitives created: 1
17:53:21 | INFO: Extracting primitive: cargo-yaw-head-exit-groove
17:53:21 | INFO: Primitives created: 1
17:53:21 | INFO: Extracting primitive: Cylinder.006
17:53:21 | INFO: Primitives created: 1
17:53:21 | INFO: Extracting primitive: cargo-luff-swivel-bearing
17:53:21 | INFO: Primitives created: 1
17:53:21 | INFO: Extracting primitive: Cube.001
17:53:21 | INFO: Primitives created: 1
17:53:21 | INFO: Extracting primitive: Cube.1199
17:53:21 | INFO: Primitives created: 1
17:53:21 | INFO: Extracting primitive: Cube.1200
17:53:21 | INFO: Primitives created: 1
17:53:21 | INFO: Extracting primitive: moving-lug-eye.011
17:53:21 | INFO: Primitives created: 1
17:53:21 | INFO: Extracting primitive: Cylinder.1718
17:53:21 | INFO: Primitives created: 1
17:53:21 | INFO: Extracting primitive: Cylinder.1719
17:53:21 | INFO: Primitives created: 1
17:53:21 | INFO: Extracting primitive: Cube.1196
17:53:21 | INFO: Primitives created: 1
17:53:21 | INFO: Extracting primitive: Cube.1197
17:53:21 | INFO: Primitives created: 1
17:53:21 | INFO: Extracting primitive: Cube.1194
17:53:21 | INFO: Primitives created: 1
17:53:21 | INFO: Extracting primitive: Cube.1195
17:53:21 | INFO: Primitives created: 1
17:53:21 | INFO: Extracting primitive: Cube.1198
17:53:21 | INFO: Primitives created: 1
17:53:21 | INFO: Extracting primitive: Retained hoist hitch.008
17:53:21 | INFO: Primitives created: 1
17:53:21 | INFO: Extracting primitive: Cube.1193
17:53:21 | INFO: Primitives created: 1
17:53:21 | INFO: Extracting primitive: Cylinder.560
17:53:21 | INFO: Primitives created: 1
17:53:21 | INFO: Extracting primitive: terrace-wheel-iron-tyre.003
17:53:21 | INFO: Primitives created: 1
17:53:21 | INFO: Extracting primitive: Cylinder.561
17:53:21 | INFO: Primitives created: 1
17:53:21 | INFO: Extracting primitive: Cylinder.562
17:53:21 | INFO: Primitives created: 1
17:53:21 | INFO: Extracting primitive: Cylinder.563
17:53:21 | INFO: Primitives created: 1
17:53:21 | INFO: Extracting primitive: Cylinder.564
17:53:21 | INFO: Primitives created: 1
17:53:21 | INFO: Extracting primitive: Cylinder.565
17:53:21 | INFO: Primitives created: 1
17:53:21 | INFO: Extracting primitive: Cylinder.566
17:53:21 | INFO: Primitives created: 1
17:53:21 | INFO: Extracting primitive: Cylinder.567
17:53:21 | INFO: Primitives created: 1
17:53:21 | INFO: Extracting primitive: Cylinder.568
17:53:21 | INFO: Primitives created: 1
17:53:21 | INFO: Extracting primitive: Cylinder.541
17:53:21 | INFO: Primitives created: 1
17:53:21 | INFO: Extracting primitive: terrace-wheel-iron-tyre.001
17:53:21 | INFO: Primitives created: 1
17:53:21 | INFO: Extracting primitive: Cylinder.542
17:53:21 | INFO: Primitives created: 1
17:53:21 | INFO: Extracting primitive: Cylinder.543
17:53:21 | INFO: Primitives created: 1
17:53:21 | INFO: Extracting primitive: Cylinder.544
17:53:21 | INFO: Primitives created: 1
17:53:21 | INFO: Extracting primitive: Cylinder.545
17:53:21 | INFO: Primitives created: 1
17:53:21 | INFO: Extracting primitive: Cylinder.546
17:53:21 | INFO: Primitives created: 1
17:53:21 | INFO: Extracting primitive: Cylinder.547
17:53:21 | INFO: Primitives created: 1
17:53:21 | INFO: Extracting primitive: Cylinder.548
17:53:21 | INFO: Primitives created: 1
17:53:21 | INFO: Extracting primitive: Cylinder.549
17:53:21 | INFO: Primitives created: 1
17:53:21 | INFO: Extracting primitive: Cylinder.551
17:53:21 | INFO: Primitives created: 1
17:53:21 | INFO: Extracting primitive: terrace-wheel-iron-tyre.002
17:53:21 | INFO: Primitives created: 1
17:53:21 | INFO: Extracting primitive: Cylinder.552
17:53:21 | INFO: Primitives created: 1
17:53:21 | INFO: Extracting primitive: Cylinder.553
17:53:21 | INFO: Primitives created: 1
17:53:21 | INFO: Extracting primitive: Cylinder.554
17:53:21 | INFO: Primitives created: 1
17:53:21 | INFO: Extracting primitive: Cylinder.555
17:53:21 | INFO: Primitives created: 1
17:53:21 | INFO: Extracting primitive: Cylinder.556
17:53:21 | INFO: Primitives created: 1
17:53:21 | INFO: Extracting primitive: Cylinder.557
17:53:21 | INFO: Primitives created: 1
17:53:21 | INFO: Extracting primitive: Cylinder.558
17:53:21 | INFO: Primitives created: 1
17:53:21 | INFO: Extracting primitive: Cylinder.559
17:53:21 | INFO: Primitives created: 1
17:53:21 | INFO: Extracting primitive: Cylinder.532
17:53:21 | INFO: Primitives created: 1
17:53:21 | INFO: Extracting primitive: terrace-wheel-iron-tyre
17:53:21 | INFO: Primitives created: 1
17:53:21 | INFO: Extracting primitive: Cylinder.533
17:53:21 | INFO: Primitives created: 1
17:53:21 | INFO: Extracting primitive: Cylinder.534
17:53:21 | INFO: Primitives created: 1
17:53:21 | INFO: Extracting primitive: Cylinder.535
17:53:21 | INFO: Primitives created: 1
17:53:21 | INFO: Extracting primitive: Cylinder.536
17:53:21 | INFO: Primitives created: 1
17:53:21 | INFO: Extracting primitive: Cylinder.537
17:53:21 | INFO: Primitives created: 1
17:53:21 | INFO: Extracting primitive: Cylinder.538
17:53:21 | INFO: Primitives created: 1
17:53:21 | INFO: Extracting primitive: Cylinder.539
17:53:21 | INFO: Primitives created: 1
17:53:21 | INFO: Extracting primitive: Cylinder.540
17:53:21 | INFO: Primitives created: 1
17:53:21 | INFO: Extracting primitive: Cylinder.571
17:53:21 | INFO: Primitives created: 1
17:53:21 | INFO: Extracting primitive: cargo-tail-pin-pull-eye
17:53:21 | INFO: Primitives created: 1
17:53:21 | INFO: Extracting primitive: cargo-opposite-tail-pin-pull-eye
17:53:21 | INFO: Primitives created: 1
17:53:21 | INFO: Extracting primitive: Cylinder.572
17:53:21 | INFO: Primitives created: 1
17:53:21 | INFO: Extracting primitive: Cylinder.531
17:53:21 | INFO: Primitives created: 1
17:53:21 | INFO: Extracting primitive: Cylinder.550
17:53:21 | INFO: Primitives created: 1
17:53:21 | INFO: Extracting primitive: Cube.061
17:53:21 | INFO: Primitives created: 1
17:53:21 | INFO: Extracting primitive: Cube.062
17:53:21 | INFO: Primitives created: 1
17:53:21 | INFO: Extracting primitive: Cube.063
17:53:21 | INFO: Primitives created: 1
17:53:21 | INFO: Extracting primitive: Cube.059
17:53:21 | INFO: Primitives created: 1
17:53:21 | INFO: Extracting primitive: Cube.060
17:53:21 | INFO: Primitives created: 1
17:53:21 | INFO: Extracting primitive: Cube.072
17:53:21 | INFO: Primitives created: 1
17:53:21 | INFO: Extracting primitive: Cube.073
17:53:21 | INFO: Primitives created: 1
17:53:21 | INFO: Extracting primitive: Cube.074
17:53:21 | INFO: Primitives created: 1
17:53:21 | INFO: Extracting primitive: Cube.075
17:53:21 | INFO: Primitives created: 1
17:53:21 | INFO: Extracting primitive: Cube.064
17:53:21 | INFO: Primitives created: 1
17:53:21 | INFO: Extracting primitive: Cube.065
17:53:21 | INFO: Primitives created: 1
17:53:21 | INFO: Extracting primitive: Cube.066
17:53:21 | INFO: Primitives created: 1
17:53:21 | INFO: Extracting primitive: Cube.067
17:53:21 | INFO: Primitives created: 1
17:53:21 | INFO: Extracting primitive: Cube.068
17:53:21 | INFO: Primitives created: 1
17:53:21 | INFO: Extracting primitive: Cube.069
17:53:21 | INFO: Primitives created: 1
17:53:21 | INFO: Extracting primitive: Cube.070
17:53:21 | INFO: Primitives created: 1
17:53:21 | INFO: Extracting primitive: Cube.071
17:53:21 | INFO: Primitives created: 1
17:53:21 | INFO: Finished glTF 2.0 export in 0.6814489364624023 s
13:10.304  render           | Saved: '/Users/hina/Documents/Experience-Intelligence-Domain/wonderforge/artifacts/eiffel-summit-operation-2026-09-08/renders/cargo-rig-context.png'
13:12.510  render           | Saved: '/Users/hina/Documents/Experience-Intelligence-Domain/wonderforge/artifacts/eiffel-summit-operation-2026-09-08/renders/cargo-head-detail.png'
13:18.528  render           | Saved: '/Users/hina/Documents/Experience-Intelligence-Domain/wonderforge/artifacts/eiffel-summit-operation-2026-09-08/renders/cargo-cart-detail.png'

17:56:38 | INFO: Starting glTF 2.0 export
17:56:38 | INFO: Extracting primitive: Cylinder.2449
17:56:38 | INFO: Primitives created: 1
17:56:38 | INFO: Extracting primitive: Cylinder.2450
17:56:38 | INFO: Primitives created: 1
17:56:38 | INFO: Extracting primitive: Cube.432
17:56:38 | INFO: Primitives created: 1
17:56:38 | INFO: Extracting primitive: Cube.433
17:56:38 | INFO: Primitives created: 1
17:56:38 | INFO: Extracting primitive: cargo-cam-bearing.004
17:56:38 | INFO: Primitives created: 1
17:56:38 | INFO: Extracting primitive: cargo-cam-bearing.005
17:56:38 | INFO: Primitives created: 1
17:56:38 | INFO: Extracting primitive: Cube.422
17:56:38 | INFO: Primitives created: 1
17:56:38 | INFO: Extracting primitive: Cube.424
17:56:38 | INFO: Primitives created: 1
17:56:38 | INFO: Extracting primitive: Cube.426
17:56:38 | INFO: Primitives created: 1
17:56:38 | INFO: Extracting primitive: Cube.427
17:56:38 | INFO: Primitives created: 1
17:56:38 | INFO: Extracting primitive: Cube.428
17:56:38 | INFO: Primitives created: 1
17:56:38 | INFO: Extracting primitive: cargo-carriage-slide-bearing.008
17:56:38 | INFO: Primitives created: 1
17:56:38 | INFO: Extracting primitive: cargo-carriage-slide-bearing.009
17:56:38 | INFO: Primitives created: 1
17:56:38 | INFO: Extracting primitive: cargo-carriage-slide-bearing.010
17:56:38 | INFO: Primitives created: 1
17:56:38 | INFO: Extracting primitive: cargo-carriage-slide-bearing.011
17:56:38 | INFO: Primitives created: 1
17:56:38 | INFO: Extracting primitive: cargo-drum-thrust-yoke.004
17:56:38 | INFO: Primitives created: 1
17:56:38 | INFO: Extracting primitive: cargo-drum-thrust-yoke.005
17:56:38 | INFO: Primitives created: 1
17:56:38 | INFO: Extracting primitive: Cylinder.2455
17:56:38 | INFO: Primitives created: 1
17:56:38 | INFO: Extracting primitive: Cylinder.2458
17:56:38 | INFO: Primitives created: 1
17:56:38 | INFO: Extracting primitive: Cylinder.2459
17:56:38 | INFO: Primitives created: 1
17:56:38 | INFO: Extracting primitive: Cylinder.2461
17:56:38 | INFO: Primitives created: 1
17:56:38 | INFO: Extracting primitive: Cylinder.2462
17:56:38 | INFO: Primitives created: 1
17:56:38 | INFO: Extracting primitive: Cylinder.2456
17:56:38 | INFO: Primitives created: 1
17:56:38 | INFO: Extracting primitive: Cube.431
17:56:38 | INFO: Primitives created: 1
17:56:38 | INFO: Extracting primitive: Cylinder.2452
17:56:38 | INFO: Primitives created: 1
17:56:38 | INFO: Extracting primitive: Cylinder.2453
17:56:38 | INFO: Primitives created: 1
17:56:38 | INFO: Extracting primitive: Cylinder.2454
17:56:38 | INFO: Primitives created: 1
17:56:38 | INFO: Extracting primitive: cargo-drum-journal-bearing.004
17:56:38 | INFO: Primitives created: 1
17:56:38 | INFO: Extracting primitive: cargo-drum-journal-bearing.005
17:56:38 | INFO: Primitives created: 1
17:56:38 | INFO: Extracting primitive: Cylinder.2440
17:56:38 | INFO: Primitives created: 1
17:56:38 | INFO: Extracting primitive: cargo-east-fairlead-flange.004
17:56:38 | INFO: Primitives created: 1
17:56:38 | INFO: Extracting primitive: cargo-east-fairlead-flange.005
17:56:38 | INFO: Primitives created: 1
17:56:38 | INFO: Extracting primitive: cargo-east-fairlead-groove.002
17:56:38 | INFO: Primitives created: 1
17:56:38 | INFO: Extracting primitive: Cylinder.2445
17:56:38 | INFO: Primitives created: 1
17:56:38 | INFO: Extracting primitive: Cylinder.2444
17:56:38 | INFO: Primitives created: 1
17:56:38 | INFO: Extracting primitive: Cylinder.2441
17:56:38 | INFO: Primitives created: 1
17:56:38 | INFO: Extracting primitive: cargo-east-upper-fairlead-flange.004
17:56:38 | INFO: Primitives created: 1
17:56:38 | INFO: Extracting primitive: cargo-east-upper-fairlead-flange.005
17:56:38 | INFO: Primitives created: 1
17:56:38 | INFO: Extracting primitive: cargo-east-upper-fairlead-groove.002
17:56:38 | INFO: Primitives created: 1
17:56:38 | INFO: Extracting primitive: cargo-gear-journal.004
17:56:38 | INFO: Primitives created: 1
17:56:38 | INFO: Extracting primitive: cargo-gear-journal.005
17:56:38 | INFO: Primitives created: 1
17:56:38 | INFO: Extracting primitive: Cylinder.2464
17:56:38 | INFO: Primitives created: 1
17:56:38 | INFO: Extracting primitive: Cylinder.2465
17:56:38 | INFO: Primitives created: 1
17:56:38 | INFO: Extracting primitive: cargo-input-crank-involute.002
17:56:38 | INFO: Primitives created: 1
17:56:38 | INFO: Extracting primitive: Cylinder.2463
17:56:38 | INFO: Primitives created: 1
17:56:38 | INFO: Extracting primitive: Cylinder.2467
17:56:38 | INFO: Primitives created: 1
17:56:38 | INFO: Extracting primitive: Cylinder.2466
17:56:38 | INFO: Primitives created: 1
17:56:38 | INFO: Extracting primitive: cargo-output-gear-involute.002
17:56:38 | INFO: Primitives created: 1
17:56:38 | INFO: Extracting primitive: Cylinder.2451
17:56:38 | INFO: Primitives created: 1
17:56:38 | INFO: Extracting primitive: Cube.429
17:56:38 | INFO: Primitives created: 1
17:56:38 | INFO: Extracting primitive: cargo-traverse-drive-sprocket-rim.002
17:56:38 | INFO: Primitives created: 1
17:56:38 | INFO: Extracting primitive: Cylinder.2473
17:56:38 | INFO: Primitives created: 1
17:56:38 | INFO: Extracting primitive: Cylinder.2478
17:56:38 | INFO: Primitives created: 1
17:56:38 | INFO: Extracting primitive: Cylinder.2483
17:56:38 | INFO: Primitives created: 1
17:56:38 | INFO: Extracting primitive: Cylinder.2488
17:56:38 | INFO: Primitives created: 1
17:56:38 | INFO: Extracting primitive: Cylinder.2493
17:56:38 | INFO: Primitives created: 1
17:56:38 | INFO: Extracting primitive: Cylinder.2472
17:56:38 | INFO: Primitives created: 1
17:56:38 | INFO: Extracting primitive: Cylinder.2474
17:56:38 | INFO: Primitives created: 1
17:56:38 | INFO: Extracting primitive: Cylinder.2475
17:56:38 | INFO: Primitives created: 1
17:56:38 | INFO: Extracting primitive: Cylinder.2476
17:56:38 | INFO: Primitives created: 1
17:56:38 | INFO: Extracting primitive: Cylinder.2477
17:56:38 | INFO: Primitives created: 1
17:56:38 | INFO: Extracting primitive: Cylinder.2479
17:56:38 | INFO: Primitives created: 1
17:56:38 | INFO: Extracting primitive: Cylinder.2480
17:56:38 | INFO: Primitives created: 1
17:56:38 | INFO: Extracting primitive: Cylinder.2481
17:56:38 | INFO: Primitives created: 1
17:56:38 | INFO: Extracting primitive: Cylinder.2482
17:56:38 | INFO: Primitives created: 1
17:56:38 | INFO: Extracting primitive: Cylinder.2484
17:56:38 | INFO: Primitives created: 1
17:56:38 | INFO: Extracting primitive: Cylinder.2485
17:56:38 | INFO: Primitives created: 1
17:56:38 | INFO: Extracting primitive: Cylinder.2486
17:56:38 | INFO: Primitives created: 1
17:56:38 | INFO: Extracting primitive: Cylinder.2487
17:56:38 | INFO: Primitives created: 1
17:56:38 | INFO: Extracting primitive: Cylinder.2489
17:56:38 | INFO: Primitives created: 1
17:56:38 | INFO: Extracting primitive: Cylinder.2490
17:56:38 | INFO: Primitives created: 1
17:56:38 | INFO: Extracting primitive: Cylinder.2491
17:56:38 | INFO: Primitives created: 1
17:56:38 | INFO: Extracting primitive: Cylinder.2492
17:56:38 | INFO: Primitives created: 1
17:56:38 | INFO: Extracting primitive: Cylinder.2494
17:56:38 | INFO: Primitives created: 1
17:56:38 | INFO: Extracting primitive: Cylinder.2495
17:56:38 | INFO: Primitives created: 1
17:56:38 | INFO: Extracting primitive: Cylinder.2496
17:56:38 | INFO: Primitives created: 1
17:56:38 | INFO: Extracting primitive: Cylinder.2470
17:56:38 | INFO: Primitives created: 1
17:56:38 | INFO: Extracting primitive: Cylinder.2468
17:56:38 | INFO: Primitives created: 1
17:56:38 | INFO: Extracting primitive: Cylinder.2469
17:56:38 | INFO: Primitives created: 1
17:56:38 | INFO: Extracting primitive: Cube.423
17:56:38 | INFO: Primitives created: 1
17:56:38 | INFO: Extracting primitive: Cube.425
17:56:38 | INFO: Primitives created: 1
17:56:38 | INFO: Extracting primitive: cargo-ratchet-wheel-involute.002
17:56:38 | INFO: Primitives created: 1
17:56:38 | INFO: Extracting primitive: Cylinder.2435
17:56:38 | INFO: Primitives created: 1
17:56:38 | INFO: Extracting primitive: Cylinder.2430
17:56:38 | INFO: Primitives created: 1
17:56:38 | INFO: Extracting primitive: Cylinder.2433
17:56:38 | INFO: Primitives created: 1
17:56:38 | INFO: Extracting primitive: Cylinder.2429
17:56:38 | INFO: Primitives created: 1
17:56:38 | INFO: Extracting primitive: Cylinder.2432
17:56:38 | INFO: Primitives created: 1
17:56:38 | INFO: Extracting primitive: Cylinder.2431
17:56:38 | INFO: Primitives created: 1
17:56:38 | INFO: Extracting primitive: Cylinder.2434
17:56:38 | INFO: Primitives created: 1
17:56:38 | INFO: Extracting primitive: cargo-closed-diamond-traverse-barrel.002
17:56:38 | INFO: Primitives created: 0
17:56:38 | WARNING: Mesh 'cargo-closed-diamond-traverse-barrel.002' has no primitives and will be omitted.
17:56:38 | INFO: Extracting primitive: Cylinder.2471
17:56:38 | INFO: Primitives created: 1
17:56:38 | INFO: Extracting primitive: cargo-traverse-cam-sprocket-rim.002
17:56:38 | INFO: Primitives created: 1
17:56:38 | INFO: Extracting primitive: Cylinder.2498
17:56:38 | INFO: Primitives created: 1
17:56:38 | INFO: Extracting primitive: Cylinder.2503
17:56:38 | INFO: Primitives created: 1
17:56:38 | INFO: Extracting primitive: Cylinder.2508
17:56:38 | INFO: Primitives created: 1
17:56:38 | INFO: Extracting primitive: Cylinder.2513
17:56:38 | INFO: Primitives created: 1
17:56:38 | INFO: Extracting primitive: Cylinder.2518
17:56:38 | INFO: Primitives created: 1
17:56:38 | INFO: Extracting primitive: Cylinder.2497
17:56:38 | INFO: Primitives created: 1
17:56:38 | INFO: Extracting primitive: Cylinder.2499
17:56:38 | INFO: Primitives created: 1
17:56:38 | INFO: Extracting primitive: Cylinder.2500
17:56:38 | INFO: Primitives created: 1
17:56:38 | INFO: Extracting primitive: Cylinder.2501
17:56:38 | INFO: Primitives created: 1
17:56:38 | INFO: Extracting primitive: Cylinder.2502
17:56:38 | INFO: Primitives created: 1
17:56:38 | INFO: Extracting primitive: Cylinder.2504
17:56:38 | INFO: Primitives created: 1
17:56:38 | INFO: Extracting primitive: Cylinder.2505
17:56:38 | INFO: Primitives created: 1
17:56:38 | INFO: Extracting primitive: Cylinder.2506
17:56:38 | INFO: Primitives created: 1
17:56:38 | INFO: Extracting primitive: Cylinder.2507
17:56:38 | INFO: Primitives created: 1
17:56:38 | INFO: Extracting primitive: Cylinder.2509
17:56:38 | INFO: Primitives created: 1
17:56:38 | INFO: Extracting primitive: Cylinder.2510
17:56:38 | INFO: Primitives created: 1
17:56:38 | INFO: Extracting primitive: Cylinder.2511
17:56:38 | INFO: Primitives created: 1
17:56:38 | INFO: Extracting primitive: Cylinder.2512
17:56:38 | INFO: Primitives created: 1
17:56:38 | INFO: Extracting primitive: Cylinder.2514
17:56:38 | INFO: Primitives created: 1
17:56:38 | INFO: Extracting primitive: Cylinder.2515
17:56:38 | INFO: Primitives created: 1
17:56:38 | INFO: Extracting primitive: Cylinder.2516
17:56:38 | INFO: Primitives created: 1
17:56:38 | INFO: Extracting primitive: Cylinder.2517
17:56:38 | INFO: Primitives created: 1
17:56:38 | INFO: Extracting primitive: Cylinder.2519
17:56:38 | INFO: Primitives created: 1
17:56:38 | INFO: Extracting primitive: Cylinder.2520
17:56:38 | INFO: Primitives created: 1
17:56:38 | INFO: Extracting primitive: Cylinder.2521
17:56:38 | INFO: Primitives created: 1
17:56:38 | INFO: Extracting primitive: Cylinder.2523
17:56:38 | INFO: Primitives created: 1
17:56:38 | INFO: Extracting primitive: Cylinder.2524
17:56:38 | INFO: Primitives created: 1
17:56:38 | INFO: Extracting primitive: Cylinder.2526
17:56:38 | INFO: Primitives created: 1
17:56:38 | INFO: Extracting primitive: Cylinder.2527
17:56:38 | INFO: Primitives created: 1
17:56:38 | INFO: Extracting primitive: Cylinder.2529
17:56:38 | INFO: Primitives created: 1
17:56:38 | INFO: Extracting primitive: Cylinder.2530
17:56:38 | INFO: Primitives created: 1
17:56:38 | INFO: Extracting primitive: Cylinder.2532
17:56:38 | INFO: Primitives created: 1
17:56:38 | INFO: Extracting primitive: Cylinder.2533
17:56:38 | INFO: Primitives created: 1
17:56:38 | INFO: Extracting primitive: Cylinder.2535
17:56:38 | INFO: Primitives created: 1
17:56:38 | INFO: Extracting primitive: Cylinder.2536
17:56:38 | INFO: Primitives created: 1
17:56:38 | INFO: Extracting primitive: Cylinder.2538
17:56:38 | INFO: Primitives created: 1
17:56:38 | INFO: Extracting primitive: Cylinder.2539
17:56:38 | INFO: Primitives created: 1
17:56:38 | INFO: Extracting primitive: Cylinder.2541
17:56:38 | INFO: Primitives created: 1
17:56:38 | INFO: Extracting primitive: Cylinder.2542
17:56:38 | INFO: Primitives created: 1
17:56:38 | INFO: Extracting primitive: Cylinder.2544
17:56:38 | INFO: Primitives created: 1
17:56:38 | INFO: Extracting primitive: Cylinder.2545
17:56:38 | INFO: Primitives created: 1
17:56:38 | INFO: Extracting primitive: Cylinder.2547
17:56:38 | INFO: Primitives created: 1
17:56:38 | INFO: Extracting primitive: Cylinder.2548
17:56:38 | INFO: Primitives created: 1
17:56:38 | INFO: Extracting primitive: Cylinder.2550
17:56:38 | INFO: Primitives created: 1
17:56:38 | INFO: Extracting primitive: Cylinder.2551
17:56:38 | INFO: Primitives created: 1
17:56:38 | INFO: Extracting primitive: Cylinder.2553
17:56:38 | INFO: Primitives created: 1
17:56:38 | INFO: Extracting primitive: Cylinder.2554
17:56:38 | INFO: Primitives created: 1
17:56:38 | INFO: Extracting primitive: Cylinder.2556
17:56:38 | INFO: Primitives created: 1
17:56:38 | INFO: Extracting primitive: Cylinder.2557
17:56:38 | INFO: Primitives created: 1
17:56:38 | INFO: Extracting primitive: Cylinder.2559
17:56:38 | INFO: Primitives created: 1
17:56:38 | INFO: Extracting primitive: Cylinder.2560
17:56:38 | INFO: Primitives created: 1
17:56:38 | INFO: Extracting primitive: Cylinder.2562
17:56:38 | INFO: Primitives created: 1
17:56:38 | INFO: Extracting primitive: Cylinder.2563
17:56:38 | INFO: Primitives created: 1
17:56:38 | INFO: Extracting primitive: Cylinder.2565
17:56:38 | INFO: Primitives created: 1
17:56:38 | INFO: Extracting primitive: Cylinder.2566
17:56:38 | INFO: Primitives created: 1
17:56:38 | INFO: Extracting primitive: Cylinder.2568
17:56:38 | INFO: Primitives created: 1
17:56:38 | INFO: Extracting primitive: Cylinder.2569
17:56:38 | INFO: Primitives created: 1
17:56:38 | INFO: Extracting primitive: Cylinder.2571
17:56:38 | INFO: Primitives created: 1
17:56:38 | INFO: Extracting primitive: Cylinder.2572
17:56:38 | INFO: Primitives created: 1
17:56:38 | INFO: Extracting primitive: Cylinder.2574
17:56:38 | INFO: Primitives created: 1
17:56:38 | INFO: Extracting primitive: Cylinder.2575
17:56:38 | INFO: Primitives created: 1
17:56:38 | INFO: Extracting primitive: Cylinder.2577
17:56:38 | INFO: Primitives created: 1
17:56:38 | INFO: Extracting primitive: Cylinder.2578
17:56:38 | INFO: Primitives created: 1
17:56:38 | INFO: Extracting primitive: Cylinder.2580
17:56:38 | INFO: Primitives created: 1
17:56:38 | INFO: Extracting primitive: Cylinder.2581
17:56:38 | INFO: Primitives created: 1
17:56:38 | INFO: Extracting primitive: Cylinder.2583
17:56:38 | INFO: Primitives created: 1
17:56:38 | INFO: Extracting primitive: Cylinder.2584
17:56:38 | INFO: Primitives created: 1
17:56:38 | INFO: Extracting primitive: Cylinder.2586
17:56:38 | INFO: Primitives created: 1
17:56:38 | INFO: Extracting primitive: Cylinder.2587
17:56:38 | INFO: Primitives created: 1
17:56:38 | INFO: Extracting primitive: Cylinder.2589
17:56:38 | INFO: Primitives created: 1
17:56:38 | INFO: Extracting primitive: Cylinder.2590
17:56:38 | INFO: Primitives created: 1
17:56:38 | INFO: Extracting primitive: Cylinder.2592
17:56:38 | INFO: Primitives created: 1
17:56:38 | INFO: Extracting primitive: Cylinder.2593
17:56:38 | INFO: Primitives created: 1
17:56:38 | INFO: Extracting primitive: Cylinder.2595
17:56:38 | INFO: Primitives created: 1
17:56:38 | INFO: Extracting primitive: Cylinder.2596
17:56:38 | INFO: Primitives created: 1
17:56:38 | INFO: Extracting primitive: Cylinder.2598
17:56:38 | INFO: Primitives created: 1
17:56:38 | INFO: Extracting primitive: Cylinder.2599
17:56:38 | INFO: Primitives created: 1
17:56:38 | INFO: Extracting primitive: Cylinder.2601
17:56:38 | INFO: Primitives created: 1
17:56:38 | INFO: Extracting primitive: Cylinder.2602
17:56:38 | INFO: Primitives created: 1
17:56:38 | INFO: Extracting primitive: Cylinder.2604
17:56:38 | INFO: Primitives created: 1
17:56:38 | INFO: Extracting primitive: Cylinder.2605
17:56:38 | INFO: Primitives created: 1
17:56:38 | INFO: Extracting primitive: Cylinder.2607
17:56:38 | INFO: Primitives created: 1
17:56:38 | INFO: Extracting primitive: Cylinder.2608
17:56:38 | INFO: Primitives created: 1
17:56:38 | INFO: Extracting primitive: Cylinder.2610
17:56:38 | INFO: Primitives created: 1
17:56:38 | INFO: Extracting primitive: Cylinder.2611
17:56:38 | INFO: Primitives created: 1
17:56:38 | INFO: Extracting primitive: Cylinder.2613
17:56:38 | INFO: Primitives created: 1
17:56:38 | INFO: Extracting primitive: Cylinder.2614
17:56:38 | INFO: Primitives created: 1
17:56:38 | INFO: Extracting primitive: Cylinder.2616
17:56:38 | INFO: Primitives created: 1
17:56:38 | INFO: Extracting primitive: Cylinder.2617
17:56:38 | INFO: Primitives created: 1
17:56:38 | INFO: Extracting primitive: Cylinder.2619
17:56:38 | INFO: Primitives created: 1
17:56:38 | INFO: Extracting primitive: Cylinder.2620
17:56:38 | INFO: Primitives created: 1
17:56:38 | INFO: Extracting primitive: Cylinder.2622
17:56:38 | INFO: Primitives created: 1
17:56:38 | INFO: Extracting primitive: Cylinder.2623
17:56:38 | INFO: Primitives created: 1
17:56:38 | INFO: Extracting primitive: Cylinder.2625
17:56:38 | INFO: Primitives created: 1
17:56:38 | INFO: Extracting primitive: Cylinder.2626
17:56:38 | INFO: Primitives created: 1
17:56:38 | INFO: Extracting primitive: Cylinder.2628
17:56:38 | INFO: Primitives created: 1
17:56:38 | INFO: Extracting primitive: Cylinder.2629
17:56:38 | INFO: Primitives created: 1
17:56:38 | INFO: Extracting primitive: Cylinder.2631
17:56:38 | INFO: Primitives created: 1
17:56:38 | INFO: Extracting primitive: Cylinder.2632
17:56:38 | INFO: Primitives created: 1
17:56:38 | INFO: Extracting primitive: Cylinder.2634
17:56:38 | INFO: Primitives created: 1
17:56:38 | INFO: Extracting primitive: Cylinder.2635
17:56:38 | INFO: Primitives created: 1
17:56:38 | INFO: Extracting primitive: Cylinder.2637
17:56:38 | INFO: Primitives created: 1
17:56:38 | INFO: Extracting primitive: Cylinder.2638
17:56:38 | INFO: Primitives created: 1
17:56:38 | INFO: Extracting primitive: Cylinder.2640
17:56:38 | INFO: Primitives created: 1
17:56:38 | INFO: Extracting primitive: Cylinder.2641
17:56:38 | INFO: Primitives created: 1
17:56:38 | INFO: Extracting primitive: Cylinder.2643
17:56:38 | INFO: Primitives created: 1
17:56:38 | INFO: Extracting primitive: Cylinder.2644
17:56:38 | INFO: Primitives created: 1
17:56:38 | INFO: Extracting primitive: Cylinder.2646
17:56:38 | INFO: Primitives created: 1
17:56:38 | INFO: Extracting primitive: Cylinder.2647
17:56:38 | INFO: Primitives created: 1
17:56:38 | INFO: Extracting primitive: Cylinder.2649
17:56:38 | INFO: Primitives created: 1
17:56:38 | INFO: Extracting primitive: Cylinder.2650
17:56:38 | INFO: Primitives created: 1
17:56:38 | INFO: Extracting primitive: Cylinder.2652
17:56:38 | INFO: Primitives created: 1
17:56:38 | INFO: Extracting primitive: Cylinder.2653
17:56:38 | INFO: Primitives created: 1
17:56:38 | INFO: Extracting primitive: Cylinder.2655
17:56:38 | INFO: Primitives created: 1
17:56:38 | INFO: Extracting primitive: Cylinder.2656
17:56:38 | INFO: Primitives created: 1
17:56:38 | INFO: Extracting primitive: Cylinder.2658
17:56:38 | INFO: Primitives created: 1
17:56:38 | INFO: Extracting primitive: Cylinder.2659
17:56:38 | INFO: Primitives created: 1
17:56:38 | INFO: Extracting primitive: Cylinder.2661
17:56:38 | INFO: Primitives created: 1
17:56:38 | INFO: Extracting primitive: Cylinder.2662
17:56:38 | INFO: Primitives created: 1
17:56:38 | INFO: Extracting primitive: Cylinder.2664
17:56:38 | INFO: Primitives created: 1
17:56:38 | INFO: Extracting primitive: Cylinder.2665
17:56:38 | INFO: Primitives created: 1
17:56:38 | INFO: Extracting primitive: Cylinder.2667
17:56:38 | INFO: Primitives created: 1
17:56:38 | INFO: Extracting primitive: Cylinder.2668
17:56:38 | INFO: Primitives created: 1
17:56:38 | INFO: Extracting primitive: Cylinder.2670
17:56:38 | INFO: Primitives created: 1
17:56:38 | INFO: Extracting primitive: Cylinder.2671
17:56:38 | INFO: Primitives created: 1
17:56:38 | INFO: Extracting primitive: Cylinder.2673
17:56:38 | INFO: Primitives created: 1
17:56:38 | INFO: Extracting primitive: Cylinder.2674
17:56:38 | INFO: Primitives created: 1
17:56:38 | INFO: Extracting primitive: Cylinder.2676
17:56:38 | INFO: Primitives created: 1
17:56:38 | INFO: Extracting primitive: Cylinder.2677
17:56:38 | INFO: Primitives created: 1
17:56:38 | INFO: Extracting primitive: Cylinder.2679
17:56:38 | INFO: Primitives created: 1
17:56:38 | INFO: Extracting primitive: Cylinder.2680
17:56:38 | INFO: Primitives created: 1
17:56:38 | INFO: Extracting primitive: Cylinder.2682
17:56:38 | INFO: Primitives created: 1
17:56:38 | INFO: Extracting primitive: Cylinder.2683
17:56:38 | INFO: Primitives created: 1
17:56:38 | INFO: Extracting primitive: Cylinder.2685
17:56:38 | INFO: Primitives created: 1
17:56:38 | INFO: Extracting primitive: Cylinder.2686
17:56:38 | INFO: Primitives created: 1
17:56:38 | INFO: Extracting primitive: Cylinder.2688
17:56:38 | INFO: Primitives created: 1
17:56:38 | INFO: Extracting primitive: Cylinder.2689
17:56:38 | INFO: Primitives created: 1
17:56:38 | INFO: Extracting primitive: Cylinder.2691
17:56:38 | INFO: Primitives created: 1
17:56:38 | INFO: Extracting primitive: Cylinder.2692
17:56:38 | INFO: Primitives created: 1
17:56:38 | INFO: Extracting primitive: Cylinder.2694
17:56:38 | INFO: Primitives created: 1
17:56:38 | INFO: Extracting primitive: Cylinder.2695
17:56:38 | INFO: Primitives created: 1
17:56:38 | INFO: Extracting primitive: Cylinder.2697
17:56:38 | INFO: Primitives created: 1
17:56:38 | INFO: Extracting primitive: Cylinder.2698
17:56:38 | INFO: Primitives created: 1
17:56:38 | INFO: Extracting primitive: Cylinder.2700
17:56:38 | INFO: Primitives created: 1
17:56:38 | INFO: Extracting primitive: Cylinder.2701
17:56:38 | INFO: Primitives created: 1
17:56:38 | INFO: Extracting primitive: Cylinder.2703
17:56:38 | INFO: Primitives created: 1
17:56:38 | INFO: Extracting primitive: Cylinder.2704
17:56:38 | INFO: Primitives created: 1
17:56:38 | INFO: Extracting primitive: Cylinder.2706
17:56:38 | INFO: Primitives created: 1
17:56:38 | INFO: Extracting primitive: Cylinder.2707
17:56:38 | INFO: Primitives created: 1
17:56:38 | INFO: Extracting primitive: Cylinder.2709
17:56:38 | INFO: Primitives created: 1
17:56:38 | INFO: Extracting primitive: Cylinder.2710
17:56:38 | INFO: Primitives created: 1
17:56:38 | INFO: Extracting primitive: Cylinder.2712
17:56:38 | INFO: Primitives created: 1
17:56:38 | INFO: Extracting primitive: Cylinder.2713
17:56:38 | INFO: Primitives created: 1
17:56:38 | INFO: Extracting primitive: Cylinder.2715
17:56:38 | INFO: Primitives created: 1
17:56:38 | INFO: Extracting primitive: Cylinder.2716
17:56:38 | INFO: Primitives created: 1
17:56:38 | INFO: Extracting primitive: Cylinder.2718
17:56:38 | INFO: Primitives created: 1
17:56:38 | INFO: Extracting primitive: Cylinder.2719
17:56:38 | INFO: Primitives created: 1
17:56:38 | INFO: Extracting primitive: Cylinder.2721
17:56:38 | INFO: Primitives created: 1
17:56:38 | INFO: Extracting primitive: Cylinder.2722
17:56:38 | INFO: Primitives created: 1
17:56:38 | INFO: Extracting primitive: Cylinder.2724
17:56:38 | INFO: Primitives created: 1
17:56:38 | INFO: Extracting primitive: Cylinder.2725
17:56:38 | INFO: Primitives created: 1
17:56:38 | INFO: Extracting primitive: Cylinder.2727
17:56:38 | INFO: Primitives created: 1
17:56:38 | INFO: Extracting primitive: Cylinder.2728
17:56:38 | INFO: Primitives created: 1
17:56:38 | INFO: Extracting primitive: Cylinder.2730
17:56:38 | INFO: Primitives created: 1
17:56:38 | INFO: Extracting primitive: Cylinder.2731
17:56:38 | INFO: Primitives created: 1
17:56:38 | INFO: Extracting primitive: Cylinder.2733
17:56:38 | INFO: Primitives created: 1
17:56:38 | INFO: Extracting primitive: Cylinder.2734
17:56:38 | INFO: Primitives created: 1
17:56:38 | INFO: Extracting primitive: Cylinder.2736
17:56:38 | INFO: Primitives created: 1
17:56:38 | INFO: Extracting primitive: Cylinder.2737
17:56:38 | INFO: Primitives created: 1
17:56:38 | INFO: Extracting primitive: Cylinder.2739
17:56:38 | INFO: Primitives created: 1
17:56:38 | INFO: Extracting primitive: Cylinder.2740
17:56:38 | INFO: Primitives created: 1
17:56:38 | INFO: Extracting primitive: Cylinder.2742
17:56:38 | INFO: Primitives created: 1
17:56:38 | INFO: Extracting primitive: Cylinder.2743
17:56:38 | INFO: Primitives created: 1
17:56:38 | INFO: Extracting primitive: Cylinder.2745
17:56:38 | INFO: Primitives created: 1
17:56:38 | INFO: Extracting primitive: Cylinder.2746
17:56:38 | INFO: Primitives created: 1
17:56:38 | INFO: Extracting primitive: Cylinder.2748
17:56:38 | INFO: Primitives created: 1
17:56:38 | INFO: Extracting primitive: Cylinder.2749
17:56:38 | INFO: Primitives created: 1
17:56:38 | INFO: Extracting primitive: Cylinder.2751
17:56:38 | INFO: Primitives created: 1
17:56:38 | INFO: Extracting primitive: Cylinder.2752
17:56:38 | INFO: Primitives created: 1
17:56:38 | INFO: Extracting primitive: Cylinder.2754
17:56:38 | INFO: Primitives created: 1
17:56:38 | INFO: Extracting primitive: Cylinder.2755
17:56:38 | INFO: Primitives created: 1
17:56:38 | INFO: Extracting primitive: Cylinder.2757
17:56:38 | INFO: Primitives created: 1
17:56:38 | INFO: Extracting primitive: Cylinder.2758
17:56:38 | INFO: Primitives created: 1
17:56:38 | INFO: Extracting primitive: Cylinder.2760
17:56:38 | INFO: Primitives created: 1
17:56:38 | INFO: Extracting primitive: Cylinder.2761
17:56:38 | INFO: Primitives created: 1
17:56:38 | INFO: Extracting primitive: Cylinder.2763
17:56:38 | INFO: Primitives created: 1
17:56:38 | INFO: Extracting primitive: Cylinder.2764
17:56:38 | INFO: Primitives created: 1
17:56:38 | INFO: Extracting primitive: Cylinder.2766
17:56:38 | INFO: Primitives created: 1
17:56:38 | INFO: Extracting primitive: Cylinder.2767
17:56:38 | INFO: Primitives created: 1
17:56:38 | INFO: Extracting primitive: Cylinder.2769
17:56:38 | INFO: Primitives created: 1
17:56:38 | INFO: Extracting primitive: Cylinder.2770
17:56:38 | INFO: Primitives created: 1
17:56:38 | INFO: Extracting primitive: Cylinder.2772
17:56:38 | INFO: Primitives created: 1
17:56:38 | INFO: Extracting primitive: Cylinder.2773
17:56:38 | INFO: Primitives created: 1
17:56:38 | INFO: Extracting primitive: Cylinder.2775
17:56:38 | INFO: Primitives created: 1
17:56:38 | INFO: Extracting primitive: Cylinder.2776
17:56:38 | INFO: Primitives created: 1
17:56:38 | INFO: Extracting primitive: Cylinder.2778
17:56:38 | INFO: Primitives created: 1
17:56:38 | INFO: Extracting primitive: Cylinder.2779
17:56:38 | INFO: Primitives created: 1
17:56:38 | INFO: Extracting primitive: Cylinder.2781
17:56:38 | INFO: Primitives created: 1
17:56:38 | INFO: Extracting primitive: Cylinder.2782
17:56:38 | INFO: Primitives created: 1
17:56:38 | INFO: Extracting primitive: Cylinder.2784
17:56:38 | INFO: Primitives created: 1
17:56:38 | INFO: Extracting primitive: Cylinder.2785
17:56:38 | INFO: Primitives created: 1
17:56:38 | INFO: Extracting primitive: Cylinder.2787
17:56:38 | INFO: Primitives created: 1
17:56:38 | INFO: Extracting primitive: Cylinder.2788
17:56:38 | INFO: Primitives created: 1
17:56:38 | INFO: Extracting primitive: Cylinder.2790
17:56:38 | INFO: Primitives created: 1
17:56:38 | INFO: Extracting primitive: Cylinder.2791
17:56:38 | INFO: Primitives created: 1
17:56:38 | INFO: Extracting primitive: Cylinder.2793
17:56:38 | INFO: Primitives created: 1
17:56:38 | INFO: Extracting primitive: Cylinder.2794
17:56:38 | INFO: Primitives created: 1
17:56:38 | INFO: Extracting primitive: Cylinder.2796
17:56:38 | INFO: Primitives created: 1
17:56:38 | INFO: Extracting primitive: Cylinder.2797
17:56:38 | INFO: Primitives created: 1
17:56:38 | INFO: Extracting primitive: Cylinder.2799
17:56:38 | INFO: Primitives created: 1
17:56:38 | INFO: Extracting primitive: Cylinder.2800
17:56:38 | INFO: Primitives created: 1
17:56:38 | INFO: Extracting primitive: Cylinder.2802
17:56:38 | INFO: Primitives created: 1
17:56:38 | INFO: Extracting primitive: Cylinder.2803
17:56:38 | INFO: Primitives created: 1
17:56:38 | INFO: Extracting primitive: Cylinder.2805
17:56:38 | INFO: Primitives created: 1
17:56:38 | INFO: Extracting primitive: Cylinder.2806
17:56:38 | INFO: Primitives created: 1
17:56:38 | INFO: Extracting primitive: Cylinder.2808
17:56:38 | INFO: Primitives created: 1
17:56:38 | INFO: Extracting primitive: Cylinder.2809
17:56:38 | INFO: Primitives created: 1
17:56:38 | INFO: Extracting primitive: Cylinder.2811
17:56:38 | INFO: Primitives created: 1
17:56:38 | INFO: Extracting primitive: Cylinder.2812
17:56:38 | INFO: Primitives created: 1
17:56:38 | INFO: Extracting primitive: Cylinder.2814
17:56:38 | INFO: Primitives created: 1
17:56:38 | INFO: Extracting primitive: Cylinder.2815
17:56:38 | INFO: Primitives created: 1
17:56:38 | INFO: Extracting primitive: Cylinder.2817
17:56:38 | INFO: Primitives created: 1
17:56:38 | INFO: Extracting primitive: Cylinder.2818
17:56:38 | INFO: Primitives created: 1
17:56:38 | INFO: Extracting primitive: Cylinder.2820
17:56:38 | INFO: Primitives created: 1
17:56:38 | INFO: Extracting primitive: Cylinder.2821
17:56:38 | INFO: Primitives created: 1
17:56:38 | INFO: Extracting primitive: Cylinder.2522
17:56:38 | INFO: Primitives created: 1
17:56:38 | INFO: Extracting primitive: Cylinder.2525
17:56:38 | INFO: Primitives created: 1
17:56:38 | INFO: Extracting primitive: Cylinder.2528
17:56:38 | INFO: Primitives created: 1
17:56:38 | INFO: Extracting primitive: Cylinder.2531
17:56:38 | INFO: Primitives created: 1
17:56:38 | INFO: Extracting primitive: Cylinder.2534
17:56:38 | INFO: Primitives created: 1
17:56:38 | INFO: Extracting primitive: Cylinder.2537
17:56:38 | INFO: Primitives created: 1
17:56:38 | INFO: Extracting primitive: Cylinder.2540
17:56:38 | INFO: Primitives created: 1
17:56:38 | INFO: Extracting primitive: Cylinder.2543
17:56:38 | INFO: Primitives created: 1
17:56:38 | INFO: Extracting primitive: Cylinder.2546
17:56:38 | INFO: Primitives created: 1
17:56:38 | INFO: Extracting primitive: Cylinder.2549
17:56:38 | INFO: Primitives created: 1
17:56:38 | INFO: Extracting primitive: Cylinder.2552
17:56:38 | INFO: Primitives created: 1
17:56:38 | INFO: Extracting primitive: Cylinder.2555
17:56:38 | INFO: Primitives created: 1
17:56:38 | INFO: Extracting primitive: Cylinder.2558
17:56:38 | INFO: Primitives created: 1
17:56:38 | INFO: Extracting primitive: Cylinder.2561
17:56:38 | INFO: Primitives created: 1
17:56:38 | INFO: Extracting primitive: Cylinder.2564
17:56:38 | INFO: Primitives created: 1
17:56:38 | INFO: Extracting primitive: Cylinder.2567
17:56:38 | INFO: Primitives created: 1
17:56:38 | INFO: Extracting primitive: Cylinder.2570
17:56:38 | INFO: Primitives created: 1
17:56:38 | INFO: Extracting primitive: Cylinder.2573
17:56:38 | INFO: Primitives created: 1
17:56:38 | INFO: Extracting primitive: Cylinder.2576
17:56:38 | INFO: Primitives created: 1
17:56:38 | INFO: Extracting primitive: Cylinder.2579
17:56:38 | INFO: Primitives created: 1
17:56:38 | INFO: Extracting primitive: Cylinder.2582
17:56:38 | INFO: Primitives created: 1
17:56:38 | INFO: Extracting primitive: Cylinder.2585
17:56:38 | INFO: Primitives created: 1
17:56:38 | INFO: Extracting primitive: Cylinder.2588
17:56:38 | INFO: Primitives created: 1
17:56:38 | INFO: Extracting primitive: Cylinder.2591
17:56:38 | INFO: Primitives created: 1
17:56:38 | INFO: Extracting primitive: Cylinder.2594
17:56:38 | INFO: Primitives created: 1
17:56:38 | INFO: Extracting primitive: Cylinder.2597
17:56:38 | INFO: Primitives created: 1
17:56:38 | INFO: Extracting primitive: Cylinder.2600
17:56:38 | INFO: Primitives created: 1
17:56:38 | INFO: Extracting primitive: Cylinder.2603
17:56:38 | INFO: Primitives created: 1
17:56:38 | INFO: Extracting primitive: Cylinder.2606
17:56:38 | INFO: Primitives created: 1
17:56:38 | INFO: Extracting primitive: Cylinder.2609
17:56:38 | INFO: Primitives created: 1
17:56:38 | INFO: Extracting primitive: Cylinder.2612
17:56:38 | INFO: Primitives created: 1
17:56:38 | INFO: Extracting primitive: Cylinder.2615
17:56:38 | INFO: Primitives created: 1
17:56:38 | INFO: Extracting primitive: Cylinder.2618
17:56:38 | INFO: Primitives created: 1
17:56:38 | INFO: Extracting primitive: Cylinder.2621
17:56:38 | INFO: Primitives created: 1
17:56:38 | INFO: Extracting primitive: Cylinder.2624
17:56:38 | INFO: Primitives created: 1
17:56:38 | INFO: Extracting primitive: Cylinder.2627
17:56:38 | INFO: Primitives created: 1
17:56:38 | INFO: Extracting primitive: Cylinder.2630
17:56:38 | INFO: Primitives created: 1
17:56:38 | INFO: Extracting primitive: Cylinder.2633
17:56:38 | INFO: Primitives created: 1
17:56:38 | INFO: Extracting primitive: Cylinder.2636
17:56:38 | INFO: Primitives created: 1
17:56:38 | INFO: Extracting primitive: Cylinder.2639
17:56:38 | INFO: Primitives created: 1
17:56:38 | INFO: Extracting primitive: Cylinder.2642
17:56:38 | INFO: Primitives created: 1
17:56:38 | INFO: Extracting primitive: Cylinder.2645
17:56:38 | INFO: Primitives created: 1
17:56:38 | INFO: Extracting primitive: Cylinder.2648
17:56:38 | INFO: Primitives created: 1
17:56:38 | INFO: Extracting primitive: Cylinder.2651
17:56:38 | INFO: Primitives created: 1
17:56:38 | INFO: Extracting primitive: Cylinder.2654
17:56:38 | INFO: Primitives created: 1
17:56:38 | INFO: Extracting primitive: Cylinder.2657
17:56:38 | INFO: Primitives created: 1
17:56:38 | INFO: Extracting primitive: Cylinder.2660
17:56:38 | INFO: Primitives created: 1
17:56:38 | INFO: Extracting primitive: Cylinder.2663
17:56:38 | INFO: Primitives created: 1
17:56:38 | INFO: Extracting primitive: Cylinder.2666
17:56:38 | INFO: Primitives created: 1
17:56:38 | INFO: Extracting primitive: Cylinder.2669
17:56:38 | INFO: Primitives created: 1
17:56:38 | INFO: Extracting primitive: Cylinder.2672
17:56:38 | INFO: Primitives created: 1
17:56:38 | INFO: Extracting primitive: Cylinder.2675
17:56:38 | INFO: Primitives created: 1
17:56:38 | INFO: Extracting primitive: Cylinder.2678
17:56:38 | INFO: Primitives created: 1
17:56:38 | INFO: Extracting primitive: Cylinder.2681
17:56:38 | INFO: Primitives created: 1
17:56:38 | INFO: Extracting primitive: Cylinder.2684
17:56:38 | INFO: Primitives created: 1
17:56:38 | INFO: Extracting primitive: Cylinder.2687
17:56:38 | INFO: Primitives created: 1
17:56:38 | INFO: Extracting primitive: Cylinder.2690
17:56:38 | INFO: Primitives created: 1
17:56:38 | INFO: Extracting primitive: Cylinder.2693
17:56:38 | INFO: Primitives created: 1
17:56:38 | INFO: Extracting primitive: Cylinder.2696
17:56:38 | INFO: Primitives created: 1
17:56:38 | INFO: Extracting primitive: Cylinder.2699
17:56:38 | INFO: Primitives created: 1
17:56:38 | INFO: Extracting primitive: Cylinder.2702
17:56:38 | INFO: Primitives created: 1
17:56:38 | INFO: Extracting primitive: Cylinder.2705
17:56:38 | INFO: Primitives created: 1
17:56:38 | INFO: Extracting primitive: Cylinder.2708
17:56:38 | INFO: Primitives created: 1
17:56:38 | INFO: Extracting primitive: Cylinder.2711
17:56:38 | INFO: Primitives created: 1
17:56:38 | INFO: Extracting primitive: Cylinder.2714
17:56:38 | INFO: Primitives created: 1
17:56:38 | INFO: Extracting primitive: Cylinder.2717
17:56:38 | INFO: Primitives created: 1
17:56:38 | INFO: Extracting primitive: Cylinder.2720
17:56:38 | INFO: Primitives created: 1
17:56:38 | INFO: Extracting primitive: Cylinder.2723
17:56:38 | INFO: Primitives created: 1
17:56:38 | INFO: Extracting primitive: Cylinder.2726
17:56:38 | INFO: Primitives created: 1
17:56:38 | INFO: Extracting primitive: Cylinder.2729
17:56:38 | INFO: Primitives created: 1
17:56:38 | INFO: Extracting primitive: Cylinder.2732
17:56:38 | INFO: Primitives created: 1
17:56:38 | INFO: Extracting primitive: Cylinder.2735
17:56:38 | INFO: Primitives created: 1
17:56:38 | INFO: Extracting primitive: Cylinder.2738
17:56:38 | INFO: Primitives created: 1
17:56:38 | INFO: Extracting primitive: Cylinder.2741
17:56:38 | INFO: Primitives created: 1
17:56:38 | INFO: Extracting primitive: Cylinder.2744
17:56:38 | INFO: Primitives created: 1
17:56:38 | INFO: Extracting primitive: Cylinder.2747
17:56:38 | INFO: Primitives created: 1
17:56:38 | INFO: Extracting primitive: Cylinder.2750
17:56:38 | INFO: Primitives created: 1
17:56:38 | INFO: Extracting primitive: Cylinder.2753
17:56:38 | INFO: Primitives created: 1
17:56:38 | INFO: Extracting primitive: Cylinder.2756
17:56:38 | INFO: Primitives created: 1
17:56:38 | INFO: Extracting primitive: Cylinder.2759
17:56:38 | INFO: Primitives created: 1
17:56:38 | INFO: Extracting primitive: Cylinder.2762
17:56:38 | INFO: Primitives created: 1
17:56:38 | INFO: Extracting primitive: Cylinder.2765
17:56:38 | INFO: Primitives created: 1
17:56:38 | INFO: Extracting primitive: Cylinder.2768
17:56:38 | INFO: Primitives created: 1
17:56:38 | INFO: Extracting primitive: Cylinder.2771
17:56:38 | INFO: Primitives created: 1
17:56:38 | INFO: Extracting primitive: Cylinder.2774
17:56:38 | INFO: Primitives created: 1
17:56:38 | INFO: Extracting primitive: Cylinder.2777
17:56:38 | INFO: Primitives created: 1
17:56:38 | INFO: Extracting primitive: Cylinder.2780
17:56:38 | INFO: Primitives created: 1
17:56:38 | INFO: Extracting primitive: Cylinder.2783
17:56:38 | INFO: Primitives created: 1
17:56:38 | INFO: Extracting primitive: Cylinder.2786
17:56:38 | INFO: Primitives created: 1
17:56:38 | INFO: Extracting primitive: Cylinder.2789
17:56:38 | INFO: Primitives created: 1
17:56:38 | INFO: Extracting primitive: Cylinder.2792
17:56:38 | INFO: Primitives created: 1
17:56:38 | INFO: Extracting primitive: Cylinder.2795
17:56:38 | INFO: Primitives created: 1
17:56:38 | INFO: Extracting primitive: Cylinder.2798
17:56:38 | INFO: Primitives created: 1
17:56:38 | INFO: Extracting primitive: Cylinder.2801
17:56:38 | INFO: Primitives created: 1
17:56:38 | INFO: Extracting primitive: Cylinder.2804
17:56:38 | INFO: Primitives created: 1
17:56:38 | INFO: Extracting primitive: Cylinder.2807
17:56:38 | INFO: Primitives created: 1
17:56:38 | INFO: Extracting primitive: Cylinder.2810
17:56:38 | INFO: Primitives created: 1
17:56:38 | INFO: Extracting primitive: Cylinder.2813
17:56:38 | INFO: Primitives created: 1
17:56:38 | INFO: Extracting primitive: Cylinder.2816
17:56:38 | INFO: Primitives created: 1
17:56:38 | INFO: Extracting primitive: Cylinder.2819
17:56:38 | INFO: Primitives created: 1
17:56:38 | INFO: Extracting primitive: Cylinder.2457
17:56:38 | INFO: Primitives created: 1
17:56:38 | INFO: Extracting primitive: Cylinder.2460
17:56:38 | INFO: Primitives created: 1
17:56:38 | INFO: Extracting primitive: Cylinder.2439
17:56:38 | INFO: Primitives created: 1
17:56:38 | INFO: Extracting primitive: Cylinder.2443
17:56:38 | INFO: Primitives created: 1
17:56:38 | INFO: Extracting primitive: cargo-west-fairlead-flange.004
17:56:38 | INFO: Primitives created: 1
17:56:38 | INFO: Extracting primitive: cargo-west-fairlead-flange.005
17:56:38 | INFO: Primitives created: 1
17:56:38 | INFO: Extracting primitive: cargo-west-fairlead-groove.002
17:56:38 | INFO: Primitives created: 1
17:56:38 | INFO: Extracting primitive: Cylinder.2446
17:56:38 | INFO: Primitives created: 1
17:56:38 | INFO: Extracting primitive: Cylinder.2442
17:56:38 | INFO: Primitives created: 1
17:56:38 | INFO: Extracting primitive: cargo-west-horizontal-fairlead-flange.004
17:56:38 | INFO: Primitives created: 1
17:56:38 | INFO: Extracting primitive: cargo-west-horizontal-fairlead-flange.005
17:56:38 | INFO: Primitives created: 1
17:56:38 | INFO: Extracting primitive: cargo-west-horizontal-fairlead-groove.002
17:56:38 | INFO: Primitives created: 1
17:56:38 | INFO: Extracting primitive: Cylinder.2447
17:56:38 | INFO: Primitives created: 1
17:56:38 | INFO: Extracting primitive: Cylinder.2437
17:56:38 | INFO: Primitives created: 1
17:56:38 | INFO: Extracting primitive: Cylinder.2438
17:56:38 | INFO: Primitives created: 1
17:56:38 | INFO: Extracting primitive: Cylinder.2436
17:56:38 | INFO: Primitives created: 1
17:56:38 | INFO: Extracting primitive: Cylinder.2448
17:56:38 | INFO: Primitives created: 1
17:56:38 | INFO: Extracting primitive: cargo-storage-drum-core.002
17:56:38 | INFO: Primitives created: 1
17:56:38 | INFO: Extracting primitive: cargo-storage-drum-flange.004
17:56:38 | INFO: Primitives created: 1
17:56:38 | INFO: Extracting primitive: cargo-storage-drum-flange.005
17:56:38 | INFO: Primitives created: 1
17:56:38 | INFO: Extracting primitive: cargo-tail-collar-pivot-ear.004
17:56:38 | INFO: Primitives created: 1
17:56:38 | INFO: Extracting primitive: cargo-tail-collar-pivot-ear.005
17:56:38 | INFO: Primitives created: 1
17:56:38 | INFO: Extracting primitive: Cube.461
17:56:38 | INFO: Primitives created: 1
17:56:38 | INFO: Extracting primitive: Cube.462
17:56:38 | INFO: Primitives created: 1
17:56:38 | INFO: Extracting primitive: Cube.459
17:56:38 | INFO: Primitives created: 1
17:56:38 | INFO: Extracting primitive: Cube.460
17:56:38 | INFO: Primitives created: 1
17:56:38 | INFO: Extracting primitive: cargo-lower-block-bridle-eye.002
17:56:38 | INFO: Primitives created: 1
17:56:38 | INFO: Extracting primitive: Cube.467
17:56:38 | INFO: Primitives created: 1
17:56:38 | INFO: Extracting primitive: Cube.468
17:56:38 | INFO: Primitives created: 1
17:56:38 | INFO: Extracting primitive: Cylinder.2885
17:56:38 | INFO: Primitives created: 1
17:56:38 | INFO: Extracting primitive: cargo-lower-load-sheave-flange.004
17:56:38 | INFO: Primitives created: 1
17:56:38 | INFO: Extracting primitive: cargo-lower-load-sheave-flange.005
17:56:38 | INFO: Primitives created: 1
17:56:38 | INFO: Extracting primitive: cargo-lower-load-sheave-groove.002
17:56:38 | INFO: Primitives created: 1
17:56:38 | INFO: Extracting primitive: Cube.465
17:56:38 | INFO: Primitives created: 1
17:56:38 | INFO: Extracting primitive: Cube.466
17:56:38 | INFO: Primitives created: 1
17:56:38 | INFO: Extracting primitive: Cube.463
17:56:38 | INFO: Primitives created: 1
17:56:38 | INFO: Extracting primitive: Cube.464
17:56:38 | INFO: Primitives created: 1
17:56:38 | INFO: Extracting primitive: cargo-upper-collar-sling-eye.004
17:56:38 | INFO: Primitives created: 1
17:56:38 | INFO: Extracting primitive: cargo-upper-collar-sling-eye.005
17:56:38 | INFO: Primitives created: 1
17:56:38 | INFO: Extracting primitive: Cylinder.2276
17:56:38 | INFO: Primitives created: 1
17:56:38 | INFO: Extracting primitive: east-guide-sheave-flange.003
17:56:38 | INFO: Primitives created: 1
17:56:38 | INFO: Extracting primitive: east-guide-sheave-flange.004
17:56:38 | INFO: Primitives created: 1
17:56:38 | INFO: Extracting primitive: east-guide-sheave-groove-floor.002
17:56:38 | INFO: Primitives created: 1
17:56:38 | INFO: Extracting primitive: Cube.376
17:56:38 | INFO: Primitives created: 1
17:56:38 | INFO: Extracting primitive: Cube.377
17:56:38 | INFO: Primitives created: 1
17:56:38 | INFO: Extracting primitive: Cube.378
17:56:38 | INFO: Primitives created: 1
17:56:38 | INFO: Extracting primitive: Cube.379
17:56:38 | INFO: Primitives created: 1
17:56:38 | INFO: Extracting primitive: Cylinder.2277
17:56:38 | INFO: Primitives created: 1
17:56:38 | INFO: Extracting primitive: east-upper-guide-sheave-flange.003
17:56:38 | INFO: Primitives created: 1
17:56:38 | INFO: Extracting primitive: east-upper-guide-sheave-flange.004
17:56:38 | INFO: Primitives created: 1
17:56:38 | INFO: Extracting primitive: east-upper-guide-sheave-groove-floor.002
17:56:38 | INFO: Primitives created: 1
17:56:38 | INFO: Extracting primitive: climb-input-crank-involute.002
17:56:38 | INFO: Primitives created: 1
17:56:38 | INFO: Extracting primitive: Cylinder.2838
17:56:38 | INFO: Primitives created: 1
17:56:38 | INFO: Extracting primitive: Cylinder.2839
17:56:38 | INFO: Primitives created: 1
17:56:38 | INFO: Extracting primitive: Cylinder.2837
17:56:38 | INFO: Primitives created: 1
17:56:38 | INFO: Extracting primitive: climb-output-gear-involute.002
17:56:38 | INFO: Primitives created: 1
17:56:38 | INFO: Extracting primitive: Cylinder.2273
17:56:38 | INFO: Primitives created: 1
17:56:38 | INFO: Extracting primitive: Cylinder.2274
17:56:38 | INFO: Primitives created: 1
17:56:38 | INFO: Extracting primitive: climb-ratchet-wheel-involute.002
17:56:38 | INFO: Primitives created: 1
17:56:38 | INFO: Extracting primitive: Cube.374
17:56:38 | INFO: Primitives created: 1
17:56:38 | INFO: Extracting primitive: Cube.375
17:56:38 | INFO: Primitives created: 1
17:56:38 | INFO: Extracting primitive: Cylinder.2275
17:56:38 | INFO: Primitives created: 1
17:56:38 | INFO: Extracting primitive: west-guide-sheave-flange.003
17:56:38 | INFO: Primitives created: 1
17:56:38 | INFO: Extracting primitive: west-guide-sheave-flange.004
17:56:38 | INFO: Primitives created: 1
17:56:38 | INFO: Extracting primitive: west-guide-sheave-groove-floor.002
17:56:38 | INFO: Primitives created: 1
17:56:38 | INFO: Extracting primitive: Cylinder.2269
17:56:38 | INFO: Primitives created: 1
17:56:38 | INFO: Extracting primitive: winch-rope-flange.003
17:56:38 | INFO: Primitives created: 1
17:56:38 | INFO: Extracting primitive: winch-rope-flange.004
17:56:38 | INFO: Primitives created: 1
17:56:38 | INFO: Extracting primitive: Cube.367
17:56:38 | INFO: Primitives created: 1
17:56:38 | INFO: Extracting primitive: Cube.369
17:56:38 | INFO: Primitives created: 1
17:56:38 | INFO: Extracting primitive: Cube.366
17:56:38 | INFO: Primitives created: 1
17:56:38 | INFO: Extracting primitive: Cube.368
17:56:38 | INFO: Primitives created: 1
17:56:38 | INFO: Extracting primitive: Cube.370
17:56:38 | INFO: Primitives created: 1
17:56:38 | INFO: Extracting primitive: Cylinder.2267
17:56:38 | INFO: Primitives created: 1
17:56:38 | INFO: Extracting primitive: Cylinder.2268
17:56:38 | INFO: Primitives created: 1
17:56:38 | INFO: Extracting primitive: Cube.372
17:56:38 | INFO: Primitives created: 1
17:56:38 | INFO: Extracting primitive: Cube.373
17:56:38 | INFO: Primitives created: 1
17:56:38 | INFO: Extracting primitive: Cylinder.2265
17:56:38 | INFO: Primitives created: 1
17:56:38 | INFO: Extracting primitive: Cylinder.2266
17:56:38 | INFO: Primitives created: 1
17:56:38 | INFO: Extracting primitive: Cylinder.2260
17:56:38 | INFO: Primitives created: 1
17:56:38 | INFO: Extracting primitive: Cylinder.2261
17:56:38 | INFO: Primitives created: 1
17:56:38 | INFO: Extracting primitive: Cylinder.2263
17:56:38 | INFO: Primitives created: 1
17:56:38 | INFO: Extracting primitive: Cylinder.2264
17:56:38 | INFO: Primitives created: 1
17:56:38 | INFO: Extracting primitive: Cylinder.2262
17:56:38 | INFO: Primitives created: 1
17:56:38 | INFO: Extracting primitive: Cube.371
17:56:38 | INFO: Primitives created: 1
17:56:38 | INFO: Extracting primitive: Cylinder.2176
17:56:38 | INFO: Primitives created: 1
17:56:38 | INFO: Extracting primitive: Cylinder.2177
17:56:38 | INFO: Primitives created: 1
17:56:38 | INFO: Extracting primitive: Cube.290
17:56:38 | INFO: Primitives created: 1
17:56:38 | INFO: Extracting primitive: Cube.291
17:56:38 | INFO: Primitives created: 1
17:56:38 | INFO: Extracting primitive: Cube.292
17:56:38 | INFO: Primitives created: 1
17:56:38 | INFO: Extracting primitive: Cube.293
17:56:38 | INFO: Primitives created: 1
17:56:38 | INFO: Extracting primitive: Cylinder.2185
17:56:38 | INFO: Primitives created: 1
17:56:38 | INFO: Extracting primitive: Cylinder.2186
17:56:38 | INFO: Primitives created: 1
17:56:38 | INFO: Extracting primitive: Cylinder.2192
17:56:38 | INFO: Primitives created: 1
17:56:38 | INFO: Extracting primitive: Cylinder.2193
17:56:38 | INFO: Primitives created: 1
17:56:38 | INFO: Extracting primitive: Cylinder.2184
17:56:38 | INFO: Primitives created: 1
17:56:38 | INFO: Extracting primitive: Cylinder.2182
17:56:38 | INFO: Primitives created: 1
17:56:38 | INFO: Extracting primitive: Cylinder.2183
17:56:38 | INFO: Primitives created: 1
17:56:38 | INFO: Extracting primitive: Cylinder.2188
17:56:38 | INFO: Primitives created: 1
17:56:38 | INFO: Extracting primitive: hinge-pin-pull-eye.009
17:56:38 | INFO: Primitives created: 1
17:56:38 | INFO: Extracting primitive: leaf-hinge-knuckle.009
17:56:38 | INFO: Primitives created: 1
17:56:38 | INFO: Extracting primitive: Cylinder.2187
17:56:38 | INFO: Primitives created: 1
17:56:38 | INFO: Extracting primitive: Cube.299
17:56:38 | INFO: Primitives created: 1
17:56:38 | INFO: Extracting primitive: Cube.296
17:56:38 | INFO: Primitives created: 1
17:56:38 | INFO: Extracting primitive: Cube.294
17:56:38 | INFO: Primitives created: 1
17:56:38 | INFO: Extracting primitive: Cube.295
17:56:38 | INFO: Primitives created: 1
17:56:38 | INFO: Extracting primitive: Cylinder.2191
17:56:38 | INFO: Primitives created: 1
17:56:38 | INFO: Extracting primitive: Cylinder.2189
17:56:38 | INFO: Primitives created: 1
17:56:38 | INFO: Extracting primitive: Cylinder.2190
17:56:38 | INFO: Primitives created: 1
17:56:38 | INFO: Extracting primitive: Cylinder.2195
17:56:38 | INFO: Primitives created: 1
17:56:38 | INFO: Extracting primitive: hinge-pin-pull-eye.010
17:56:38 | INFO: Primitives created: 1
17:56:38 | INFO: Extracting primitive: leaf-hinge-knuckle.010
17:56:38 | INFO: Primitives created: 1
17:56:38 | INFO: Extracting primitive: Cylinder.2194
17:56:38 | INFO: Primitives created: 1
17:56:38 | INFO: Extracting primitive: Cube.305
17:56:38 | INFO: Primitives created: 1
17:56:38 | INFO: Extracting primitive: Cube.302
17:56:38 | INFO: Primitives created: 1
17:56:38 | INFO: Extracting primitive: Cube.300
17:56:38 | INFO: Primitives created: 1
17:56:38 | INFO: Extracting primitive: Cube.301
17:56:38 | INFO: Primitives created: 1
17:56:38 | INFO: Extracting primitive: Cylinder.2181
17:56:38 | INFO: Primitives created: 1
17:56:38 | INFO: Extracting primitive: Cylinder.2180
17:56:38 | INFO: Primitives created: 1
17:56:38 | INFO: Extracting primitive: Cylinder.2178
17:56:38 | INFO: Primitives created: 1
17:56:38 | INFO: Extracting primitive: Cylinder.2179
17:56:38 | INFO: Primitives created: 1
17:56:38 | INFO: Extracting primitive: Cube.297
17:56:38 | INFO: Primitives created: 1
17:56:38 | INFO: Extracting primitive: Cube.298
17:56:38 | INFO: Primitives created: 1
17:56:38 | INFO: Extracting primitive: Cube.303
17:56:38 | INFO: Primitives created: 1
17:56:38 | INFO: Extracting primitive: Cube.304
17:56:38 | INFO: Primitives created: 1
17:56:38 | INFO: Extracting primitive: Cube.286
17:56:38 | INFO: Primitives created: 1
17:56:38 | INFO: Extracting primitive: Cube.287
17:56:38 | INFO: Primitives created: 1
17:56:38 | INFO: Extracting primitive: Cube.288
17:56:38 | INFO: Primitives created: 1
17:56:38 | INFO: Extracting primitive: Cube.289
17:56:38 | INFO: Primitives created: 1
17:56:38 | INFO: Extracting primitive: Cylinder.2196
17:56:38 | INFO: Primitives created: 1
17:56:38 | INFO: Extracting primitive: Cylinder.2197
17:56:38 | INFO: Primitives created: 1
17:56:38 | INFO: Extracting primitive: Cube.310
17:56:38 | INFO: Primitives created: 1
17:56:38 | INFO: Extracting primitive: Cube.311
17:56:38 | INFO: Primitives created: 1
17:56:38 | INFO: Extracting primitive: Cube.312
17:56:38 | INFO: Primitives created: 1
17:56:38 | INFO: Extracting primitive: Cube.313
17:56:38 | INFO: Primitives created: 1
17:56:38 | INFO: Extracting primitive: Cylinder.2205
17:56:38 | INFO: Primitives created: 1
17:56:38 | INFO: Extracting primitive: Cylinder.2206
17:56:38 | INFO: Primitives created: 1
17:56:38 | INFO: Extracting primitive: Cylinder.2214
17:56:38 | INFO: Primitives created: 1
17:56:38 | INFO: Extracting primitive: Cylinder.2215
17:56:38 | INFO: Primitives created: 1
17:56:38 | INFO: Extracting primitive: Cylinder.2204
17:56:38 | INFO: Primitives created: 1
17:56:38 | INFO: Extracting primitive: Cylinder.2202
17:56:38 | INFO: Primitives created: 1
17:56:38 | INFO: Extracting primitive: Cylinder.2203
17:56:38 | INFO: Primitives created: 1
17:56:38 | INFO: Extracting primitive: axial-control-eye.003
17:56:38 | INFO: Primitives created: 1
17:56:38 | INFO: Extracting primitive: Cylinder.2210
17:56:38 | INFO: Primitives created: 1
17:56:38 | INFO: Extracting primitive: Cylinder.2209
17:56:38 | INFO: Primitives created: 1
17:56:38 | INFO: Extracting primitive: Cylinder.2208
17:56:38 | INFO: Primitives created: 1
17:56:38 | INFO: Extracting primitive: hinge-pin-pull-eye.011
17:56:38 | INFO: Primitives created: 1
17:56:38 | INFO: Extracting primitive: leaf-hinge-knuckle.011
17:56:38 | INFO: Primitives created: 1
17:56:38 | INFO: Extracting primitive: Cylinder.2207
17:56:38 | INFO: Primitives created: 1
17:56:38 | INFO: Extracting primitive: Cube.319
17:56:38 | INFO: Primitives created: 1
17:56:38 | INFO: Extracting primitive: Cube.316
17:56:38 | INFO: Primitives created: 1
17:56:38 | INFO: Extracting primitive: Cube.314
17:56:38 | INFO: Primitives created: 1
17:56:38 | INFO: Extracting primitive: Cube.315
17:56:38 | INFO: Primitives created: 1
17:56:38 | INFO: Extracting primitive: Cylinder.2213
17:56:38 | INFO: Primitives created: 1
17:56:38 | INFO: Extracting primitive: Cylinder.2211
17:56:38 | INFO: Primitives created: 1
17:56:38 | INFO: Extracting primitive: Cylinder.2212
17:56:38 | INFO: Primitives created: 1
17:56:38 | INFO: Extracting primitive: Cylinder.2217
17:56:38 | INFO: Primitives created: 1
17:56:38 | INFO: Extracting primitive: hinge-pin-pull-eye.012
17:56:38 | INFO: Primitives created: 1
17:56:38 | INFO: Extracting primitive: leaf-hinge-knuckle.012
17:56:38 | INFO: Primitives created: 1
17:56:38 | INFO: Extracting primitive: Cylinder.2216
17:56:38 | INFO: Primitives created: 1
17:56:38 | INFO: Extracting primitive: Cube.325
17:56:38 | INFO: Primitives created: 1
17:56:38 | INFO: Extracting primitive: Cube.322
17:56:38 | INFO: Primitives created: 1
17:56:38 | INFO: Extracting primitive: Cube.320
17:56:38 | INFO: Primitives created: 1
17:56:38 | INFO: Extracting primitive: Cube.321
17:56:38 | INFO: Primitives created: 1
17:56:38 | INFO: Extracting primitive: Cylinder.2201
17:56:38 | INFO: Primitives created: 1
17:56:38 | INFO: Extracting primitive: Cylinder.2200
17:56:38 | INFO: Primitives created: 1
17:56:38 | INFO: Extracting primitive: Cylinder.2198
17:56:38 | INFO: Primitives created: 1
17:56:38 | INFO: Extracting primitive: Cylinder.2199
17:56:38 | INFO: Primitives created: 1
17:56:38 | INFO: Extracting primitive: Cube.317
17:56:38 | INFO: Primitives created: 1
17:56:38 | INFO: Extracting primitive: Cube.318
17:56:38 | INFO: Primitives created: 1
17:56:38 | INFO: Extracting primitive: Cube.323
17:56:38 | INFO: Primitives created: 1
17:56:38 | INFO: Extracting primitive: Cube.324
17:56:38 | INFO: Primitives created: 1
17:56:38 | INFO: Extracting primitive: Cube.306
17:56:38 | INFO: Primitives created: 1
17:56:38 | INFO: Extracting primitive: Cube.307
17:56:38 | INFO: Primitives created: 1
17:56:38 | INFO: Extracting primitive: Cube.308
17:56:38 | INFO: Primitives created: 1
17:56:38 | INFO: Extracting primitive: Cube.309
17:56:38 | INFO: Primitives created: 1
17:56:38 | INFO: Extracting primitive: Cylinder.2218
17:56:38 | INFO: Primitives created: 1
17:56:38 | INFO: Extracting primitive: Cylinder.2219
17:56:38 | INFO: Primitives created: 1
17:56:38 | INFO: Extracting primitive: Cube.330
17:56:38 | INFO: Primitives created: 1
17:56:38 | INFO: Extracting primitive: Cube.331
17:56:38 | INFO: Primitives created: 1
17:56:38 | INFO: Extracting primitive: Cube.332
17:56:38 | INFO: Primitives created: 1
17:56:38 | INFO: Extracting primitive: Cube.333
17:56:38 | INFO: Primitives created: 1
17:56:38 | INFO: Extracting primitive: Cylinder.2227
17:56:38 | INFO: Primitives created: 1
17:56:38 | INFO: Extracting primitive: Cylinder.2228
17:56:38 | INFO: Primitives created: 1
17:56:38 | INFO: Extracting primitive: Cylinder.2234
17:56:38 | INFO: Primitives created: 1
17:56:38 | INFO: Extracting primitive: Cylinder.2235
17:56:38 | INFO: Primitives created: 1
17:56:38 | INFO: Extracting primitive: Cylinder.2226
17:56:38 | INFO: Primitives created: 1
17:56:38 | INFO: Extracting primitive: Cylinder.2224
17:56:38 | INFO: Primitives created: 1
17:56:38 | INFO: Extracting primitive: Cylinder.2225
17:56:38 | INFO: Primitives created: 1
17:56:38 | INFO: Extracting primitive: Cylinder.2230
17:56:38 | INFO: Primitives created: 1
17:56:38 | INFO: Extracting primitive: hinge-pin-pull-eye.013
17:56:38 | INFO: Primitives created: 1
17:56:38 | INFO: Extracting primitive: leaf-hinge-knuckle.013
17:56:38 | INFO: Primitives created: 1
17:56:38 | INFO: Extracting primitive: Cylinder.2229
17:56:38 | INFO: Primitives created: 1
17:56:38 | INFO: Extracting primitive: Cube.339
17:56:38 | INFO: Primitives created: 1
17:56:38 | INFO: Extracting primitive: Cube.336
17:56:38 | INFO: Primitives created: 1
17:56:38 | INFO: Extracting primitive: Cube.334
17:56:38 | INFO: Primitives created: 1
17:56:38 | INFO: Extracting primitive: Cube.335
17:56:38 | INFO: Primitives created: 1
17:56:38 | INFO: Extracting primitive: Cylinder.2233
17:56:38 | INFO: Primitives created: 1
17:56:38 | INFO: Extracting primitive: Cylinder.2231
17:56:38 | INFO: Primitives created: 1
17:56:38 | INFO: Extracting primitive: Cylinder.2232
17:56:38 | INFO: Primitives created: 1
17:56:38 | INFO: Extracting primitive: Cylinder.2237
17:56:38 | INFO: Primitives created: 1
17:56:38 | INFO: Extracting primitive: hinge-pin-pull-eye.014
17:56:38 | INFO: Primitives created: 1
17:56:38 | INFO: Extracting primitive: leaf-hinge-knuckle.014
17:56:38 | INFO: Primitives created: 1
17:56:38 | INFO: Extracting primitive: Cylinder.2236
17:56:38 | INFO: Primitives created: 1
17:56:38 | INFO: Extracting primitive: Cube.345
17:56:38 | INFO: Primitives created: 1
17:56:38 | INFO: Extracting primitive: Cube.342
17:56:38 | INFO: Primitives created: 1
17:56:38 | INFO: Extracting primitive: Cube.340
17:56:38 | INFO: Primitives created: 1
17:56:38 | INFO: Extracting primitive: Cube.341
17:56:38 | INFO: Primitives created: 1
17:56:38 | INFO: Extracting primitive: Cylinder.2223
17:56:38 | INFO: Primitives created: 1
17:56:38 | INFO: Extracting primitive: Cylinder.2222
17:56:38 | INFO: Primitives created: 1
17:56:38 | INFO: Extracting primitive: Cylinder.2220
17:56:38 | INFO: Primitives created: 1
17:56:38 | INFO: Extracting primitive: Cylinder.2221
17:56:38 | INFO: Primitives created: 1
17:56:38 | INFO: Extracting primitive: Cube.337
17:56:38 | INFO: Primitives created: 1
17:56:38 | INFO: Extracting primitive: Cube.338
17:56:38 | INFO: Primitives created: 1
17:56:38 | INFO: Extracting primitive: Cube.343
17:56:38 | INFO: Primitives created: 1
17:56:38 | INFO: Extracting primitive: Cube.344
17:56:38 | INFO: Primitives created: 1
17:56:38 | INFO: Extracting primitive: Cube.326
17:56:38 | INFO: Primitives created: 1
17:56:38 | INFO: Extracting primitive: Cube.327
17:56:38 | INFO: Primitives created: 1
17:56:38 | INFO: Extracting primitive: Cube.328
17:56:38 | INFO: Primitives created: 1
17:56:38 | INFO: Extracting primitive: Cube.329
17:56:38 | INFO: Primitives created: 1
17:56:38 | INFO: Extracting primitive: Cylinder.2238
17:56:38 | INFO: Primitives created: 1
17:56:38 | INFO: Extracting primitive: Cylinder.2239
17:56:38 | INFO: Primitives created: 1
17:56:38 | INFO: Extracting primitive: Cube.350
17:56:38 | INFO: Primitives created: 1
17:56:38 | INFO: Extracting primitive: Cube.351
17:56:38 | INFO: Primitives created: 1
17:56:38 | INFO: Extracting primitive: Cube.352
17:56:38 | INFO: Primitives created: 1
17:56:38 | INFO: Extracting primitive: Cube.353
17:56:38 | INFO: Primitives created: 1
17:56:38 | INFO: Extracting primitive: Cylinder.2247
17:56:38 | INFO: Primitives created: 1
17:56:38 | INFO: Extracting primitive: Cylinder.2248
17:56:38 | INFO: Primitives created: 1
17:56:38 | INFO: Extracting primitive: Cylinder.2256
17:56:38 | INFO: Primitives created: 1
17:56:38 | INFO: Extracting primitive: Cylinder.2257
17:56:38 | INFO: Primitives created: 1
17:56:38 | INFO: Extracting primitive: Cylinder.2246
17:56:38 | INFO: Primitives created: 1
17:56:38 | INFO: Extracting primitive: Cylinder.2244
17:56:38 | INFO: Primitives created: 1
17:56:38 | INFO: Extracting primitive: Cylinder.2245
17:56:38 | INFO: Primitives created: 1
17:56:38 | INFO: Extracting primitive: axial-control-eye.004
17:56:38 | INFO: Primitives created: 1
17:56:38 | INFO: Extracting primitive: Cylinder.2252
17:56:38 | INFO: Primitives created: 1
17:56:38 | INFO: Extracting primitive: Cylinder.2251
17:56:38 | INFO: Primitives created: 1
17:56:38 | INFO: Extracting primitive: Cylinder.2250
17:56:38 | INFO: Primitives created: 1
17:56:38 | INFO: Extracting primitive: hinge-pin-pull-eye.015
17:56:38 | INFO: Primitives created: 1
17:56:38 | INFO: Extracting primitive: leaf-hinge-knuckle.015
17:56:38 | INFO: Primitives created: 1
17:56:38 | INFO: Extracting primitive: Cylinder.2249
17:56:38 | INFO: Primitives created: 1
17:56:38 | INFO: Extracting primitive: Cube.359
17:56:38 | INFO: Primitives created: 1
17:56:38 | INFO: Extracting primitive: Cube.356
17:56:38 | INFO: Primitives created: 1
17:56:38 | INFO: Extracting primitive: Cube.354
17:56:38 | INFO: Primitives created: 1
17:56:38 | INFO: Extracting primitive: Cube.355
17:56:38 | INFO: Primitives created: 1
17:56:38 | INFO: Extracting primitive: Cylinder.2255
17:56:38 | INFO: Primitives created: 1
17:56:38 | INFO: Extracting primitive: Cylinder.2253
17:56:38 | INFO: Primitives created: 1
17:56:38 | INFO: Extracting primitive: Cylinder.2254
17:56:38 | INFO: Primitives created: 1
17:56:38 | INFO: Extracting primitive: Cylinder.2259
17:56:38 | INFO: Primitives created: 1
17:56:38 | INFO: Extracting primitive: hinge-pin-pull-eye.016
17:56:38 | INFO: Primitives created: 1
17:56:38 | INFO: Extracting primitive: leaf-hinge-knuckle.016
17:56:38 | INFO: Primitives created: 1
17:56:38 | INFO: Extracting primitive: Cylinder.2258
17:56:38 | INFO: Primitives created: 1
17:56:38 | INFO: Extracting primitive: Cube.365
17:56:38 | INFO: Primitives created: 1
17:56:38 | INFO: Extracting primitive: Cube.362
17:56:38 | INFO: Primitives created: 1
17:56:38 | INFO: Extracting primitive: Cube.360
17:56:38 | INFO: Primitives created: 1
17:56:38 | INFO: Extracting primitive: Cube.361
17:56:38 | INFO: Primitives created: 1
17:56:38 | INFO: Extracting primitive: Cylinder.2243
17:56:38 | INFO: Primitives created: 1
17:56:38 | INFO: Extracting primitive: Cylinder.2242
17:56:38 | INFO: Primitives created: 1
17:56:38 | INFO: Extracting primitive: Cylinder.2240
17:56:38 | INFO: Primitives created: 1
17:56:38 | INFO: Extracting primitive: Cylinder.2241
17:56:38 | INFO: Primitives created: 1
17:56:38 | INFO: Extracting primitive: Cube.357
17:56:38 | INFO: Primitives created: 1
17:56:38 | INFO: Extracting primitive: Cube.358
17:56:38 | INFO: Primitives created: 1
17:56:38 | INFO: Extracting primitive: Cube.363
17:56:38 | INFO: Primitives created: 1
17:56:38 | INFO: Extracting primitive: Cube.364
17:56:38 | INFO: Primitives created: 1
17:56:38 | INFO: Extracting primitive: Cube.346
17:56:38 | INFO: Primitives created: 1
17:56:38 | INFO: Extracting primitive: Cube.347
17:56:38 | INFO: Primitives created: 1
17:56:38 | INFO: Extracting primitive: Cube.348
17:56:38 | INFO: Primitives created: 1
17:56:38 | INFO: Extracting primitive: Cube.349
17:56:38 | INFO: Primitives created: 1
17:56:38 | INFO: Extracting primitive: Cylinder.2278
17:56:38 | INFO: Primitives created: 1
17:56:38 | INFO: Extracting primitive: Cylinder.2279
17:56:38 | INFO: Primitives created: 1
17:56:38 | INFO: Extracting primitive: Cylinder.2280
17:56:38 | INFO: Primitives created: 1
17:56:38 | INFO: Extracting primitive: Cylinder.2281
17:56:38 | INFO: Primitives created: 1
17:56:38 | INFO: Extracting primitive: Cylinder.2282
17:56:38 | INFO: Primitives created: 1
17:56:38 | INFO: Extracting primitive: Cylinder.2283
17:56:38 | INFO: Primitives created: 1
17:56:38 | INFO: Extracting primitive: Cylinder.2284
17:56:38 | INFO: Primitives created: 1
17:56:38 | INFO: Extracting primitive: Cylinder.2285
17:56:38 | INFO: Primitives created: 1
17:56:38 | INFO: Extracting primitive: Cube.381
17:56:38 | INFO: Primitives created: 1
17:56:38 | INFO: Extracting primitive: Cube.383
17:56:38 | INFO: Primitives created: 1
17:56:38 | INFO: Extracting primitive: Cylinder.2286
17:56:38 | INFO: Primitives created: 1
17:56:38 | INFO: Extracting primitive: Cylinder.2287
17:56:38 | INFO: Primitives created: 1
17:56:38 | INFO: Extracting primitive: Cylinder.2288
17:56:38 | INFO: Primitives created: 1
17:56:38 | INFO: Extracting primitive: Cylinder.2289
17:56:38 | INFO: Primitives created: 1
17:56:38 | INFO: Extracting primitive: Cylinder.2290
17:56:38 | INFO: Primitives created: 1
17:56:38 | INFO: Extracting primitive: Cylinder.2291
17:56:38 | INFO: Primitives created: 1
17:56:38 | INFO: Extracting primitive: Cylinder.2292
17:56:38 | INFO: Primitives created: 1
17:56:38 | INFO: Extracting primitive: Cylinder.2293
17:56:38 | INFO: Primitives created: 1
17:56:38 | INFO: Extracting primitive: Cylinder.2294
17:56:38 | INFO: Primitives created: 1
17:56:38 | INFO: Extracting primitive: Cylinder.2295
17:56:38 | INFO: Primitives created: 1
17:56:38 | INFO: Extracting primitive: Cylinder.2296
17:56:38 | INFO: Primitives created: 1
17:56:38 | INFO: Extracting primitive: Cylinder.2297
17:56:38 | INFO: Primitives created: 1
17:56:38 | INFO: Extracting primitive: Cylinder.2298
17:56:38 | INFO: Primitives created: 1
17:56:38 | INFO: Extracting primitive: Cylinder.2299
17:56:38 | INFO: Primitives created: 1
17:56:38 | INFO: Extracting primitive: Cylinder.2300
17:56:38 | INFO: Primitives created: 1
17:56:38 | INFO: Extracting primitive: Cylinder.2301
17:56:38 | INFO: Primitives created: 1
17:56:38 | INFO: Extracting primitive: Cylinder.2302
17:56:38 | INFO: Primitives created: 1
17:56:38 | INFO: Extracting primitive: Cylinder.2303
17:56:38 | INFO: Primitives created: 1
17:56:38 | INFO: Extracting primitive: Cylinder.2304
17:56:38 | INFO: Primitives created: 1
17:56:38 | INFO: Extracting primitive: Cylinder.2305
17:56:38 | INFO: Primitives created: 1
17:56:38 | INFO: Extracting primitive: Cylinder.2306
17:56:38 | INFO: Primitives created: 1
17:56:38 | INFO: Extracting primitive: Cylinder.2307
17:56:38 | INFO: Primitives created: 1
17:56:38 | INFO: Extracting primitive: Cylinder.2308
17:56:38 | INFO: Primitives created: 1
17:56:38 | INFO: Extracting primitive: Cylinder.2309
17:56:38 | INFO: Primitives created: 1
17:56:38 | INFO: Extracting primitive: Cube.380
17:56:38 | INFO: Primitives created: 1
17:56:38 | INFO: Extracting primitive: Cube.382
17:56:38 | INFO: Primitives created: 1
17:56:38 | INFO: Extracting primitive: Cube.436
17:56:38 | INFO: Primitives created: 1
17:56:38 | INFO: Extracting primitive: Cube.437
17:56:38 | INFO: Primitives created: 1
17:56:38 | INFO: Extracting primitive: Cube.440
17:56:38 | INFO: Primitives created: 1
17:56:38 | INFO: Extracting primitive: Cube.441
17:56:38 | INFO: Primitives created: 1
17:56:38 | INFO: Extracting primitive: Cylinder.2840
17:56:38 | INFO: Primitives created: 1
17:56:38 | INFO: Extracting primitive: Cylinder.2841
17:56:38 | INFO: Primitives created: 1
17:56:38 | INFO: Extracting primitive: Cube.434
17:56:38 | INFO: Primitives created: 1
17:56:38 | INFO: Extracting primitive: Cube.435
17:56:38 | INFO: Primitives created: 1
17:56:38 | INFO: Extracting primitive: Cube.438
17:56:38 | INFO: Primitives created: 1
17:56:38 | INFO: Extracting primitive: Cube.439
17:56:38 | INFO: Primitives created: 1
17:56:38 | INFO: Extracting primitive: Cylinder.2842
17:56:38 | INFO: Primitives created: 1
17:56:38 | INFO: Extracting primitive: cargo-annular-bearing-hub.002
17:56:38 | INFO: Primitives created: 1
17:56:38 | INFO: Extracting primitive: cargo-annular-flange.004
17:56:38 | INFO: Primitives created: 1
17:56:38 | INFO: Extracting primitive: cargo-annular-flange.005
17:56:38 | INFO: Primitives created: 1
17:56:38 | INFO: Extracting primitive: cargo-annular-groove.002
17:56:38 | INFO: Primitives created: 1
17:56:38 | INFO: Extracting primitive: Cylinder.2406
17:56:38 | INFO: Primitives created: 1
17:56:38 | INFO: Extracting primitive: Cylinder.2407
17:56:38 | INFO: Primitives created: 1
17:56:38 | INFO: Extracting primitive: Cylinder.2408
17:56:38 | INFO: Primitives created: 1
17:56:38 | INFO: Extracting primitive: Cylinder.2409
17:56:38 | INFO: Primitives created: 1
17:56:38 | INFO: Extracting primitive: Cylinder.2410
17:56:38 | INFO: Primitives created: 1
17:56:38 | INFO: Extracting primitive: Cylinder.2411
17:56:38 | INFO: Primitives created: 1
17:56:38 | INFO: Extracting primitive: Cylinder.2412
17:56:38 | INFO: Primitives created: 1
17:56:38 | INFO: Extracting primitive: Cylinder.2413
17:56:38 | INFO: Primitives created: 1
17:56:38 | INFO: Extracting primitive: Cube.413
17:56:38 | INFO: Primitives created: 1
17:56:38 | INFO: Extracting primitive: Cube.414
17:56:38 | INFO: Primitives created: 1
17:56:38 | INFO: Extracting primitive: Cube.415
17:56:38 | INFO: Primitives created: 1
17:56:38 | INFO: Extracting primitive: Cube.416
17:56:38 | INFO: Primitives created: 1
17:56:38 | INFO: Extracting primitive: cargo-annular-support-shoulder.002
17:56:38 | INFO: Primitives created: 1
17:56:38 | INFO: Extracting primitive: Cylinder.2416
17:56:38 | INFO: Primitives created: 1
17:56:38 | INFO: Extracting primitive: Cylinder.2415
17:56:38 | INFO: Primitives created: 1
17:56:38 | INFO: Extracting primitive: Cylinder.2414
17:56:38 | INFO: Primitives created: 1
17:56:38 | INFO: Extracting primitive: cargo-fixed-head-entry-flange.004
17:56:38 | INFO: Primitives created: 1
17:56:38 | INFO: Extracting primitive: cargo-fixed-head-entry-flange.005
17:56:38 | INFO: Primitives created: 1
17:56:38 | INFO: Extracting primitive: cargo-fixed-head-entry-groove.002
17:56:38 | INFO: Primitives created: 1
17:56:38 | INFO: Extracting primitive: Cylinder.2397
17:56:38 | INFO: Primitives created: 1
17:56:38 | INFO: Extracting primitive: Cylinder.2399
17:56:38 | INFO: Primitives created: 1
17:56:38 | INFO: Extracting primitive: Cylinder.2401
17:56:38 | INFO: Primitives created: 1
17:56:38 | INFO: Extracting primitive: Cylinder.2402
17:56:38 | INFO: Primitives created: 1
17:56:38 | INFO: Extracting primitive: cargo-fixed-thrust-bearing.002
17:56:38 | INFO: Primitives created: 1
17:56:38 | INFO: Extracting primitive: Cube.385
17:56:38 | INFO: Primitives created: 1
17:56:38 | INFO: Extracting primitive: Cube.386
17:56:38 | INFO: Primitives created: 1
17:56:38 | INFO: Extracting primitive: Cylinder.2312
17:56:38 | INFO: Primitives created: 1
17:56:38 | INFO: Extracting primitive: Cylinder.2313
17:56:38 | INFO: Primitives created: 1
17:56:38 | INFO: Extracting primitive: Cylinder.2314
17:56:38 | INFO: Primitives created: 1
17:56:38 | INFO: Extracting primitive: Cylinder.2315
17:56:38 | INFO: Primitives created: 1
17:56:38 | INFO: Extracting primitive: Cube.408
17:56:38 | INFO: Primitives created: 1
17:56:38 | INFO: Extracting primitive: Cube.409
17:56:38 | INFO: Primitives created: 1
17:56:38 | INFO: Extracting primitive: Cylinder.2398
17:56:38 | INFO: Primitives created: 1
17:56:38 | INFO: Extracting primitive: Cylinder.2400
17:56:38 | INFO: Primitives created: 1
17:56:38 | INFO: Extracting primitive: Cylinder.2322
17:56:38 | INFO: Primitives created: 1
17:56:38 | INFO: Extracting primitive: Cube.417
17:56:38 | INFO: Primitives created: 1
17:56:38 | INFO: Extracting primitive: Cube.418
17:56:38 | INFO: Primitives created: 1
17:56:38 | INFO: Extracting primitive: Cylinder.2422
17:56:38 | INFO: Primitives created: 1
17:56:38 | INFO: Extracting primitive: Cylinder.2421
17:56:38 | INFO: Primitives created: 1
17:56:38 | INFO: Extracting primitive: Cylinder.2420
17:56:38 | INFO: Primitives created: 1
17:56:38 | INFO: Extracting primitive: Cylinder.2419
17:56:38 | INFO: Primitives created: 1
17:56:38 | INFO: Extracting primitive: cargo-heel-feed-flange.004
17:56:38 | INFO: Primitives created: 1
17:56:38 | INFO: Extracting primitive: cargo-heel-feed-flange.005
17:56:38 | INFO: Primitives created: 1
17:56:38 | INFO: Extracting primitive: cargo-heel-feed-groove.002
17:56:38 | INFO: Primitives created: 1
17:56:38 | INFO: Extracting primitive: Cube.388
17:56:38 | INFO: Primitives created: 1
17:56:38 | INFO: Extracting primitive: Cube.389
17:56:38 | INFO: Primitives created: 1
17:56:38 | INFO: Extracting primitive: Cube.390
17:56:38 | INFO: Primitives created: 1
17:56:38 | INFO: Extracting primitive: Cube.391
17:56:38 | INFO: Primitives created: 1
17:56:38 | INFO: Extracting primitive: cargo-boom-luff-eye.008
17:56:38 | INFO: Primitives created: 1
17:56:38 | INFO: Extracting primitive: cargo-boom-luff-eye.009
17:56:38 | INFO: Primitives created: 1
17:56:38 | INFO: Extracting primitive: cargo-boom-luff-eye.010
17:56:38 | INFO: Primitives created: 1
17:56:38 | INFO: Extracting primitive: cargo-boom-luff-eye.011
17:56:38 | INFO: Primitives created: 1
17:56:38 | INFO: Extracting primitive: Cylinder.2329
17:56:38 | INFO: Primitives created: 1
17:56:38 | INFO: Extracting primitive: Cylinder.2330
17:56:38 | INFO: Primitives created: 1
17:56:38 | INFO: Extracting primitive: Cylinder.2335
17:56:38 | INFO: Primitives created: 1
17:56:38 | INFO: Extracting primitive: Cylinder.2336
17:56:38 | INFO: Primitives created: 1
17:56:38 | INFO: Extracting primitive: Cylinder.2341
17:56:38 | INFO: Primitives created: 1
17:56:38 | INFO: Extracting primitive: Cylinder.2342
17:56:38 | INFO: Primitives created: 1
17:56:38 | INFO: Extracting primitive: Cylinder.2347
17:56:38 | INFO: Primitives created: 1
17:56:38 | INFO: Extracting primitive: Cylinder.2348
17:56:38 | INFO: Primitives created: 1
17:56:38 | INFO: Extracting primitive: Cylinder.2353
17:56:38 | INFO: Primitives created: 1
17:56:38 | INFO: Extracting primitive: Cylinder.2354
17:56:38 | INFO: Primitives created: 1
17:56:38 | INFO: Extracting primitive: Cylinder.2359
17:56:38 | INFO: Primitives created: 1
17:56:38 | INFO: Extracting primitive: Cylinder.2360
17:56:38 | INFO: Primitives created: 1
17:56:38 | INFO: Extracting primitive: Cylinder.2365
17:56:38 | INFO: Primitives created: 1
17:56:38 | INFO: Extracting primitive: Cylinder.2366
17:56:38 | INFO: Primitives created: 1
17:56:38 | INFO: Extracting primitive: Cylinder.2371
17:56:38 | INFO: Primitives created: 1
17:56:38 | INFO: Extracting primitive: Cylinder.2372
17:56:38 | INFO: Primitives created: 1
17:56:38 | INFO: Extracting primitive: Cylinder.2377
17:56:38 | INFO: Primitives created: 1
17:56:38 | INFO: Extracting primitive: Cylinder.2378
17:56:38 | INFO: Primitives created: 1
17:56:38 | INFO: Extracting primitive: Cylinder.2383
17:56:38 | INFO: Primitives created: 1
17:56:38 | INFO: Extracting primitive: Cylinder.2384
17:56:38 | INFO: Primitives created: 1
17:56:38 | INFO: Extracting primitive: Cylinder.2389
17:56:38 | INFO: Primitives created: 1
17:56:38 | INFO: Extracting primitive: Cylinder.2390
17:56:38 | INFO: Primitives created: 1
17:56:38 | INFO: Extracting primitive: Cylinder.2395
17:56:38 | INFO: Primitives created: 1
17:56:38 | INFO: Extracting primitive: Cylinder.2396
17:56:38 | INFO: Primitives created: 1
17:56:38 | INFO: Extracting primitive: Cube.396
17:56:38 | INFO: Primitives created: 1
17:56:38 | INFO: Extracting primitive: Cube.397
17:56:38 | INFO: Primitives created: 1
17:56:38 | INFO: Extracting primitive: Cube.398
17:56:38 | INFO: Primitives created: 1
17:56:38 | INFO: Extracting primitive: Cube.399
17:56:38 | INFO: Primitives created: 1
17:56:38 | INFO: Extracting primitive: Cube.400
17:56:38 | INFO: Primitives created: 1
17:56:38 | INFO: Extracting primitive: Cube.401
17:56:38 | INFO: Primitives created: 1
17:56:38 | INFO: Extracting primitive: Cube.402
17:56:38 | INFO: Primitives created: 1
17:56:38 | INFO: Extracting primitive: Cube.403
17:56:38 | INFO: Primitives created: 1
17:56:38 | INFO: Extracting primitive: Cube.404
17:56:38 | INFO: Primitives created: 1
17:56:38 | INFO: Extracting primitive: Cube.405
17:56:38 | INFO: Primitives created: 1
17:56:38 | INFO: Extracting primitive: Cube.406
17:56:38 | INFO: Primitives created: 1
17:56:38 | INFO: Extracting primitive: Cube.407
17:56:38 | INFO: Primitives created: 1
17:56:38 | INFO: Extracting primitive: Cylinder.2325
17:56:38 | INFO: Primitives created: 1
17:56:38 | INFO: Extracting primitive: Cylinder.2326
17:56:38 | INFO: Primitives created: 1
17:56:38 | INFO: Extracting primitive: Cylinder.2327
17:56:38 | INFO: Primitives created: 1
17:56:38 | INFO: Extracting primitive: Cylinder.2328
17:56:38 | INFO: Primitives created: 1
17:56:38 | INFO: Extracting primitive: Cylinder.2331
17:56:38 | INFO: Primitives created: 1
17:56:38 | INFO: Extracting primitive: Cylinder.2332
17:56:38 | INFO: Primitives created: 1
17:56:38 | INFO: Extracting primitive: Cylinder.2333
17:56:38 | INFO: Primitives created: 1
17:56:38 | INFO: Extracting primitive: Cylinder.2334
17:56:38 | INFO: Primitives created: 1
17:56:38 | INFO: Extracting primitive: Cylinder.2337
17:56:38 | INFO: Primitives created: 1
17:56:38 | INFO: Extracting primitive: Cylinder.2338
17:56:38 | INFO: Primitives created: 1
17:56:38 | INFO: Extracting primitive: Cylinder.2339
17:56:38 | INFO: Primitives created: 1
17:56:38 | INFO: Extracting primitive: Cylinder.2340
17:56:38 | INFO: Primitives created: 1
17:56:38 | INFO: Extracting primitive: Cylinder.2343
17:56:38 | INFO: Primitives created: 1
17:56:38 | INFO: Extracting primitive: Cylinder.2344
17:56:38 | INFO: Primitives created: 1
17:56:38 | INFO: Extracting primitive: Cylinder.2345
17:56:38 | INFO: Primitives created: 1
17:56:38 | INFO: Extracting primitive: Cylinder.2346
17:56:38 | INFO: Primitives created: 1
17:56:38 | INFO: Extracting primitive: Cylinder.2349
17:56:38 | INFO: Primitives created: 1
17:56:38 | INFO: Extracting primitive: Cylinder.2350
17:56:38 | INFO: Primitives created: 1
17:56:38 | INFO: Extracting primitive: Cylinder.2351
17:56:38 | INFO: Primitives created: 1
17:56:38 | INFO: Extracting primitive: Cylinder.2352
17:56:38 | INFO: Primitives created: 1
17:56:38 | INFO: Extracting primitive: Cylinder.2355
17:56:38 | INFO: Primitives created: 1
17:56:38 | INFO: Extracting primitive: Cylinder.2356
17:56:38 | INFO: Primitives created: 1
17:56:38 | INFO: Extracting primitive: Cylinder.2357
17:56:38 | INFO: Primitives created: 1
17:56:38 | INFO: Extracting primitive: Cylinder.2358
17:56:38 | INFO: Primitives created: 1
17:56:38 | INFO: Extracting primitive: Cylinder.2361
17:56:38 | INFO: Primitives created: 1
17:56:38 | INFO: Extracting primitive: Cylinder.2362
17:56:38 | INFO: Primitives created: 1
17:56:38 | INFO: Extracting primitive: Cylinder.2363
17:56:38 | INFO: Primitives created: 1
17:56:38 | INFO: Extracting primitive: Cylinder.2364
17:56:38 | INFO: Primitives created: 1
17:56:38 | INFO: Extracting primitive: Cylinder.2367
17:56:38 | INFO: Primitives created: 1
17:56:38 | INFO: Extracting primitive: Cylinder.2368
17:56:38 | INFO: Primitives created: 1
17:56:38 | INFO: Extracting primitive: Cylinder.2369
17:56:38 | INFO: Primitives created: 1
17:56:38 | INFO: Extracting primitive: Cylinder.2370
17:56:38 | INFO: Primitives created: 1
17:56:38 | INFO: Extracting primitive: Cylinder.2373
17:56:38 | INFO: Primitives created: 1
17:56:38 | INFO: Extracting primitive: Cylinder.2374
17:56:38 | INFO: Primitives created: 1
17:56:38 | INFO: Extracting primitive: Cylinder.2375
17:56:38 | INFO: Primitives created: 1
17:56:38 | INFO: Extracting primitive: Cylinder.2376
17:56:38 | INFO: Primitives created: 1
17:56:38 | INFO: Extracting primitive: Cylinder.2379
17:56:38 | INFO: Primitives created: 1
17:56:38 | INFO: Extracting primitive: Cylinder.2380
17:56:38 | INFO: Primitives created: 1
17:56:38 | INFO: Extracting primitive: Cylinder.2381
17:56:38 | INFO: Primitives created: 1
17:56:38 | INFO: Extracting primitive: Cylinder.2382
17:56:38 | INFO: Primitives created: 1
17:56:38 | INFO: Extracting primitive: Cylinder.2385
17:56:38 | INFO: Primitives created: 1
17:56:38 | INFO: Extracting primitive: Cylinder.2386
17:56:38 | INFO: Primitives created: 1
17:56:38 | INFO: Extracting primitive: Cylinder.2387
17:56:38 | INFO: Primitives created: 1
17:56:38 | INFO: Extracting primitive: Cylinder.2388
17:56:38 | INFO: Primitives created: 1
17:56:38 | INFO: Extracting primitive: Cylinder.2391
17:56:38 | INFO: Primitives created: 1
17:56:38 | INFO: Extracting primitive: Cylinder.2392
17:56:38 | INFO: Primitives created: 1
17:56:38 | INFO: Extracting primitive: Cylinder.2393
17:56:38 | INFO: Primitives created: 1
17:56:38 | INFO: Extracting primitive: Cylinder.2394
17:56:38 | INFO: Primitives created: 1
17:56:38 | INFO: Extracting primitive: Cube.421
17:56:38 | INFO: Primitives created: 1
17:56:38 | INFO: Extracting primitive: Cylinder.2428
17:56:38 | INFO: Primitives created: 1
17:56:38 | INFO: Extracting primitive: Cube.419
17:56:38 | INFO: Primitives created: 1
17:56:38 | INFO: Extracting primitive: Cube.420
17:56:38 | INFO: Primitives created: 1
17:56:38 | INFO: Extracting primitive: Cylinder.2427
17:56:38 | INFO: Primitives created: 1
17:56:38 | INFO: Extracting primitive: cargo-luff-moving-block-flange.004
17:56:38 | INFO: Primitives created: 1
17:56:38 | INFO: Extracting primitive: cargo-luff-moving-block-flange.005
17:56:38 | INFO: Primitives created: 1
17:56:38 | INFO: Extracting primitive: cargo-luff-moving-block-groove.002
17:56:38 | INFO: Primitives created: 1
17:56:38 | INFO: Extracting primitive: Cube.392
17:56:38 | INFO: Primitives created: 1
17:56:38 | INFO: Extracting primitive: Cube.393
17:56:38 | INFO: Primitives created: 1
17:56:38 | INFO: Extracting primitive: Cube.394
17:56:38 | INFO: Primitives created: 1
17:56:38 | INFO: Extracting primitive: Cube.395
17:56:38 | INFO: Primitives created: 1
17:56:38 | INFO: Extracting primitive: Cylinder.2405
17:56:38 | INFO: Primitives created: 1
17:56:38 | INFO: Extracting primitive: Cube.412
17:56:38 | INFO: Primitives created: 1
17:56:38 | INFO: Extracting primitive: Cube.410
17:56:38 | INFO: Primitives created: 1
17:56:38 | INFO: Extracting primitive: Cube.411
17:56:38 | INFO: Primitives created: 1
17:56:38 | INFO: Extracting primitive: Cylinder.2404
17:56:38 | INFO: Primitives created: 1
17:56:38 | INFO: Extracting primitive: cargo-tip-sheave-flange.004
17:56:38 | INFO: Primitives created: 1
17:56:38 | INFO: Extracting primitive: cargo-tip-sheave-flange.005
17:56:38 | INFO: Primitives created: 1
17:56:38 | INFO: Extracting primitive: cargo-tip-sheave-groove.002
17:56:38 | INFO: Primitives created: 1
17:56:38 | INFO: Extracting primitive: cargo-luff-drum-flange.004
17:56:38 | INFO: Primitives created: 1
17:56:38 | INFO: Extracting primitive: cargo-luff-drum-flange.005
17:56:38 | INFO: Primitives created: 1
17:56:38 | INFO: Extracting primitive: Cylinder.2822
17:56:38 | INFO: Primitives created: 1
17:56:38 | INFO: Extracting primitive: cargo-luff-output-wheel-involute.002
17:56:38 | INFO: Primitives created: 1
17:56:38 | INFO: Extracting primitive: cargo-luff-ratchet-involute.002
17:56:38 | INFO: Primitives created: 1
17:56:38 | INFO: Extracting primitive: cargo-luff-rope-core.002
17:56:38 | INFO: Primitives created: 1
17:56:38 | INFO: Extracting primitive: Cylinder.2824
17:56:38 | INFO: Primitives created: 1
17:56:38 | INFO: Extracting primitive: Cylinder.2825
17:56:38 | INFO: Primitives created: 1
17:56:38 | INFO: Extracting primitive: Cylinder.2823
17:56:38 | INFO: Primitives created: 1
17:56:38 | INFO: Extracting primitive: cargo-luff-input-wheel-involute.002
17:56:38 | INFO: Primitives created: 1
17:56:38 | INFO: Extracting primitive: Cylinder.2836
17:56:38 | INFO: Primitives created: 1
17:56:38 | INFO: Extracting primitive: Cylinder.2835
17:56:38 | INFO: Primitives created: 1
17:56:38 | INFO: Extracting primitive: Cylinder.2834
17:56:38 | INFO: Primitives created: 1
17:56:38 | INFO: Extracting primitive: Cylinder.2826
17:56:38 | INFO: Primitives created: 1
17:56:38 | INFO: Extracting primitive: Cylinder.2828
17:56:38 | INFO: Primitives created: 1
17:56:38 | INFO: Extracting primitive: Cylinder.2830
17:56:38 | INFO: Primitives created: 1
17:56:38 | INFO: Extracting primitive: Cylinder.2832
17:56:38 | INFO: Primitives created: 1
17:56:38 | INFO: Extracting primitive: Cylinder.2426
17:56:38 | INFO: Primitives created: 1
17:56:38 | INFO: Extracting primitive: Cylinder.2403
17:56:38 | INFO: Primitives created: 1
17:56:38 | INFO: Extracting primitive: cargo-luff-fixed-becket.002
17:56:38 | INFO: Primitives created: 1
17:56:38 | INFO: Extracting primitive: Cylinder.2424
17:56:38 | INFO: Primitives created: 1
17:56:38 | INFO: Extracting primitive: Cylinder.2425
17:56:38 | INFO: Primitives created: 1
17:56:38 | INFO: Extracting primitive: Cylinder.2423
17:56:38 | INFO: Primitives created: 1
17:56:38 | INFO: Extracting primitive: cargo-luff-head-sheave-flange.004
17:56:38 | INFO: Primitives created: 1
17:56:38 | INFO: Extracting primitive: cargo-luff-head-sheave-flange.005
17:56:38 | INFO: Primitives created: 1
17:56:38 | INFO: Extracting primitive: cargo-luff-head-sheave-groove.002
17:56:38 | INFO: Primitives created: 1
17:56:38 | INFO: Extracting primitive: cargo-luff-winch-bearing.008
17:56:38 | INFO: Primitives created: 1
17:56:38 | INFO: Extracting primitive: cargo-luff-winch-bearing.009
17:56:38 | INFO: Primitives created: 1
17:56:38 | INFO: Extracting primitive: cargo-luff-winch-bearing.010
17:56:38 | INFO: Primitives created: 1
17:56:38 | INFO: Extracting primitive: cargo-luff-winch-bearing.011
17:56:38 | INFO: Primitives created: 1
17:56:38 | INFO: Extracting primitive: Cylinder.2827
17:56:38 | INFO: Primitives created: 1
17:56:38 | INFO: Extracting primitive: Cylinder.2829
17:56:38 | INFO: Primitives created: 1
17:56:38 | INFO: Extracting primitive: Cylinder.2831
17:56:38 | INFO: Primitives created: 1
17:56:38 | INFO: Extracting primitive: Cylinder.2833
17:56:38 | INFO: Primitives created: 1
17:56:38 | INFO: Extracting primitive: Cylinder.2319
17:56:38 | INFO: Primitives created: 1
17:56:38 | INFO: Extracting primitive: Cylinder.2321
17:56:38 | INFO: Primitives created: 1
17:56:38 | INFO: Extracting primitive: Cube.387
17:56:38 | INFO: Primitives created: 1
17:56:38 | INFO: Extracting primitive: cargo-rotating-thrust-ring.002
17:56:38 | INFO: Primitives created: 1
17:56:38 | INFO: Extracting primitive: Cylinder.2418
17:56:38 | INFO: Primitives created: 1
17:56:38 | INFO: Extracting primitive: Cylinder.2417
17:56:38 | INFO: Primitives created: 1
17:56:38 | INFO: Extracting primitive: cargo-yaw-head-exit-flange.004
17:56:38 | INFO: Primitives created: 1
17:56:38 | INFO: Extracting primitive: cargo-yaw-head-exit-flange.005
17:56:38 | INFO: Primitives created: 1
17:56:38 | INFO: Extracting primitive: cargo-yaw-head-exit-groove.002
17:56:38 | INFO: Primitives created: 1
17:56:38 | INFO: Extracting primitive: Cylinder.2316
17:56:38 | INFO: Primitives created: 1
17:56:38 | INFO: Extracting primitive: cargo-luff-swivel-bearing.002
17:56:38 | INFO: Primitives created: 1
17:56:38 | INFO: Extracting primitive: Cube.384
17:56:38 | INFO: Primitives created: 1
17:56:38 | INFO: Extracting primitive: Cube.282
17:56:38 | INFO: Primitives created: 1
17:56:38 | INFO: Extracting primitive: Cube.283
17:56:38 | INFO: Primitives created: 1
17:56:38 | INFO: Extracting primitive: moving-lug-eye.002
17:56:38 | INFO: Primitives created: 1
17:56:38 | INFO: Extracting primitive: Cylinder.2156
17:56:38 | INFO: Primitives created: 1
17:56:38 | INFO: Extracting primitive: Cylinder.2157
17:56:38 | INFO: Primitives created: 1
17:56:38 | INFO: Extracting primitive: Cube.279
17:56:38 | INFO: Primitives created: 1
17:56:38 | INFO: Extracting primitive: Cube.280
17:56:38 | INFO: Primitives created: 1
17:56:38 | INFO: Extracting primitive: Cube.277
17:56:38 | INFO: Primitives created: 1
17:56:38 | INFO: Extracting primitive: Cube.278
17:56:38 | INFO: Primitives created: 1
17:56:38 | INFO: Extracting primitive: Cube.281
17:56:38 | INFO: Primitives created: 1
17:56:38 | INFO: Extracting primitive: Retained hoist hitch.002
17:56:38 | INFO: Primitives created: 1
17:56:38 | INFO: Extracting primitive: Cube.276
17:56:38 | INFO: Primitives created: 1
17:56:38 | INFO: Extracting primitive: Cylinder.2872
17:56:38 | INFO: Primitives created: 1
17:56:38 | INFO: Extracting primitive: terrace-wheel-iron-tyre.011
17:56:38 | INFO: Primitives created: 1
17:56:38 | INFO: Extracting primitive: Cylinder.2873
17:56:38 | INFO: Primitives created: 1
17:56:38 | INFO: Extracting primitive: Cylinder.2874
17:56:38 | INFO: Primitives created: 1
17:56:38 | INFO: Extracting primitive: Cylinder.2875
17:56:38 | INFO: Primitives created: 1
17:56:38 | INFO: Extracting primitive: Cylinder.2876
17:56:38 | INFO: Primitives created: 1
17:56:38 | INFO: Extracting primitive: Cylinder.2877
17:56:38 | INFO: Primitives created: 1
17:56:38 | INFO: Extracting primitive: Cylinder.2878
17:56:38 | INFO: Primitives created: 1
17:56:38 | INFO: Extracting primitive: Cylinder.2879
17:56:38 | INFO: Primitives created: 1
17:56:38 | INFO: Extracting primitive: Cylinder.2880
17:56:38 | INFO: Primitives created: 1
17:56:38 | INFO: Extracting primitive: Cylinder.2853
17:56:38 | INFO: Primitives created: 1
17:56:38 | INFO: Extracting primitive: terrace-wheel-iron-tyre.009
17:56:38 | INFO: Primitives created: 1
17:56:38 | INFO: Extracting primitive: Cylinder.2854
17:56:38 | INFO: Primitives created: 1
17:56:38 | INFO: Extracting primitive: Cylinder.2855
17:56:38 | INFO: Primitives created: 1
17:56:38 | INFO: Extracting primitive: Cylinder.2856
17:56:38 | INFO: Primitives created: 1
17:56:38 | INFO: Extracting primitive: Cylinder.2857
17:56:38 | INFO: Primitives created: 1
17:56:38 | INFO: Extracting primitive: Cylinder.2858
17:56:38 | INFO: Primitives created: 1
17:56:38 | INFO: Extracting primitive: Cylinder.2859
17:56:38 | INFO: Primitives created: 1
17:56:38 | INFO: Extracting primitive: Cylinder.2860
17:56:38 | INFO: Primitives created: 1
17:56:38 | INFO: Extracting primitive: Cylinder.2861
17:56:38 | INFO: Primitives created: 1
17:56:38 | INFO: Extracting primitive: Cylinder.2863
17:56:38 | INFO: Primitives created: 1
17:56:38 | INFO: Extracting primitive: terrace-wheel-iron-tyre.010
17:56:38 | INFO: Primitives created: 1
17:56:38 | INFO: Extracting primitive: Cylinder.2864
17:56:38 | INFO: Primitives created: 1
17:56:38 | INFO: Extracting primitive: Cylinder.2865
17:56:38 | INFO: Primitives created: 1
17:56:38 | INFO: Extracting primitive: Cylinder.2866
17:56:38 | INFO: Primitives created: 1
17:56:38 | INFO: Extracting primitive: Cylinder.2867
17:56:38 | INFO: Primitives created: 1
17:56:38 | INFO: Extracting primitive: Cylinder.2868
17:56:38 | INFO: Primitives created: 1
17:56:38 | INFO: Extracting primitive: Cylinder.2869
17:56:38 | INFO: Primitives created: 1
17:56:38 | INFO: Extracting primitive: Cylinder.2870
17:56:38 | INFO: Primitives created: 1
17:56:38 | INFO: Extracting primitive: Cylinder.2871
17:56:38 | INFO: Primitives created: 1
17:56:38 | INFO: Extracting primitive: Cylinder.2844
17:56:38 | INFO: Primitives created: 1
17:56:38 | INFO: Extracting primitive: terrace-wheel-iron-tyre.008
17:56:38 | INFO: Primitives created: 1
17:56:38 | INFO: Extracting primitive: Cylinder.2845
17:56:38 | INFO: Primitives created: 1
17:56:38 | INFO: Extracting primitive: Cylinder.2846
17:56:38 | INFO: Primitives created: 1
17:56:38 | INFO: Extracting primitive: Cylinder.2847
17:56:38 | INFO: Primitives created: 1
17:56:38 | INFO: Extracting primitive: Cylinder.2848
17:56:38 | INFO: Primitives created: 1
17:56:38 | INFO: Extracting primitive: Cylinder.2849
17:56:38 | INFO: Primitives created: 1
17:56:38 | INFO: Extracting primitive: Cylinder.2850
17:56:38 | INFO: Primitives created: 1
17:56:38 | INFO: Extracting primitive: Cylinder.2851
17:56:38 | INFO: Primitives created: 1
17:56:38 | INFO: Extracting primitive: Cylinder.2852
17:56:38 | INFO: Primitives created: 1
17:56:38 | INFO: Extracting primitive: cargo-opposite-tail-pin-pull-eye.002
17:56:38 | INFO: Primitives created: 1
17:56:38 | INFO: Extracting primitive: Cylinder.2884
17:56:38 | INFO: Primitives created: 1
17:56:38 | INFO: Extracting primitive: Cylinder.2883
17:56:38 | INFO: Primitives created: 1
17:56:38 | INFO: Extracting primitive: cargo-tail-pin-pull-eye.002
17:56:38 | INFO: Primitives created: 1
17:56:38 | INFO: Extracting primitive: Cylinder.2843
17:56:38 | INFO: Primitives created: 1
17:56:38 | INFO: Extracting primitive: Cylinder.2862
17:56:38 | INFO: Primitives created: 1
17:56:38 | INFO: Extracting primitive: Cube.444
17:56:38 | INFO: Primitives created: 1
17:56:38 | INFO: Extracting primitive: Cube.445
17:56:38 | INFO: Primitives created: 1
17:56:38 | INFO: Extracting primitive: Cube.446
17:56:38 | INFO: Primitives created: 1
17:56:38 | INFO: Extracting primitive: Cube.442
17:56:38 | INFO: Primitives created: 1
17:56:38 | INFO: Extracting primitive: Cube.443
17:56:38 | INFO: Primitives created: 1
17:56:38 | INFO: Extracting primitive: Cube.455
17:56:38 | INFO: Primitives created: 1
17:56:38 | INFO: Extracting primitive: Cube.456
17:56:38 | INFO: Primitives created: 1
17:56:38 | INFO: Extracting primitive: Cube.457
17:56:38 | INFO: Primitives created: 1
17:56:38 | INFO: Extracting primitive: Cube.458
17:56:38 | INFO: Primitives created: 1
17:56:38 | INFO: Extracting primitive: Cube.447
17:56:38 | INFO: Primitives created: 1
17:56:38 | INFO: Extracting primitive: Cube.448
17:56:38 | INFO: Primitives created: 1
17:56:38 | INFO: Extracting primitive: Cube.449
17:56:38 | INFO: Primitives created: 1
17:56:38 | INFO: Extracting primitive: Cube.450
17:56:38 | INFO: Primitives created: 1
17:56:38 | INFO: Extracting primitive: Cube.451
17:56:38 | INFO: Primitives created: 1
17:56:38 | INFO: Extracting primitive: Cube.452
17:56:38 | INFO: Primitives created: 1
17:56:38 | INFO: Extracting primitive: Cube.453
17:56:38 | INFO: Primitives created: 1
17:56:38 | INFO: Extracting primitive: Cube.454
17:56:38 | INFO: Primitives created: 1
17:56:39 | INFO: Finished glTF 2.0 export in 0.7301979064941406 s
16:28.858  render           | Saved: '/Users/hina/Documents/Experience-Intelligence-Domain/wonderforge/artifacts/eiffel-summit-operation-2026-09-08/renders/cargo-rig-context.png'
16:31.123  render           | Saved: '/Users/hina/Documents/Experience-Intelligence-Domain/wonderforge/artifacts/eiffel-summit-operation-2026-09-08/renders/cargo-head-detail.png'
16:37.184  render           | Saved: '/Users/hina/Documents/Experience-Intelligence-Domain/wonderforge/artifacts/eiffel-summit-operation-2026-09-08/renders/cargo-cart-detail.png'

