WonderForge isolated parent MCP on 9877
INFO Draco is available, use library at /Applications/Blender.app/Contents/Resources/5.2/scripts/addons_core/io_scene_gltf2/libbf_intern_draco_bridge.dylib
INFO MeshOptimizer is available, use library at /Applications/Blender.app/Contents/Resources/5.2/scripts/addons_core/io_scene_gltf2/libbf_intern_meshopt_bridge.dylib
14:59:39 | INFO: Starting glTF 2.0 export
14:59:39 | INFO: Extracting primitive: Cylinder.096
14:59:39 | INFO: Primitives created: 1
14:59:39 | INFO: Extracting primitive: east-guide-sheave
14:59:39 | INFO: Primitives created: 1
14:59:39 | INFO: Extracting primitive: climb-input-crank-hub
14:59:39 | INFO: Primitives created: 1
14:59:39 | INFO: Extracting primitive: Cube.109
14:59:39 | INFO: Primitives created: 1
14:59:39 | INFO: Extracting primitive: Cube.110
14:59:39 | INFO: Primitives created: 1
14:59:39 | INFO: Extracting primitive: Cube.111
14:59:39 | INFO: Primitives created: 1
14:59:39 | INFO: Extracting primitive: Cube.112
14:59:39 | INFO: Primitives created: 1
14:59:39 | INFO: Extracting primitive: Cube.113
14:59:39 | INFO: Primitives created: 1
14:59:39 | INFO: Extracting primitive: Cube.114
14:59:39 | INFO: Primitives created: 1
14:59:39 | INFO: Extracting primitive: Cube.115
14:59:39 | INFO: Primitives created: 1
14:59:39 | INFO: Extracting primitive: Cube.116
14:59:39 | INFO: Primitives created: 1
14:59:39 | INFO: Extracting primitive: Cube.117
14:59:39 | INFO: Primitives created: 1
14:59:39 | INFO: Extracting primitive: Cube.118
14:59:39 | INFO: Primitives created: 1
14:59:39 | INFO: Extracting primitive: Cylinder.091
14:59:39 | INFO: Primitives created: 1
14:59:39 | INFO: Extracting primitive: Cylinder.092
14:59:39 | INFO: Primitives created: 1
14:59:39 | INFO: Extracting primitive: Cylinder.090
14:59:39 | INFO: Primitives created: 1
14:59:39 | INFO: Extracting primitive: climb-output-gear-hub
14:59:39 | INFO: Primitives created: 1
14:59:39 | INFO: Extracting primitive: Cube.089
14:59:39 | INFO: Primitives created: 1
14:59:39 | INFO: Extracting primitive: Cube.090
14:59:39 | INFO: Primitives created: 1
14:59:39 | INFO: Extracting primitive: Cube.091
14:59:39 | INFO: Primitives created: 1
14:59:39 | INFO: Extracting primitive: Cube.092
14:59:39 | INFO: Primitives created: 1
14:59:39 | INFO: Extracting primitive: Cube.093
14:59:39 | INFO: Primitives created: 1
14:59:39 | INFO: Extracting primitive: Cube.094
14:59:39 | INFO: Primitives created: 1
14:59:39 | INFO: Extracting primitive: Cube.095
14:59:39 | INFO: Primitives created: 1
14:59:39 | INFO: Extracting primitive: Cube.096
14:59:39 | INFO: Primitives created: 1
14:59:39 | INFO: Extracting primitive: Cube.097
14:59:39 | INFO: Primitives created: 1
14:59:39 | INFO: Extracting primitive: Cube.098
14:59:39 | INFO: Primitives created: 1
14:59:39 | INFO: Extracting primitive: Cube.099
14:59:39 | INFO: Primitives created: 1
14:59:39 | INFO: Extracting primitive: Cube.100
14:59:39 | INFO: Primitives created: 1
14:59:39 | INFO: Extracting primitive: Cube.101
14:59:39 | INFO: Primitives created: 1
14:59:39 | INFO: Extracting primitive: Cube.102
14:59:39 | INFO: Primitives created: 1
14:59:39 | INFO: Extracting primitive: Cube.103
14:59:39 | INFO: Primitives created: 1
14:59:39 | INFO: Extracting primitive: Cube.104
14:59:39 | INFO: Primitives created: 1
14:59:39 | INFO: Extracting primitive: Cube.105
14:59:39 | INFO: Primitives created: 1
14:59:39 | INFO: Extracting primitive: Cube.106
14:59:39 | INFO: Primitives created: 1
14:59:39 | INFO: Extracting primitive: Cube.107
14:59:39 | INFO: Primitives created: 1
14:59:39 | INFO: Extracting primitive: Cube.108
14:59:39 | INFO: Primitives created: 1
14:59:39 | INFO: Extracting primitive: Cylinder.093
14:59:39 | INFO: Primitives created: 1
14:59:39 | INFO: Extracting primitive: Cylinder.094
14:59:39 | INFO: Primitives created: 1
14:59:39 | INFO: Extracting primitive: climb-ratchet-wheel-hub
14:59:39 | INFO: Primitives created: 1
14:59:39 | INFO: Extracting primitive: Cube.119
14:59:39 | INFO: Primitives created: 1
14:59:39 | INFO: Extracting primitive: Cube.120
14:59:39 | INFO: Primitives created: 1
14:59:39 | INFO: Extracting primitive: Cube.121
14:59:39 | INFO: Primitives created: 1
14:59:39 | INFO: Extracting primitive: Cube.122
14:59:39 | INFO: Primitives created: 1
14:59:39 | INFO: Extracting primitive: Cube.123
14:59:39 | INFO: Primitives created: 1
14:59:39 | INFO: Extracting primitive: Cube.124
14:59:39 | INFO: Primitives created: 1
14:59:39 | INFO: Extracting primitive: Cube.125
14:59:39 | INFO: Primitives created: 1
14:59:39 | INFO: Extracting primitive: Cube.126
14:59:39 | INFO: Primitives created: 1
14:59:39 | INFO: Extracting primitive: Cube.127
14:59:39 | INFO: Primitives created: 1
14:59:39 | INFO: Extracting primitive: Cube.128
14:59:39 | INFO: Primitives created: 1
14:59:39 | INFO: Extracting primitive: Cube.129
14:59:39 | INFO: Primitives created: 1
14:59:39 | INFO: Extracting primitive: Cube.130
14:59:39 | INFO: Primitives created: 1
14:59:39 | INFO: Extracting primitive: Cube.131
14:59:39 | INFO: Primitives created: 1
14:59:39 | INFO: Extracting primitive: Cube.132
14:59:39 | INFO: Primitives created: 1
14:59:39 | INFO: Extracting primitive: Cube.133
14:59:39 | INFO: Primitives created: 1
14:59:39 | INFO: Extracting primitive: Cube.134
14:59:39 | INFO: Primitives created: 1
14:59:39 | INFO: Extracting primitive: Cube.135
14:59:39 | INFO: Primitives created: 1
14:59:39 | INFO: Extracting primitive: Cube.136
14:59:39 | INFO: Primitives created: 1
14:59:39 | INFO: Extracting primitive: Cube.137
14:59:39 | INFO: Primitives created: 1
14:59:39 | INFO: Extracting primitive: Cube.138
14:59:39 | INFO: Primitives created: 1
14:59:39 | INFO: Extracting primitive: Cylinder.095
14:59:39 | INFO: Primitives created: 1
14:59:39 | INFO: Extracting primitive: west-guide-sheave
14:59:39 | INFO: Primitives created: 1
14:59:39 | INFO: Extracting primitive: Cylinder.089
14:59:39 | INFO: Primitives created: 1
14:59:39 | INFO: Extracting primitive: winch-rope-flange
14:59:39 | INFO: Primitives created: 1
14:59:39 | INFO: Extracting primitive: winch-rope-flange.001
14:59:39 | INFO: Primitives created: 1
14:59:39 | INFO: Extracting primitive: Cube.082
14:59:39 | INFO: Primitives created: 1
14:59:39 | INFO: Extracting primitive: Cube.084
14:59:39 | INFO: Primitives created: 1
14:59:39 | INFO: Extracting primitive: Cube.081
14:59:39 | INFO: Primitives created: 1
14:59:39 | INFO: Extracting primitive: Cube.083
14:59:39 | INFO: Primitives created: 1
14:59:39 | INFO: Extracting primitive: Cube.085
14:59:39 | INFO: Primitives created: 1
14:59:39 | INFO: Extracting primitive: Cylinder.087
14:59:39 | INFO: Primitives created: 1
14:59:39 | INFO: Extracting primitive: Cylinder.088
14:59:39 | INFO: Primitives created: 1
14:59:39 | INFO: Extracting primitive: Cube.087
14:59:39 | INFO: Primitives created: 1
14:59:39 | INFO: Extracting primitive: Cube.088
14:59:39 | INFO: Primitives created: 1
14:59:39 | INFO: Extracting primitive: Cylinder.086
14:59:39 | INFO: Primitives created: 1
14:59:39 | INFO: Extracting primitive: Cylinder.083
14:59:39 | INFO: Primitives created: 1
14:59:39 | INFO: Extracting primitive: Cylinder.084
14:59:39 | INFO: Primitives created: 1
14:59:39 | INFO: Extracting primitive: Cylinder.085
14:59:39 | INFO: Primitives created: 1
14:59:39 | INFO: Extracting primitive: Cube.086
14:59:39 | INFO: Primitives created: 1
14:59:39 | INFO: Extracting primitive: Cylinder.019
14:59:39 | INFO: Primitives created: 1
14:59:39 | INFO: Extracting primitive: Cylinder.020
14:59:39 | INFO: Primitives created: 1
14:59:39 | INFO: Extracting primitive: Cube.013
14:59:39 | INFO: Primitives created: 1
14:59:39 | INFO: Extracting primitive: Cube.014
14:59:39 | INFO: Primitives created: 1
14:59:39 | INFO: Extracting primitive: Cube.015
14:59:39 | INFO: Primitives created: 1
14:59:39 | INFO: Extracting primitive: Cube.016
14:59:39 | INFO: Primitives created: 1
14:59:39 | INFO: Extracting primitive: Cylinder.023
14:59:39 | INFO: Primitives created: 1
14:59:39 | INFO: Extracting primitive: Cylinder.022
14:59:39 | INFO: Primitives created: 1
14:59:39 | INFO: Extracting primitive: Cylinder.026
14:59:39 | INFO: Primitives created: 1
14:59:39 | INFO: Extracting primitive: hinge-pin-pull-eye
14:59:39 | INFO: Primitives created: 1
14:59:39 | INFO: Extracting primitive: Cylinder.021
14:59:39 | INFO: Primitives created: 1
14:59:39 | INFO: Extracting primitive: Cube.019
14:59:39 | INFO: Primitives created: 1
14:59:39 | INFO: Extracting primitive: Cube.017
14:59:39 | INFO: Primitives created: 1
14:59:39 | INFO: Extracting primitive: Cube.018
14:59:39 | INFO: Primitives created: 1
14:59:39 | INFO: Extracting primitive: Cylinder.029
14:59:39 | INFO: Primitives created: 1
14:59:39 | INFO: Extracting primitive: Cylinder.028
14:59:39 | INFO: Primitives created: 1
14:59:39 | INFO: Extracting primitive: Cylinder.032
14:59:39 | INFO: Primitives created: 1
14:59:39 | INFO: Extracting primitive: hinge-pin-pull-eye.001
14:59:39 | INFO: Primitives created: 1
14:59:39 | INFO: Extracting primitive: Cylinder.027
14:59:39 | INFO: Primitives created: 1
14:59:39 | INFO: Extracting primitive: Cube.024
14:59:39 | INFO: Primitives created: 1
14:59:39 | INFO: Extracting primitive: Cube.022
14:59:39 | INFO: Primitives created: 1
14:59:39 | INFO: Extracting primitive: Cube.023
14:59:39 | INFO: Primitives created: 1
14:59:39 | INFO: Extracting primitive: Cube.020
14:59:39 | INFO: Primitives created: 1
14:59:39 | INFO: Extracting primitive: Cube.021
14:59:39 | INFO: Primitives created: 1
14:59:39 | INFO: Extracting primitive: Cube.025
14:59:39 | INFO: Primitives created: 1
14:59:39 | INFO: Extracting primitive: Cube.026
14:59:39 | INFO: Primitives created: 1
14:59:39 | INFO: Extracting primitive: Cube.009
14:59:39 | INFO: Primitives created: 1
14:59:39 | INFO: Extracting primitive: Cube.010
14:59:39 | INFO: Primitives created: 1
14:59:39 | INFO: Extracting primitive: Cube.011
14:59:39 | INFO: Primitives created: 1
14:59:39 | INFO: Extracting primitive: Cube.012
14:59:39 | INFO: Primitives created: 1
14:59:39 | INFO: Extracting primitive: Cylinder.033
14:59:39 | INFO: Primitives created: 1
14:59:39 | INFO: Extracting primitive: Cylinder.034
14:59:39 | INFO: Primitives created: 1
14:59:39 | INFO: Extracting primitive: Cube.031
14:59:39 | INFO: Primitives created: 1
14:59:39 | INFO: Extracting primitive: Cube.032
14:59:39 | INFO: Primitives created: 1
14:59:39 | INFO: Extracting primitive: Cube.033
14:59:39 | INFO: Primitives created: 1
14:59:39 | INFO: Extracting primitive: Cube.034
14:59:39 | INFO: Primitives created: 1
14:59:39 | INFO: Extracting primitive: Cylinder.037
14:59:39 | INFO: Primitives created: 1
14:59:39 | INFO: Extracting primitive: Cylinder.036
14:59:39 | INFO: Primitives created: 1
14:59:39 | INFO: Extracting primitive: axial-control-eye
14:59:39 | INFO: Primitives created: 1
14:59:39 | INFO: Extracting primitive: Cylinder.043
14:59:39 | INFO: Primitives created: 1
14:59:39 | INFO: Extracting primitive: Cylinder.042
14:59:39 | INFO: Primitives created: 1
14:59:39 | INFO: Extracting primitive: Cylinder.041
14:59:39 | INFO: Primitives created: 1
14:59:39 | INFO: Extracting primitive: hinge-pin-pull-eye.002
14:59:39 | INFO: Primitives created: 1
14:59:39 | INFO: Extracting primitive: Cylinder.035
14:59:39 | INFO: Primitives created: 1
14:59:39 | INFO: Extracting primitive: Cube.037
14:59:39 | INFO: Primitives created: 1
14:59:39 | INFO: Extracting primitive: Cube.035
14:59:39 | INFO: Primitives created: 1
14:59:39 | INFO: Extracting primitive: Cube.036
14:59:39 | INFO: Primitives created: 1
14:59:39 | INFO: Extracting primitive: Cylinder.046
14:59:39 | INFO: Primitives created: 1
14:59:39 | INFO: Extracting primitive: Cylinder.045
14:59:39 | INFO: Primitives created: 1
14:59:39 | INFO: Extracting primitive: Cylinder.050
14:59:39 | INFO: Primitives created: 1
14:59:39 | INFO: Extracting primitive: hinge-pin-pull-eye.003
14:59:39 | INFO: Primitives created: 1
14:59:39 | INFO: Extracting primitive: Cylinder.044
14:59:39 | INFO: Primitives created: 1
14:59:39 | INFO: Extracting primitive: Cube.042
14:59:39 | INFO: Primitives created: 1
14:59:39 | INFO: Extracting primitive: Cube.040
14:59:39 | INFO: Primitives created: 1
14:59:39 | INFO: Extracting primitive: Cube.041
14:59:39 | INFO: Primitives created: 1
14:59:39 | INFO: Extracting primitive: Cube.038
14:59:39 | INFO: Primitives created: 1
14:59:39 | INFO: Extracting primitive: Cube.039
14:59:39 | INFO: Primitives created: 1
14:59:39 | INFO: Extracting primitive: Cube.043
14:59:39 | INFO: Primitives created: 1
14:59:39 | INFO: Extracting primitive: Cube.044
14:59:39 | INFO: Primitives created: 1
14:59:39 | INFO: Extracting primitive: Cube.027
14:59:39 | INFO: Primitives created: 1
14:59:39 | INFO: Extracting primitive: Cube.028
14:59:39 | INFO: Primitives created: 1
14:59:39 | INFO: Extracting primitive: Cube.029
14:59:39 | INFO: Primitives created: 1
14:59:39 | INFO: Extracting primitive: Cube.030
14:59:39 | INFO: Primitives created: 1
14:59:39 | INFO: Extracting primitive: Cylinder.051
14:59:39 | INFO: Primitives created: 1
14:59:39 | INFO: Extracting primitive: Cylinder.052
14:59:39 | INFO: Primitives created: 1
14:59:39 | INFO: Extracting primitive: Cube.049
14:59:39 | INFO: Primitives created: 1
14:59:39 | INFO: Extracting primitive: Cube.050
14:59:39 | INFO: Primitives created: 1
14:59:39 | INFO: Extracting primitive: Cube.051
14:59:39 | INFO: Primitives created: 1
14:59:39 | INFO: Extracting primitive: Cube.052
14:59:39 | INFO: Primitives created: 1
14:59:39 | INFO: Extracting primitive: Cylinder.055
14:59:39 | INFO: Primitives created: 1
14:59:39 | INFO: Extracting primitive: Cylinder.054
14:59:39 | INFO: Primitives created: 1
14:59:39 | INFO: Extracting primitive: Cylinder.058
14:59:39 | INFO: Primitives created: 1
14:59:39 | INFO: Extracting primitive: hinge-pin-pull-eye.004
14:59:39 | INFO: Primitives created: 1
14:59:39 | INFO: Extracting primitive: Cylinder.053
14:59:39 | INFO: Primitives created: 1
14:59:39 | INFO: Extracting primitive: Cube.055
14:59:39 | INFO: Primitives created: 1
14:59:39 | INFO: Extracting primitive: Cube.053
14:59:39 | INFO: Primitives created: 1
14:59:39 | INFO: Extracting primitive: Cube.054
14:59:39 | INFO: Primitives created: 1
14:59:39 | INFO: Extracting primitive: Cylinder.061
14:59:39 | INFO: Primitives created: 1
14:59:39 | INFO: Extracting primitive: Cylinder.060
14:59:39 | INFO: Primitives created: 1
14:59:39 | INFO: Extracting primitive: Cylinder.064
14:59:39 | INFO: Primitives created: 1
14:59:39 | INFO: Extracting primitive: hinge-pin-pull-eye.005
14:59:39 | INFO: Primitives created: 1
14:59:39 | INFO: Extracting primitive: Cylinder.059
14:59:39 | INFO: Primitives created: 1
14:59:39 | INFO: Extracting primitive: Cube.060
14:59:39 | INFO: Primitives created: 1
14:59:39 | INFO: Extracting primitive: Cube.058
14:59:39 | INFO: Primitives created: 1
14:59:39 | INFO: Extracting primitive: Cube.059
14:59:39 | INFO: Primitives created: 1
14:59:39 | INFO: Extracting primitive: Cube.056
14:59:39 | INFO: Primitives created: 1
14:59:39 | INFO: Extracting primitive: Cube.057
14:59:39 | INFO: Primitives created: 1
14:59:39 | INFO: Extracting primitive: Cube.061
14:59:39 | INFO: Primitives created: 1
14:59:39 | INFO: Extracting primitive: Cube.062
14:59:39 | INFO: Primitives created: 1
14:59:39 | INFO: Extracting primitive: Cube.045
14:59:39 | INFO: Primitives created: 1
14:59:39 | INFO: Extracting primitive: Cube.046
14:59:39 | INFO: Primitives created: 1
14:59:39 | INFO: Extracting primitive: Cube.047
14:59:39 | INFO: Primitives created: 1
14:59:39 | INFO: Extracting primitive: Cube.048
14:59:39 | INFO: Primitives created: 1
14:59:39 | INFO: Extracting primitive: Cylinder.065
14:59:39 | INFO: Primitives created: 1
14:59:39 | INFO: Extracting primitive: Cylinder.066
14:59:39 | INFO: Primitives created: 1
14:59:39 | INFO: Extracting primitive: Cube.067
14:59:39 | INFO: Primitives created: 1
14:59:39 | INFO: Extracting primitive: Cube.068
14:59:39 | INFO: Primitives created: 1
14:59:39 | INFO: Extracting primitive: Cube.069
14:59:39 | INFO: Primitives created: 1
14:59:39 | INFO: Extracting primitive: Cube.070
14:59:39 | INFO: Primitives created: 1
14:59:39 | INFO: Extracting primitive: Cylinder.069
14:59:39 | INFO: Primitives created: 1
14:59:39 | INFO: Extracting primitive: Cylinder.068
14:59:39 | INFO: Primitives created: 1
14:59:39 | INFO: Extracting primitive: axial-control-eye.001
14:59:39 | INFO: Primitives created: 1
14:59:39 | INFO: Extracting primitive: Cylinder.075
14:59:39 | INFO: Primitives created: 1
14:59:39 | INFO: Extracting primitive: Cylinder.074
14:59:39 | INFO: Primitives created: 1
14:59:39 | INFO: Extracting primitive: Cylinder.073
14:59:39 | INFO: Primitives created: 1
14:59:39 | INFO: Extracting primitive: hinge-pin-pull-eye.006
14:59:39 | INFO: Primitives created: 1
14:59:39 | INFO: Extracting primitive: Cylinder.067
14:59:39 | INFO: Primitives created: 1
14:59:39 | INFO: Extracting primitive: Cube.073
14:59:39 | INFO: Primitives created: 1
14:59:39 | INFO: Extracting primitive: Cube.071
14:59:39 | INFO: Primitives created: 1
14:59:39 | INFO: Extracting primitive: Cube.072
14:59:39 | INFO: Primitives created: 1
14:59:39 | INFO: Extracting primitive: Cylinder.078
14:59:39 | INFO: Primitives created: 1
14:59:39 | INFO: Extracting primitive: Cylinder.077
14:59:39 | INFO: Primitives created: 1
14:59:39 | INFO: Extracting primitive: Cylinder.082
14:59:39 | INFO: Primitives created: 1
14:59:39 | INFO: Extracting primitive: hinge-pin-pull-eye.007
14:59:39 | INFO: Primitives created: 1
14:59:39 | INFO: Extracting primitive: Cylinder.076
14:59:39 | INFO: Primitives created: 1
14:59:39 | INFO: Extracting primitive: Cube.078
14:59:39 | INFO: Primitives created: 1
14:59:39 | INFO: Extracting primitive: Cube.076
14:59:39 | INFO: Primitives created: 1
14:59:39 | INFO: Extracting primitive: Cube.077
14:59:39 | INFO: Primitives created: 1
14:59:39 | INFO: Extracting primitive: Cube.074
14:59:39 | INFO: Primitives created: 1
14:59:39 | INFO: Extracting primitive: Cube.075
14:59:39 | INFO: Primitives created: 1
14:59:39 | INFO: Extracting primitive: Cube.079
14:59:39 | INFO: Primitives created: 1
14:59:39 | INFO: Extracting primitive: Cube.080
14:59:39 | INFO: Primitives created: 1
14:59:39 | INFO: Extracting primitive: Cube.063
14:59:39 | INFO: Primitives created: 1
14:59:39 | INFO: Extracting primitive: Cube.064
14:59:39 | INFO: Primitives created: 1
14:59:39 | INFO: Extracting primitive: Cube.065
14:59:39 | INFO: Primitives created: 1
14:59:39 | INFO: Extracting primitive: Cube.066
14:59:39 | INFO: Primitives created: 1
14:59:39 | INFO: Extracting primitive: Cylinder.097
14:59:39 | INFO: Primitives created: 1
14:59:39 | INFO: Extracting primitive: Cylinder.098
14:59:39 | INFO: Primitives created: 1
14:59:39 | INFO: Extracting primitive: Cylinder.099
14:59:39 | INFO: Primitives created: 1
14:59:39 | INFO: Extracting primitive: Cylinder.100
14:59:39 | INFO: Primitives created: 1
14:59:39 | INFO: Extracting primitive: Cylinder.101
14:59:39 | INFO: Primitives created: 1
14:59:39 | INFO: Extracting primitive: Cylinder.102
14:59:39 | INFO: Primitives created: 1
14:59:39 | INFO: Extracting primitive: Cylinder.103
14:59:39 | INFO: Primitives created: 1
14:59:39 | INFO: Extracting primitive: Cylinder.104
14:59:39 | INFO: Primitives created: 1
14:59:39 | INFO: Extracting primitive: Cube.140
14:59:39 | INFO: Primitives created: 1
14:59:39 | INFO: Extracting primitive: Cube.142
14:59:39 | INFO: Primitives created: 1
14:59:39 | INFO: Extracting primitive: Cylinder.105
14:59:39 | INFO: Primitives created: 1
14:59:39 | INFO: Extracting primitive: Cylinder.106
14:59:39 | INFO: Primitives created: 1
14:59:39 | INFO: Extracting primitive: Cylinder.107
14:59:39 | INFO: Primitives created: 1
14:59:39 | INFO: Extracting primitive: Cylinder.108
14:59:39 | INFO: Primitives created: 1
14:59:39 | INFO: Extracting primitive: Cylinder.109
14:59:39 | INFO: Primitives created: 1
14:59:39 | INFO: Extracting primitive: Cylinder.110
14:59:39 | INFO: Primitives created: 1
14:59:39 | INFO: Extracting primitive: Cylinder.111
14:59:39 | INFO: Primitives created: 1
14:59:39 | INFO: Extracting primitive: Cylinder.112
14:59:39 | INFO: Primitives created: 1
14:59:39 | INFO: Extracting primitive: Cylinder.113
14:59:39 | INFO: Primitives created: 1
14:59:39 | INFO: Extracting primitive: Cylinder.114
14:59:39 | INFO: Primitives created: 1
14:59:39 | INFO: Extracting primitive: Cylinder.115
14:59:39 | INFO: Primitives created: 1
14:59:39 | INFO: Extracting primitive: Cylinder.116
14:59:39 | INFO: Primitives created: 1
14:59:39 | INFO: Extracting primitive: Cylinder.117
14:59:39 | INFO: Primitives created: 1
14:59:39 | INFO: Extracting primitive: Cylinder.118
14:59:39 | INFO: Primitives created: 1
14:59:39 | INFO: Extracting primitive: Cylinder.119
14:59:39 | INFO: Primitives created: 1
14:59:39 | INFO: Extracting primitive: Cylinder.120
14:59:39 | INFO: Primitives created: 1
14:59:39 | INFO: Extracting primitive: Cylinder.121
14:59:39 | INFO: Primitives created: 1
14:59:39 | INFO: Extracting primitive: Cylinder.122
14:59:39 | INFO: Primitives created: 1
14:59:39 | INFO: Extracting primitive: Cylinder.123
14:59:39 | INFO: Primitives created: 1
14:59:39 | INFO: Extracting primitive: Cylinder.124
14:59:39 | INFO: Primitives created: 1
14:59:39 | INFO: Extracting primitive: Cylinder.125
14:59:39 | INFO: Primitives created: 1
14:59:39 | INFO: Extracting primitive: Cylinder.126
14:59:39 | INFO: Primitives created: 1
14:59:39 | INFO: Extracting primitive: Cylinder.127
14:59:39 | INFO: Primitives created: 1
14:59:39 | INFO: Extracting primitive: Cylinder.128
14:59:39 | INFO: Primitives created: 1
14:59:39 | INFO: Extracting primitive: Cube.139
14:59:39 | INFO: Primitives created: 1
14:59:39 | INFO: Extracting primitive: Cube.141
14:59:39 | INFO: Primitives created: 1
14:59:39 | INFO: Extracting primitive: Cylinder.001
14:59:39 | INFO: Primitives created: 1
14:59:39 | INFO: Extracting primitive: head-bearing-lower
14:59:39 | INFO: Primitives created: 1
14:59:39 | INFO: Extracting primitive: Cylinder.014
14:59:39 | INFO: Primitives created: 1
14:59:39 | INFO: Extracting primitive: Cylinder.002
14:59:39 | INFO: Primitives created: 1
14:59:39 | INFO: Extracting primitive: Cylinder.003
14:59:39 | INFO: Primitives created: 1
14:59:39 | INFO: Extracting primitive: Cylinder.004
14:59:39 | INFO: Primitives created: 1
14:59:39 | INFO: Extracting primitive: Cylinder.005
14:59:39 | INFO: Primitives created: 1
14:59:39 | INFO: Extracting primitive: Cylinder.006
14:59:39 | INFO: Primitives created: 1
14:59:39 | INFO: Extracting primitive: Cylinder.007
14:59:39 | INFO: Primitives created: 1
14:59:39 | INFO: Extracting primitive: Cylinder.008
14:59:39 | INFO: Primitives created: 1
14:59:39 | INFO: Extracting primitive: Cylinder.009
14:59:39 | INFO: Primitives created: 1
14:59:39 | INFO: Extracting primitive: Cylinder.010
14:59:39 | INFO: Primitives created: 1
14:59:39 | INFO: Extracting primitive: Cylinder.011
14:59:39 | INFO: Primitives created: 1
14:59:39 | INFO: Extracting primitive: Cylinder.012
14:59:39 | INFO: Primitives created: 1
14:59:39 | INFO: Extracting primitive: Cylinder.013
14:59:39 | INFO: Primitives created: 1
14:59:39 | INFO: Extracting primitive: jib-tip-sheave
14:59:39 | INFO: Primitives created: 1
14:59:39 | INFO: Extracting primitive: Cube.007
14:59:39 | INFO: Primitives created: 1
14:59:39 | INFO: Extracting primitive: Cube.008
14:59:39 | INFO: Primitives created: 1
14:59:39 | INFO: Extracting primitive: Cylinder.015
14:59:39 | INFO: Primitives created: 1
14:59:39 | INFO: Extracting primitive: Cylinder.018
14:59:39 | INFO: Primitives created: 1
14:59:39 | INFO: Extracting primitive: Cylinder.016
14:59:39 | INFO: Primitives created: 1
14:59:39 | INFO: Extracting primitive: Cylinder.017
14:59:39 | INFO: Primitives created: 1
14:59:39 | INFO: Extracting primitive: moving-lug-eye
14:59:39 | INFO: Primitives created: 1
14:59:39 | INFO: Extracting primitive: Cube.006
14:59:39 | INFO: Primitives created: 1
14:59:39 | INFO: Extracting primitive: Cube.004
14:59:39 | INFO: Primitives created: 1
14:59:39 | INFO: Extracting primitive: Cube.005
14:59:39 | INFO: Primitives created: 1
14:59:39 | INFO: Extracting primitive: Cube.002
14:59:39 | INFO: Primitives created: 1
14:59:39 | INFO: Extracting primitive: Cube.003
14:59:39 | INFO: Primitives created: 1
14:59:39 | INFO: Extracting primitive: Cube.001
14:59:39 | INFO: Primitives created: 1
14:59:39 | INFO: Finished glTF 2.0 export in 0.18155336380004883 s
00:23.420  render           | Saved: '/Users/hina/Documents/Experience-Intelligence-Domain/wonderforge/artifacts/eiffel-gin-pole-climb-2026-09-08/renders/gin-pole-climb-context.png'

15:03:31 | INFO: Starting glTF 2.0 export
15:03:31 | INFO: Extracting primitive: Cylinder.226
15:03:31 | INFO: Primitives created: 1
15:03:31 | INFO: Extracting primitive: east-guide-sheave.001
15:03:31 | INFO: Primitives created: 1
15:03:31 | INFO: Extracting primitive: climb-input-crank-involute
15:03:31 | INFO: Primitives created: 1
15:03:31 | INFO: Extracting primitive: Cylinder.221
15:03:31 | INFO: Primitives created: 1
15:03:31 | INFO: Extracting primitive: Cylinder.222
15:03:31 | INFO: Primitives created: 1
15:03:31 | INFO: Extracting primitive: Cylinder.220
15:03:31 | INFO: Primitives created: 1
15:03:31 | INFO: Extracting primitive: climb-output-gear-involute
15:03:31 | INFO: Primitives created: 1
15:03:31 | INFO: Extracting primitive: Cylinder.223
15:03:31 | INFO: Primitives created: 1
15:03:31 | INFO: Extracting primitive: Cylinder.224
15:03:31 | INFO: Primitives created: 1
15:03:31 | INFO: Extracting primitive: climb-ratchet-wheel-involute
15:03:31 | INFO: Primitives created: 1
15:03:31 | INFO: Extracting primitive: Cube.234
15:03:31 | INFO: Primitives created: 1
15:03:31 | INFO: Extracting primitive: Cube.235
15:03:31 | INFO: Primitives created: 1
15:03:31 | INFO: Extracting primitive: Cylinder.225
15:03:31 | INFO: Primitives created: 1
15:03:31 | INFO: Extracting primitive: west-guide-sheave.001
15:03:31 | INFO: Primitives created: 1
15:03:31 | INFO: Extracting primitive: Cylinder.219
15:03:31 | INFO: Primitives created: 1
15:03:31 | INFO: Extracting primitive: winch-rope-flange.002
15:03:31 | INFO: Primitives created: 1
15:03:31 | INFO: Extracting primitive: winch-rope-flange.003
15:03:31 | INFO: Primitives created: 1
15:03:31 | INFO: Extracting primitive: Cube.227
15:03:31 | INFO: Primitives created: 1
15:03:31 | INFO: Extracting primitive: Cube.229
15:03:31 | INFO: Primitives created: 1
15:03:31 | INFO: Extracting primitive: Cube.226
15:03:31 | INFO: Primitives created: 1
15:03:31 | INFO: Extracting primitive: Cube.228
15:03:31 | INFO: Primitives created: 1
15:03:31 | INFO: Extracting primitive: Cube.230
15:03:31 | INFO: Primitives created: 1
15:03:31 | INFO: Extracting primitive: Cylinder.217
15:03:31 | INFO: Primitives created: 1
15:03:31 | INFO: Extracting primitive: Cylinder.218
15:03:31 | INFO: Primitives created: 1
15:03:31 | INFO: Extracting primitive: Cube.232
15:03:31 | INFO: Primitives created: 1
15:03:31 | INFO: Extracting primitive: Cube.233
15:03:31 | INFO: Primitives created: 1
15:03:31 | INFO: Extracting primitive: Cylinder.216
15:03:31 | INFO: Primitives created: 1
15:03:31 | INFO: Extracting primitive: Cylinder.213
15:03:31 | INFO: Primitives created: 1
15:03:31 | INFO: Extracting primitive: Cylinder.214
15:03:31 | INFO: Primitives created: 1
15:03:31 | INFO: Extracting primitive: Cylinder.215
15:03:31 | INFO: Primitives created: 1
15:03:31 | INFO: Extracting primitive: Cube.231
15:03:31 | INFO: Primitives created: 1
15:03:31 | INFO: Extracting primitive: Cylinder.149
15:03:31 | INFO: Primitives created: 1
15:03:31 | INFO: Extracting primitive: Cylinder.150
15:03:31 | INFO: Primitives created: 1
15:03:31 | INFO: Extracting primitive: Cube.158
15:03:31 | INFO: Primitives created: 1
15:03:31 | INFO: Extracting primitive: Cube.159
15:03:31 | INFO: Primitives created: 1
15:03:31 | INFO: Extracting primitive: Cube.160
15:03:31 | INFO: Primitives created: 1
15:03:31 | INFO: Extracting primitive: Cube.161
15:03:31 | INFO: Primitives created: 1
15:03:31 | INFO: Extracting primitive: Cylinder.153
15:03:31 | INFO: Primitives created: 1
15:03:31 | INFO: Extracting primitive: Cylinder.152
15:03:31 | INFO: Primitives created: 1
15:03:31 | INFO: Extracting primitive: Cylinder.156
15:03:31 | INFO: Primitives created: 1
15:03:31 | INFO: Extracting primitive: hinge-pin-pull-eye.008
15:03:31 | INFO: Primitives created: 1
15:03:31 | INFO: Extracting primitive: Cylinder.151
15:03:31 | INFO: Primitives created: 1
15:03:31 | INFO: Extracting primitive: Cube.164
15:03:31 | INFO: Primitives created: 1
15:03:31 | INFO: Extracting primitive: Cube.162
15:03:31 | INFO: Primitives created: 1
15:03:31 | INFO: Extracting primitive: Cube.163
15:03:31 | INFO: Primitives created: 1
15:03:31 | INFO: Extracting primitive: Cylinder.159
15:03:31 | INFO: Primitives created: 1
15:03:31 | INFO: Extracting primitive: Cylinder.158
15:03:31 | INFO: Primitives created: 1
15:03:31 | INFO: Extracting primitive: Cylinder.162
15:03:31 | INFO: Primitives created: 1
15:03:31 | INFO: Extracting primitive: hinge-pin-pull-eye.009
15:03:31 | INFO: Primitives created: 1
15:03:31 | INFO: Extracting primitive: Cylinder.157
15:03:31 | INFO: Primitives created: 1
15:03:31 | INFO: Extracting primitive: Cube.169
15:03:31 | INFO: Primitives created: 1
15:03:31 | INFO: Extracting primitive: Cube.167
15:03:31 | INFO: Primitives created: 1
15:03:31 | INFO: Extracting primitive: Cube.168
15:03:31 | INFO: Primitives created: 1
15:03:31 | INFO: Extracting primitive: Cube.165
15:03:31 | INFO: Primitives created: 1
15:03:31 | INFO: Extracting primitive: Cube.166
15:03:31 | INFO: Primitives created: 1
15:03:31 | INFO: Extracting primitive: Cube.170
15:03:31 | INFO: Primitives created: 1
15:03:31 | INFO: Extracting primitive: Cube.171
15:03:31 | INFO: Primitives created: 1
15:03:31 | INFO: Extracting primitive: Cube.154
15:03:31 | INFO: Primitives created: 1
15:03:31 | INFO: Extracting primitive: Cube.155
15:03:31 | INFO: Primitives created: 1
15:03:31 | INFO: Extracting primitive: Cube.156
15:03:31 | INFO: Primitives created: 1
15:03:31 | INFO: Extracting primitive: Cube.157
15:03:31 | INFO: Primitives created: 1
15:03:31 | INFO: Extracting primitive: Cylinder.163
15:03:31 | INFO: Primitives created: 1
15:03:31 | INFO: Extracting primitive: Cylinder.164
15:03:31 | INFO: Primitives created: 1
15:03:31 | INFO: Extracting primitive: Cube.176
15:03:31 | INFO: Primitives created: 1
15:03:31 | INFO: Extracting primitive: Cube.177
15:03:31 | INFO: Primitives created: 1
15:03:31 | INFO: Extracting primitive: Cube.178
15:03:31 | INFO: Primitives created: 1
15:03:31 | INFO: Extracting primitive: Cube.179
15:03:31 | INFO: Primitives created: 1
15:03:31 | INFO: Extracting primitive: Cylinder.167
15:03:31 | INFO: Primitives created: 1
15:03:31 | INFO: Extracting primitive: Cylinder.166
15:03:31 | INFO: Primitives created: 1
15:03:31 | INFO: Extracting primitive: axial-control-eye.002
15:03:31 | INFO: Primitives created: 1
15:03:31 | INFO: Extracting primitive: Cylinder.173
15:03:31 | INFO: Primitives created: 1
15:03:31 | INFO: Extracting primitive: Cylinder.172
15:03:31 | INFO: Primitives created: 1
15:03:31 | INFO: Extracting primitive: Cylinder.171
15:03:31 | INFO: Primitives created: 1
15:03:31 | INFO: Extracting primitive: hinge-pin-pull-eye.010
15:03:31 | INFO: Primitives created: 1
15:03:31 | INFO: Extracting primitive: Cylinder.165
15:03:31 | INFO: Primitives created: 1
15:03:31 | INFO: Extracting primitive: Cube.182
15:03:31 | INFO: Primitives created: 1
15:03:31 | INFO: Extracting primitive: Cube.180
15:03:31 | INFO: Primitives created: 1
15:03:31 | INFO: Extracting primitive: Cube.181
15:03:31 | INFO: Primitives created: 1
15:03:31 | INFO: Extracting primitive: Cylinder.176
15:03:31 | INFO: Primitives created: 1
15:03:31 | INFO: Extracting primitive: Cylinder.175
15:03:31 | INFO: Primitives created: 1
15:03:31 | INFO: Extracting primitive: Cylinder.180
15:03:31 | INFO: Primitives created: 1
15:03:31 | INFO: Extracting primitive: hinge-pin-pull-eye.011
15:03:31 | INFO: Primitives created: 1
15:03:31 | INFO: Extracting primitive: Cylinder.174
15:03:31 | INFO: Primitives created: 1
15:03:31 | INFO: Extracting primitive: Cube.187
15:03:31 | INFO: Primitives created: 1
15:03:31 | INFO: Extracting primitive: Cube.185
15:03:31 | INFO: Primitives created: 1
15:03:31 | INFO: Extracting primitive: Cube.186
15:03:31 | INFO: Primitives created: 1
15:03:31 | INFO: Extracting primitive: Cube.183
15:03:31 | INFO: Primitives created: 1
15:03:31 | INFO: Extracting primitive: Cube.184
15:03:31 | INFO: Primitives created: 1
15:03:31 | INFO: Extracting primitive: Cube.188
15:03:31 | INFO: Primitives created: 1
15:03:31 | INFO: Extracting primitive: Cube.189
15:03:31 | INFO: Primitives created: 1
15:03:31 | INFO: Extracting primitive: Cube.172
15:03:31 | INFO: Primitives created: 1
15:03:31 | INFO: Extracting primitive: Cube.173
15:03:31 | INFO: Primitives created: 1
15:03:31 | INFO: Extracting primitive: Cube.174
15:03:31 | INFO: Primitives created: 1
15:03:31 | INFO: Extracting primitive: Cube.175
15:03:31 | INFO: Primitives created: 1
15:03:31 | INFO: Extracting primitive: Cylinder.181
15:03:31 | INFO: Primitives created: 1
15:03:31 | INFO: Extracting primitive: Cylinder.182
15:03:31 | INFO: Primitives created: 1
15:03:31 | INFO: Extracting primitive: Cube.194
15:03:31 | INFO: Primitives created: 1
15:03:31 | INFO: Extracting primitive: Cube.195
15:03:31 | INFO: Primitives created: 1
15:03:31 | INFO: Extracting primitive: Cube.196
15:03:31 | INFO: Primitives created: 1
15:03:31 | INFO: Extracting primitive: Cube.197
15:03:31 | INFO: Primitives created: 1
15:03:31 | INFO: Extracting primitive: Cylinder.185
15:03:31 | INFO: Primitives created: 1
15:03:31 | INFO: Extracting primitive: Cylinder.184
15:03:31 | INFO: Primitives created: 1
15:03:31 | INFO: Extracting primitive: Cylinder.188
15:03:31 | INFO: Primitives created: 1
15:03:31 | INFO: Extracting primitive: hinge-pin-pull-eye.012
15:03:31 | INFO: Primitives created: 1
15:03:31 | INFO: Extracting primitive: Cylinder.183
15:03:31 | INFO: Primitives created: 1
15:03:31 | INFO: Extracting primitive: Cube.200
15:03:31 | INFO: Primitives created: 1
15:03:31 | INFO: Extracting primitive: Cube.198
15:03:31 | INFO: Primitives created: 1
15:03:31 | INFO: Extracting primitive: Cube.199
15:03:31 | INFO: Primitives created: 1
15:03:31 | INFO: Extracting primitive: Cylinder.191
15:03:31 | INFO: Primitives created: 1
15:03:31 | INFO: Extracting primitive: Cylinder.190
15:03:31 | INFO: Primitives created: 1
15:03:31 | INFO: Extracting primitive: Cylinder.194
15:03:31 | INFO: Primitives created: 1
15:03:31 | INFO: Extracting primitive: hinge-pin-pull-eye.013
15:03:31 | INFO: Primitives created: 1
15:03:31 | INFO: Extracting primitive: Cylinder.189
15:03:31 | INFO: Primitives created: 1
15:03:31 | INFO: Extracting primitive: Cube.205
15:03:31 | INFO: Primitives created: 1
15:03:31 | INFO: Extracting primitive: Cube.203
15:03:31 | INFO: Primitives created: 1
15:03:31 | INFO: Extracting primitive: Cube.204
15:03:31 | INFO: Primitives created: 1
15:03:31 | INFO: Extracting primitive: Cube.201
15:03:31 | INFO: Primitives created: 1
15:03:31 | INFO: Extracting primitive: Cube.202
15:03:31 | INFO: Primitives created: 1
15:03:31 | INFO: Extracting primitive: Cube.206
15:03:31 | INFO: Primitives created: 1
15:03:31 | INFO: Extracting primitive: Cube.207
15:03:31 | INFO: Primitives created: 1
15:03:31 | INFO: Extracting primitive: Cube.190
15:03:31 | INFO: Primitives created: 1
15:03:31 | INFO: Extracting primitive: Cube.191
15:03:31 | INFO: Primitives created: 1
15:03:31 | INFO: Extracting primitive: Cube.192
15:03:31 | INFO: Primitives created: 1
15:03:31 | INFO: Extracting primitive: Cube.193
15:03:31 | INFO: Primitives created: 1
15:03:31 | INFO: Extracting primitive: Cylinder.195
15:03:31 | INFO: Primitives created: 1
15:03:31 | INFO: Extracting primitive: Cylinder.196
15:03:31 | INFO: Primitives created: 1
15:03:31 | INFO: Extracting primitive: Cube.212
15:03:31 | INFO: Primitives created: 1
15:03:31 | INFO: Extracting primitive: Cube.213
15:03:31 | INFO: Primitives created: 1
15:03:31 | INFO: Extracting primitive: Cube.214
15:03:31 | INFO: Primitives created: 1
15:03:31 | INFO: Extracting primitive: Cube.215
15:03:31 | INFO: Primitives created: 1
15:03:31 | INFO: Extracting primitive: Cylinder.199
15:03:31 | INFO: Primitives created: 1
15:03:31 | INFO: Extracting primitive: Cylinder.198
15:03:31 | INFO: Primitives created: 1
15:03:31 | INFO: Extracting primitive: axial-control-eye.003
15:03:31 | INFO: Primitives created: 1
15:03:31 | INFO: Extracting primitive: Cylinder.205
15:03:31 | INFO: Primitives created: 1
15:03:31 | INFO: Extracting primitive: Cylinder.204
15:03:31 | INFO: Primitives created: 1
15:03:31 | INFO: Extracting primitive: Cylinder.203
15:03:31 | INFO: Primitives created: 1
15:03:31 | INFO: Extracting primitive: hinge-pin-pull-eye.014
15:03:31 | INFO: Primitives created: 1
15:03:31 | INFO: Extracting primitive: Cylinder.197
15:03:31 | INFO: Primitives created: 1
15:03:31 | INFO: Extracting primitive: Cube.218
15:03:31 | INFO: Primitives created: 1
15:03:31 | INFO: Extracting primitive: Cube.216
15:03:31 | INFO: Primitives created: 1
15:03:31 | INFO: Extracting primitive: Cube.217
15:03:31 | INFO: Primitives created: 1
15:03:31 | INFO: Extracting primitive: Cylinder.208
15:03:31 | INFO: Primitives created: 1
15:03:31 | INFO: Extracting primitive: Cylinder.207
15:03:31 | INFO: Primitives created: 1
15:03:31 | INFO: Extracting primitive: Cylinder.212
15:03:31 | INFO: Primitives created: 1
15:03:31 | INFO: Extracting primitive: hinge-pin-pull-eye.015
15:03:31 | INFO: Primitives created: 1
15:03:31 | INFO: Extracting primitive: Cylinder.206
15:03:31 | INFO: Primitives created: 1
15:03:31 | INFO: Extracting primitive: Cube.223
15:03:31 | INFO: Primitives created: 1
15:03:31 | INFO: Extracting primitive: Cube.221
15:03:31 | INFO: Primitives created: 1
15:03:31 | INFO: Extracting primitive: Cube.222
15:03:31 | INFO: Primitives created: 1
15:03:31 | INFO: Extracting primitive: Cube.219
15:03:31 | INFO: Primitives created: 1
15:03:31 | INFO: Extracting primitive: Cube.220
15:03:31 | INFO: Primitives created: 1
15:03:31 | INFO: Extracting primitive: Cube.224
15:03:31 | INFO: Primitives created: 1
15:03:31 | INFO: Extracting primitive: Cube.225
15:03:31 | INFO: Primitives created: 1
15:03:31 | INFO: Extracting primitive: Cube.208
15:03:31 | INFO: Primitives created: 1
15:03:31 | INFO: Extracting primitive: Cube.209
15:03:31 | INFO: Primitives created: 1
15:03:31 | INFO: Extracting primitive: Cube.210
15:03:31 | INFO: Primitives created: 1
15:03:31 | INFO: Extracting primitive: Cube.211
15:03:31 | INFO: Primitives created: 1
15:03:31 | INFO: Extracting primitive: Cylinder.227
15:03:31 | INFO: Primitives created: 1
15:03:31 | INFO: Extracting primitive: Cylinder.228
15:03:31 | INFO: Primitives created: 1
15:03:31 | INFO: Extracting primitive: Cylinder.229
15:03:31 | INFO: Primitives created: 1
15:03:31 | INFO: Extracting primitive: Cylinder.230
15:03:31 | INFO: Primitives created: 1
15:03:31 | INFO: Extracting primitive: Cylinder.231
15:03:31 | INFO: Primitives created: 1
15:03:31 | INFO: Extracting primitive: Cylinder.232
15:03:31 | INFO: Primitives created: 1
15:03:31 | INFO: Extracting primitive: Cylinder.233
15:03:31 | INFO: Primitives created: 1
15:03:31 | INFO: Extracting primitive: Cylinder.234
15:03:31 | INFO: Primitives created: 1
15:03:31 | INFO: Extracting primitive: Cube.237
15:03:31 | INFO: Primitives created: 1
15:03:31 | INFO: Extracting primitive: Cube.239
15:03:31 | INFO: Primitives created: 1
15:03:31 | INFO: Extracting primitive: Cylinder.235
15:03:31 | INFO: Primitives created: 1
15:03:31 | INFO: Extracting primitive: Cylinder.236
15:03:31 | INFO: Primitives created: 1
15:03:31 | INFO: Extracting primitive: Cylinder.237
15:03:31 | INFO: Primitives created: 1
15:03:31 | INFO: Extracting primitive: Cylinder.238
15:03:31 | INFO: Primitives created: 1
15:03:31 | INFO: Extracting primitive: Cylinder.239
15:03:31 | INFO: Primitives created: 1
15:03:31 | INFO: Extracting primitive: Cylinder.240
15:03:31 | INFO: Primitives created: 1
15:03:31 | INFO: Extracting primitive: Cylinder.241
15:03:31 | INFO: Primitives created: 1
15:03:31 | INFO: Extracting primitive: Cylinder.242
15:03:31 | INFO: Primitives created: 1
15:03:31 | INFO: Extracting primitive: Cylinder.243
15:03:31 | INFO: Primitives created: 1
15:03:31 | INFO: Extracting primitive: Cylinder.244
15:03:31 | INFO: Primitives created: 1
15:03:31 | INFO: Extracting primitive: Cylinder.245
15:03:31 | INFO: Primitives created: 1
15:03:31 | INFO: Extracting primitive: Cylinder.246
15:03:31 | INFO: Primitives created: 1
15:03:31 | INFO: Extracting primitive: Cylinder.247
15:03:31 | INFO: Primitives created: 1
15:03:31 | INFO: Extracting primitive: Cylinder.248
15:03:31 | INFO: Primitives created: 1
15:03:31 | INFO: Extracting primitive: Cylinder.249
15:03:31 | INFO: Primitives created: 1
15:03:31 | INFO: Extracting primitive: Cylinder.250
15:03:31 | INFO: Primitives created: 1
15:03:31 | INFO: Extracting primitive: Cylinder.251
15:03:31 | INFO: Primitives created: 1
15:03:31 | INFO: Extracting primitive: Cylinder.252
15:03:31 | INFO: Primitives created: 1
15:03:31 | INFO: Extracting primitive: Cylinder.253
15:03:31 | INFO: Primitives created: 1
15:03:31 | INFO: Extracting primitive: Cylinder.254
15:03:31 | INFO: Primitives created: 1
15:03:31 | INFO: Extracting primitive: Cylinder.255
15:03:31 | INFO: Primitives created: 1
15:03:31 | INFO: Extracting primitive: Cylinder.256
15:03:31 | INFO: Primitives created: 1
15:03:31 | INFO: Extracting primitive: Cylinder.257
15:03:31 | INFO: Primitives created: 1
15:03:31 | INFO: Extracting primitive: Cylinder.258
15:03:31 | INFO: Primitives created: 1
15:03:31 | INFO: Extracting primitive: Cube.236
15:03:31 | INFO: Primitives created: 1
15:03:31 | INFO: Extracting primitive: Cube.238
15:03:31 | INFO: Primitives created: 1
15:03:31 | INFO: Extracting primitive: Cube.149
15:03:31 | INFO: Primitives created: 1
15:03:31 | INFO: Extracting primitive: Cube.150
15:03:31 | INFO: Primitives created: 1
15:03:31 | INFO: Extracting primitive: Cylinder.131
15:03:31 | INFO: Primitives created: 1
15:03:31 | INFO: Extracting primitive: head-bearing-lower.001
15:03:31 | INFO: Primitives created: 1
15:03:31 | INFO: Extracting primitive: Cylinder.144
15:03:31 | INFO: Primitives created: 1
15:03:31 | INFO: Extracting primitive: Cylinder.132
15:03:31 | INFO: Primitives created: 1
15:03:31 | INFO: Extracting primitive: Cylinder.133
15:03:31 | INFO: Primitives created: 1
15:03:31 | INFO: Extracting primitive: Cylinder.134
15:03:31 | INFO: Primitives created: 1
15:03:31 | INFO: Extracting primitive: Cylinder.135
15:03:31 | INFO: Primitives created: 1
15:03:31 | INFO: Extracting primitive: Cylinder.136
15:03:31 | INFO: Primitives created: 1
15:03:31 | INFO: Extracting primitive: Cylinder.137
15:03:31 | INFO: Primitives created: 1
15:03:31 | INFO: Extracting primitive: Cylinder.138
15:03:31 | INFO: Primitives created: 1
15:03:31 | INFO: Extracting primitive: Cylinder.139
15:03:31 | INFO: Primitives created: 1
15:03:31 | INFO: Extracting primitive: Cylinder.140
15:03:31 | INFO: Primitives created: 1
15:03:31 | INFO: Extracting primitive: Cylinder.141
15:03:31 | INFO: Primitives created: 1
15:03:31 | INFO: Extracting primitive: Cylinder.142
15:03:31 | INFO: Primitives created: 1
15:03:31 | INFO: Extracting primitive: Cylinder.143
15:03:31 | INFO: Primitives created: 1
15:03:31 | INFO: Extracting primitive: jib-tip-sheave.001
15:03:31 | INFO: Primitives created: 1
15:03:31 | INFO: Extracting primitive: Cube.152
15:03:31 | INFO: Primitives created: 1
15:03:31 | INFO: Extracting primitive: Cube.153
15:03:31 | INFO: Primitives created: 1
15:03:31 | INFO: Extracting primitive: Cylinder.145
15:03:31 | INFO: Primitives created: 1
15:03:31 | INFO: Extracting primitive: Cylinder.148
15:03:31 | INFO: Primitives created: 1
15:03:31 | INFO: Extracting primitive: Cylinder.146
15:03:31 | INFO: Primitives created: 1
15:03:31 | INFO: Extracting primitive: Cylinder.147
15:03:31 | INFO: Primitives created: 1
15:03:31 | INFO: Extracting primitive: moving-lug-eye.001
15:03:31 | INFO: Primitives created: 1
15:03:31 | INFO: Extracting primitive: Cube.151
15:03:31 | INFO: Primitives created: 1
15:03:31 | INFO: Extracting primitive: Cube.146
15:03:31 | INFO: Primitives created: 1
15:03:31 | INFO: Extracting primitive: Cube.147
15:03:31 | INFO: Primitives created: 1
15:03:31 | INFO: Extracting primitive: Cube.144
15:03:31 | INFO: Primitives created: 1
15:03:31 | INFO: Extracting primitive: Cube.145
15:03:31 | INFO: Primitives created: 1
15:03:31 | INFO: Extracting primitive: Cube.148
15:03:31 | INFO: Primitives created: 1
15:03:31 | INFO: Extracting primitive: Cube.143
15:03:31 | INFO: Primitives created: 1
15:03:31 | INFO: Finished glTF 2.0 export in 0.2594888210296631 s
04:15.130  render           | Saved: '/Users/hina/Documents/Experience-Intelligence-Domain/wonderforge/artifacts/eiffel-gin-pole-climb-2026-09-08/renders/gin-pole-climb-context.png'

15:11:07 | INFO: Starting glTF 2.0 export
15:11:07 | INFO: Extracting primitive: Cylinder.360
15:11:07 | INFO: Primitives created: 1
15:11:07 | INFO: Extracting primitive: east-guide-sheave.002
15:11:07 | INFO: Primitives created: 1
15:11:07 | INFO: Extracting primitive: climb-input-crank-involute.001
15:11:07 | INFO: Primitives created: 1
15:11:07 | INFO: Extracting primitive: Cylinder.355
15:11:07 | INFO: Primitives created: 1
15:11:07 | INFO: Extracting primitive: Cylinder.356
15:11:07 | INFO: Primitives created: 1
15:11:07 | INFO: Extracting primitive: Cylinder.354
15:11:07 | INFO: Primitives created: 1
15:11:07 | INFO: Extracting primitive: climb-output-gear-involute.001
15:11:07 | INFO: Primitives created: 1
15:11:07 | INFO: Extracting primitive: Cylinder.357
15:11:07 | INFO: Primitives created: 1
15:11:07 | INFO: Extracting primitive: Cylinder.358
15:11:07 | INFO: Primitives created: 1
15:11:07 | INFO: Extracting primitive: climb-ratchet-wheel-involute.001
15:11:07 | INFO: Primitives created: 1
15:11:07 | INFO: Extracting primitive: Cube.331
15:11:07 | INFO: Primitives created: 1
15:11:07 | INFO: Extracting primitive: Cube.332
15:11:07 | INFO: Primitives created: 1
15:11:07 | INFO: Extracting primitive: Cylinder.359
15:11:07 | INFO: Primitives created: 1
15:11:07 | INFO: Extracting primitive: west-guide-sheave.002
15:11:07 | INFO: Primitives created: 1
15:11:07 | INFO: Extracting primitive: Cylinder.353
15:11:07 | INFO: Primitives created: 1
15:11:07 | INFO: Extracting primitive: winch-rope-flange.004
15:11:07 | INFO: Primitives created: 1
15:11:07 | INFO: Extracting primitive: winch-rope-flange.005
15:11:07 | INFO: Primitives created: 1
15:11:07 | INFO: Extracting primitive: Cube.324
15:11:07 | INFO: Primitives created: 1
15:11:07 | INFO: Extracting primitive: Cube.326
15:11:07 | INFO: Primitives created: 1
15:11:07 | INFO: Extracting primitive: Cube.323
15:11:07 | INFO: Primitives created: 1
15:11:07 | INFO: Extracting primitive: Cube.325
15:11:07 | INFO: Primitives created: 1
15:11:07 | INFO: Extracting primitive: Cube.327
15:11:07 | INFO: Primitives created: 1
15:11:07 | INFO: Extracting primitive: Cylinder.351
15:11:07 | INFO: Primitives created: 1
15:11:07 | INFO: Extracting primitive: Cylinder.352
15:11:07 | INFO: Primitives created: 1
15:11:07 | INFO: Extracting primitive: Cube.329
15:11:07 | INFO: Primitives created: 1
15:11:07 | INFO: Extracting primitive: Cube.330
15:11:07 | INFO: Primitives created: 1
15:11:07 | INFO: Extracting primitive: Cylinder.350
15:11:07 | INFO: Primitives created: 1
15:11:07 | INFO: Extracting primitive: Cylinder.347
15:11:07 | INFO: Primitives created: 1
15:11:07 | INFO: Extracting primitive: Cylinder.348
15:11:07 | INFO: Primitives created: 1
15:11:07 | INFO: Extracting primitive: Cylinder.349
15:11:07 | INFO: Primitives created: 1
15:11:07 | INFO: Extracting primitive: Cube.328
15:11:07 | INFO: Primitives created: 1
15:11:07 | INFO: Extracting primitive: Cylinder.279
15:11:07 | INFO: Primitives created: 1
15:11:07 | INFO: Extracting primitive: Cylinder.280
15:11:07 | INFO: Primitives created: 1
15:11:07 | INFO: Extracting primitive: Cube.255
15:11:07 | INFO: Primitives created: 1
15:11:07 | INFO: Extracting primitive: Cube.256
15:11:07 | INFO: Primitives created: 1
15:11:07 | INFO: Extracting primitive: Cube.257
15:11:07 | INFO: Primitives created: 1
15:11:07 | INFO: Extracting primitive: Cube.258
15:11:07 | INFO: Primitives created: 1
15:11:07 | INFO: Extracting primitive: Cylinder.284
15:11:07 | INFO: Primitives created: 1
15:11:07 | INFO: Extracting primitive: Cylinder.282
15:11:07 | INFO: Primitives created: 1
15:11:07 | INFO: Extracting primitive: Cylinder.283
15:11:07 | INFO: Primitives created: 1
15:11:07 | INFO: Extracting primitive: Cylinder.287
15:11:07 | INFO: Primitives created: 1
15:11:07 | INFO: Extracting primitive: hinge-pin-pull-eye.016
15:11:07 | INFO: Primitives created: 1
15:11:07 | INFO: Extracting primitive: leaf-hinge-knuckle
15:11:07 | INFO: Primitives created: 1
15:11:07 | INFO: Extracting primitive: Cube.261
15:11:07 | INFO: Primitives created: 1
15:11:07 | INFO: Extracting primitive: Cube.259
15:11:07 | INFO: Primitives created: 1
15:11:07 | INFO: Extracting primitive: Cube.260
15:11:07 | INFO: Primitives created: 1
15:11:07 | INFO: Extracting primitive: Cylinder.290
15:11:07 | INFO: Primitives created: 1
15:11:07 | INFO: Extracting primitive: Cylinder.288
15:11:07 | INFO: Primitives created: 1
15:11:07 | INFO: Extracting primitive: Cylinder.289
15:11:07 | INFO: Primitives created: 1
15:11:07 | INFO: Extracting primitive: Cylinder.293
15:11:07 | INFO: Primitives created: 1
15:11:07 | INFO: Extracting primitive: hinge-pin-pull-eye.017
15:11:07 | INFO: Primitives created: 1
15:11:07 | INFO: Extracting primitive: leaf-hinge-knuckle.001
15:11:07 | INFO: Primitives created: 1
15:11:07 | INFO: Extracting primitive: Cube.266
15:11:07 | INFO: Primitives created: 1
15:11:07 | INFO: Extracting primitive: Cube.264
15:11:07 | INFO: Primitives created: 1
15:11:07 | INFO: Extracting primitive: Cube.265
15:11:07 | INFO: Primitives created: 1
15:11:07 | INFO: Extracting primitive: Cylinder.281
15:11:07 | INFO: Primitives created: 1
15:11:07 | INFO: Extracting primitive: Cube.262
15:11:07 | INFO: Primitives created: 1
15:11:07 | INFO: Extracting primitive: Cube.263
15:11:07 | INFO: Primitives created: 1
15:11:07 | INFO: Extracting primitive: Cube.267
15:11:07 | INFO: Primitives created: 1
15:11:07 | INFO: Extracting primitive: Cube.268
15:11:07 | INFO: Primitives created: 1
15:11:07 | INFO: Extracting primitive: Cube.251
15:11:07 | INFO: Primitives created: 1
15:11:07 | INFO: Extracting primitive: Cube.252
15:11:07 | INFO: Primitives created: 1
15:11:07 | INFO: Extracting primitive: Cube.253
15:11:07 | INFO: Primitives created: 1
15:11:07 | INFO: Extracting primitive: Cube.254
15:11:07 | INFO: Primitives created: 1
15:11:07 | INFO: Extracting primitive: Cylinder.294
15:11:07 | INFO: Primitives created: 1
15:11:07 | INFO: Extracting primitive: Cylinder.295
15:11:07 | INFO: Primitives created: 1
15:11:07 | INFO: Extracting primitive: Cube.273
15:11:07 | INFO: Primitives created: 1
15:11:07 | INFO: Extracting primitive: Cube.274
15:11:07 | INFO: Primitives created: 1
15:11:07 | INFO: Extracting primitive: Cube.275
15:11:07 | INFO: Primitives created: 1
15:11:07 | INFO: Extracting primitive: Cube.276
15:11:07 | INFO: Primitives created: 1
15:11:07 | INFO: Extracting primitive: Cylinder.299
15:11:07 | INFO: Primitives created: 1
15:11:07 | INFO: Extracting primitive: Cylinder.297
15:11:07 | INFO: Primitives created: 1
15:11:07 | INFO: Extracting primitive: Cylinder.298
15:11:07 | INFO: Primitives created: 1
15:11:07 | INFO: Extracting primitive: axial-control-eye.004
15:11:07 | INFO: Primitives created: 1
15:11:07 | INFO: Extracting primitive: Cylinder.305
15:11:07 | INFO: Primitives created: 1
15:11:07 | INFO: Extracting primitive: Cylinder.304
15:11:07 | INFO: Primitives created: 1
15:11:07 | INFO: Extracting primitive: Cylinder.303
15:11:07 | INFO: Primitives created: 1
15:11:07 | INFO: Extracting primitive: hinge-pin-pull-eye.018
15:11:07 | INFO: Primitives created: 1
15:11:07 | INFO: Extracting primitive: leaf-hinge-knuckle.002
15:11:07 | INFO: Primitives created: 1
15:11:07 | INFO: Extracting primitive: Cube.279
15:11:07 | INFO: Primitives created: 1
15:11:07 | INFO: Extracting primitive: Cube.277
15:11:07 | INFO: Primitives created: 1
15:11:07 | INFO: Extracting primitive: Cube.278
15:11:07 | INFO: Primitives created: 1
15:11:07 | INFO: Extracting primitive: Cylinder.308
15:11:07 | INFO: Primitives created: 1
15:11:07 | INFO: Extracting primitive: Cylinder.306
15:11:07 | INFO: Primitives created: 1
15:11:07 | INFO: Extracting primitive: Cylinder.307
15:11:07 | INFO: Primitives created: 1
15:11:07 | INFO: Extracting primitive: Cylinder.312
15:11:07 | INFO: Primitives created: 1
15:11:07 | INFO: Extracting primitive: hinge-pin-pull-eye.019
15:11:07 | INFO: Primitives created: 1
15:11:07 | INFO: Extracting primitive: leaf-hinge-knuckle.003
15:11:07 | INFO: Primitives created: 1
15:11:07 | INFO: Extracting primitive: Cube.284
15:11:07 | INFO: Primitives created: 1
15:11:07 | INFO: Extracting primitive: Cube.282
15:11:07 | INFO: Primitives created: 1
15:11:07 | INFO: Extracting primitive: Cube.283
15:11:07 | INFO: Primitives created: 1
15:11:07 | INFO: Extracting primitive: Cylinder.296
15:11:07 | INFO: Primitives created: 1
15:11:07 | INFO: Extracting primitive: Cube.280
15:11:07 | INFO: Primitives created: 1
15:11:07 | INFO: Extracting primitive: Cube.281
15:11:07 | INFO: Primitives created: 1
15:11:07 | INFO: Extracting primitive: Cube.285
15:11:07 | INFO: Primitives created: 1
15:11:07 | INFO: Extracting primitive: Cube.286
15:11:07 | INFO: Primitives created: 1
15:11:07 | INFO: Extracting primitive: Cube.269
15:11:07 | INFO: Primitives created: 1
15:11:07 | INFO: Extracting primitive: Cube.270
15:11:07 | INFO: Primitives created: 1
15:11:07 | INFO: Extracting primitive: Cube.271
15:11:07 | INFO: Primitives created: 1
15:11:07 | INFO: Extracting primitive: Cube.272
15:11:07 | INFO: Primitives created: 1
15:11:07 | INFO: Extracting primitive: Cylinder.313
15:11:07 | INFO: Primitives created: 1
15:11:07 | INFO: Extracting primitive: Cylinder.314
15:11:07 | INFO: Primitives created: 1
15:11:07 | INFO: Extracting primitive: Cube.291
15:11:07 | INFO: Primitives created: 1
15:11:07 | INFO: Extracting primitive: Cube.292
15:11:07 | INFO: Primitives created: 1
15:11:07 | INFO: Extracting primitive: Cube.293
15:11:07 | INFO: Primitives created: 1
15:11:07 | INFO: Extracting primitive: Cube.294
15:11:07 | INFO: Primitives created: 1
15:11:07 | INFO: Extracting primitive: Cylinder.318
15:11:07 | INFO: Primitives created: 1
15:11:07 | INFO: Extracting primitive: Cylinder.316
15:11:07 | INFO: Primitives created: 1
15:11:07 | INFO: Extracting primitive: Cylinder.317
15:11:07 | INFO: Primitives created: 1
15:11:07 | INFO: Extracting primitive: Cylinder.321
15:11:07 | INFO: Primitives created: 1
15:11:07 | INFO: Extracting primitive: hinge-pin-pull-eye.020
15:11:07 | INFO: Primitives created: 1
15:11:07 | INFO: Extracting primitive: leaf-hinge-knuckle.004
15:11:07 | INFO: Primitives created: 1
15:11:07 | INFO: Extracting primitive: Cube.297
15:11:07 | INFO: Primitives created: 1
15:11:07 | INFO: Extracting primitive: Cube.295
15:11:07 | INFO: Primitives created: 1
15:11:07 | INFO: Extracting primitive: Cube.296
15:11:07 | INFO: Primitives created: 1
15:11:07 | INFO: Extracting primitive: Cylinder.324
15:11:07 | INFO: Primitives created: 1
15:11:07 | INFO: Extracting primitive: Cylinder.322
15:11:07 | INFO: Primitives created: 1
15:11:07 | INFO: Extracting primitive: Cylinder.323
15:11:07 | INFO: Primitives created: 1
15:11:07 | INFO: Extracting primitive: Cylinder.327
15:11:07 | INFO: Primitives created: 1
15:11:07 | INFO: Extracting primitive: hinge-pin-pull-eye.021
15:11:07 | INFO: Primitives created: 1
15:11:07 | INFO: Extracting primitive: leaf-hinge-knuckle.005
15:11:07 | INFO: Primitives created: 1
15:11:07 | INFO: Extracting primitive: Cube.302
15:11:07 | INFO: Primitives created: 1
15:11:07 | INFO: Extracting primitive: Cube.300
15:11:07 | INFO: Primitives created: 1
15:11:07 | INFO: Extracting primitive: Cube.301
15:11:07 | INFO: Primitives created: 1
15:11:07 | INFO: Extracting primitive: Cylinder.315
15:11:07 | INFO: Primitives created: 1
15:11:07 | INFO: Extracting primitive: Cube.298
15:11:07 | INFO: Primitives created: 1
15:11:07 | INFO: Extracting primitive: Cube.299
15:11:07 | INFO: Primitives created: 1
15:11:07 | INFO: Extracting primitive: Cube.303
15:11:07 | INFO: Primitives created: 1
15:11:07 | INFO: Extracting primitive: Cube.304
15:11:07 | INFO: Primitives created: 1
15:11:07 | INFO: Extracting primitive: Cube.287
15:11:07 | INFO: Primitives created: 1
15:11:07 | INFO: Extracting primitive: Cube.288
15:11:07 | INFO: Primitives created: 1
15:11:07 | INFO: Extracting primitive: Cube.289
15:11:07 | INFO: Primitives created: 1
15:11:07 | INFO: Extracting primitive: Cube.290
15:11:07 | INFO: Primitives created: 1
15:11:07 | INFO: Extracting primitive: Cylinder.328
15:11:07 | INFO: Primitives created: 1
15:11:07 | INFO: Extracting primitive: Cylinder.329
15:11:07 | INFO: Primitives created: 1
15:11:07 | INFO: Extracting primitive: Cube.309
15:11:07 | INFO: Primitives created: 1
15:11:07 | INFO: Extracting primitive: Cube.310
15:11:07 | INFO: Primitives created: 1
15:11:07 | INFO: Extracting primitive: Cube.311
15:11:07 | INFO: Primitives created: 1
15:11:07 | INFO: Extracting primitive: Cube.312
15:11:07 | INFO: Primitives created: 1
15:11:07 | INFO: Extracting primitive: Cylinder.333
15:11:07 | INFO: Primitives created: 1
15:11:07 | INFO: Extracting primitive: Cylinder.331
15:11:07 | INFO: Primitives created: 1
15:11:07 | INFO: Extracting primitive: Cylinder.332
15:11:07 | INFO: Primitives created: 1
15:11:07 | INFO: Extracting primitive: axial-control-eye.005
15:11:07 | INFO: Primitives created: 1
15:11:07 | INFO: Extracting primitive: Cylinder.339
15:11:07 | INFO: Primitives created: 1
15:11:07 | INFO: Extracting primitive: Cylinder.338
15:11:07 | INFO: Primitives created: 1
15:11:07 | INFO: Extracting primitive: Cylinder.337
15:11:07 | INFO: Primitives created: 1
15:11:07 | INFO: Extracting primitive: hinge-pin-pull-eye.022
15:11:07 | INFO: Primitives created: 1
15:11:07 | INFO: Extracting primitive: leaf-hinge-knuckle.006
15:11:07 | INFO: Primitives created: 1
15:11:07 | INFO: Extracting primitive: Cube.315
15:11:07 | INFO: Primitives created: 1
15:11:07 | INFO: Extracting primitive: Cube.313
15:11:07 | INFO: Primitives created: 1
15:11:07 | INFO: Extracting primitive: Cube.314
15:11:07 | INFO: Primitives created: 1
15:11:07 | INFO: Extracting primitive: Cylinder.342
15:11:07 | INFO: Primitives created: 1
15:11:07 | INFO: Extracting primitive: Cylinder.340
15:11:07 | INFO: Primitives created: 1
15:11:07 | INFO: Extracting primitive: Cylinder.341
15:11:07 | INFO: Primitives created: 1
15:11:07 | INFO: Extracting primitive: Cylinder.346
15:11:07 | INFO: Primitives created: 1
15:11:07 | INFO: Extracting primitive: hinge-pin-pull-eye.023
15:11:07 | INFO: Primitives created: 1
15:11:07 | INFO: Extracting primitive: leaf-hinge-knuckle.007
15:11:07 | INFO: Primitives created: 1
15:11:07 | INFO: Extracting primitive: Cube.320
15:11:07 | INFO: Primitives created: 1
15:11:07 | INFO: Extracting primitive: Cube.318
15:11:07 | INFO: Primitives created: 1
15:11:07 | INFO: Extracting primitive: Cube.319
15:11:07 | INFO: Primitives created: 1
15:11:07 | INFO: Extracting primitive: Cylinder.330
15:11:07 | INFO: Primitives created: 1
15:11:07 | INFO: Extracting primitive: Cube.316
15:11:07 | INFO: Primitives created: 1
15:11:07 | INFO: Extracting primitive: Cube.317
15:11:07 | INFO: Primitives created: 1
15:11:07 | INFO: Extracting primitive: Cube.321
15:11:07 | INFO: Primitives created: 1
15:11:07 | INFO: Extracting primitive: Cube.322
15:11:07 | INFO: Primitives created: 1
15:11:07 | INFO: Extracting primitive: Cube.305
15:11:07 | INFO: Primitives created: 1
15:11:07 | INFO: Extracting primitive: Cube.306
15:11:07 | INFO: Primitives created: 1
15:11:07 | INFO: Extracting primitive: Cube.307
15:11:07 | INFO: Primitives created: 1
15:11:07 | INFO: Extracting primitive: Cube.308
15:11:07 | INFO: Primitives created: 1
15:11:07 | INFO: Extracting primitive: Cylinder.361
15:11:07 | INFO: Primitives created: 1
15:11:07 | INFO: Extracting primitive: Cylinder.362
15:11:07 | INFO: Primitives created: 1
15:11:07 | INFO: Extracting primitive: Cylinder.363
15:11:07 | INFO: Primitives created: 1
15:11:07 | INFO: Extracting primitive: Cylinder.364
15:11:07 | INFO: Primitives created: 1
15:11:07 | INFO: Extracting primitive: Cylinder.365
15:11:07 | INFO: Primitives created: 1
15:11:07 | INFO: Extracting primitive: Cylinder.366
15:11:07 | INFO: Primitives created: 1
15:11:07 | INFO: Extracting primitive: Cylinder.367
15:11:07 | INFO: Primitives created: 1
15:11:07 | INFO: Extracting primitive: Cylinder.368
15:11:07 | INFO: Primitives created: 1
15:11:07 | INFO: Extracting primitive: Cube.334
15:11:07 | INFO: Primitives created: 1
15:11:07 | INFO: Extracting primitive: Cube.336
15:11:07 | INFO: Primitives created: 1
15:11:07 | INFO: Extracting primitive: Cylinder.369
15:11:07 | INFO: Primitives created: 1
15:11:07 | INFO: Extracting primitive: Cylinder.370
15:11:07 | INFO: Primitives created: 1
15:11:07 | INFO: Extracting primitive: Cylinder.371
15:11:07 | INFO: Primitives created: 1
15:11:07 | INFO: Extracting primitive: Cylinder.372
15:11:07 | INFO: Primitives created: 1
15:11:07 | INFO: Extracting primitive: Cylinder.373
15:11:07 | INFO: Primitives created: 1
15:11:07 | INFO: Extracting primitive: Cylinder.374
15:11:07 | INFO: Primitives created: 1
15:11:07 | INFO: Extracting primitive: Cylinder.375
15:11:07 | INFO: Primitives created: 1
15:11:07 | INFO: Extracting primitive: Cylinder.376
15:11:07 | INFO: Primitives created: 1
15:11:07 | INFO: Extracting primitive: Cylinder.377
15:11:07 | INFO: Primitives created: 1
15:11:07 | INFO: Extracting primitive: Cylinder.378
15:11:07 | INFO: Primitives created: 1
15:11:07 | INFO: Extracting primitive: Cylinder.379
15:11:07 | INFO: Primitives created: 1
15:11:07 | INFO: Extracting primitive: Cylinder.380
15:11:07 | INFO: Primitives created: 1
15:11:07 | INFO: Extracting primitive: Cylinder.381
15:11:07 | INFO: Primitives created: 1
15:11:07 | INFO: Extracting primitive: Cylinder.382
15:11:07 | INFO: Primitives created: 1
15:11:07 | INFO: Extracting primitive: Cylinder.383
15:11:07 | INFO: Primitives created: 1
15:11:07 | INFO: Extracting primitive: Cylinder.384
15:11:07 | INFO: Primitives created: 1
15:11:07 | INFO: Extracting primitive: Cylinder.385
15:11:07 | INFO: Primitives created: 1
15:11:07 | INFO: Extracting primitive: Cylinder.386
15:11:07 | INFO: Primitives created: 1
15:11:07 | INFO: Extracting primitive: Cylinder.387
15:11:07 | INFO: Primitives created: 1
15:11:07 | INFO: Extracting primitive: Cylinder.388
15:11:07 | INFO: Primitives created: 1
15:11:07 | INFO: Extracting primitive: Cylinder.389
15:11:07 | INFO: Primitives created: 1
15:11:07 | INFO: Extracting primitive: Cylinder.390
15:11:07 | INFO: Primitives created: 1
15:11:07 | INFO: Extracting primitive: Cylinder.391
15:11:07 | INFO: Primitives created: 1
15:11:07 | INFO: Extracting primitive: Cylinder.392
15:11:07 | INFO: Primitives created: 1
15:11:07 | INFO: Extracting primitive: Cube.333
15:11:07 | INFO: Primitives created: 1
15:11:07 | INFO: Extracting primitive: Cube.335
15:11:07 | INFO: Primitives created: 1
15:11:07 | INFO: Extracting primitive: Cube.246
15:11:07 | INFO: Primitives created: 1
15:11:07 | INFO: Extracting primitive: Cube.247
15:11:07 | INFO: Primitives created: 1
15:11:07 | INFO: Extracting primitive: Cylinder.261
15:11:07 | INFO: Primitives created: 1
15:11:07 | INFO: Extracting primitive: head-bearing-lower.002
15:11:07 | INFO: Primitives created: 1
15:11:07 | INFO: Extracting primitive: Cylinder.274
15:11:07 | INFO: Primitives created: 1
15:11:07 | INFO: Extracting primitive: Cylinder.262
15:11:07 | INFO: Primitives created: 1
15:11:07 | INFO: Extracting primitive: Cylinder.263
15:11:07 | INFO: Primitives created: 1
15:11:07 | INFO: Extracting primitive: Cylinder.264
15:11:07 | INFO: Primitives created: 1
15:11:07 | INFO: Extracting primitive: Cylinder.265
15:11:07 | INFO: Primitives created: 1
15:11:07 | INFO: Extracting primitive: Cylinder.266
15:11:07 | INFO: Primitives created: 1
15:11:07 | INFO: Extracting primitive: Cylinder.267
15:11:07 | INFO: Primitives created: 1
15:11:07 | INFO: Extracting primitive: Cylinder.268
15:11:07 | INFO: Primitives created: 1
15:11:07 | INFO: Extracting primitive: Cylinder.269
15:11:07 | INFO: Primitives created: 1
15:11:07 | INFO: Extracting primitive: Cylinder.270
15:11:07 | INFO: Primitives created: 1
15:11:07 | INFO: Extracting primitive: Cylinder.271
15:11:07 | INFO: Primitives created: 1
15:11:07 | INFO: Extracting primitive: Cylinder.272
15:11:07 | INFO: Primitives created: 1
15:11:07 | INFO: Extracting primitive: Cylinder.273
15:11:07 | INFO: Primitives created: 1
15:11:07 | INFO: Extracting primitive: jib-tip-sheave.002
15:11:07 | INFO: Primitives created: 1
15:11:07 | INFO: Extracting primitive: Cube.249
15:11:07 | INFO: Primitives created: 1
15:11:07 | INFO: Extracting primitive: Cube.250
15:11:07 | INFO: Primitives created: 1
15:11:07 | INFO: Extracting primitive: Cylinder.275
15:11:07 | INFO: Primitives created: 1
15:11:07 | INFO: Extracting primitive: Cylinder.278
15:11:07 | INFO: Primitives created: 1
15:11:07 | INFO: Extracting primitive: Cylinder.276
15:11:07 | INFO: Primitives created: 1
15:11:07 | INFO: Extracting primitive: Cylinder.277
15:11:07 | INFO: Primitives created: 1
15:11:07 | INFO: Extracting primitive: moving-lug-eye.002
15:11:07 | INFO: Primitives created: 1
15:11:07 | INFO: Extracting primitive: Cube.248
15:11:07 | INFO: Primitives created: 1
15:11:07 | INFO: Extracting primitive: Cube.243
15:11:07 | INFO: Primitives created: 1
15:11:07 | INFO: Extracting primitive: Cube.244
15:11:07 | INFO: Primitives created: 1
15:11:07 | INFO: Extracting primitive: Cube.241
15:11:07 | INFO: Primitives created: 1
15:11:07 | INFO: Extracting primitive: Cube.242
15:11:07 | INFO: Primitives created: 1
15:11:07 | INFO: Extracting primitive: Cube.245
15:11:07 | INFO: Primitives created: 1
15:11:07 | INFO: Extracting primitive: Cube.240
15:11:07 | INFO: Primitives created: 1
15:11:07 | INFO: Finished glTF 2.0 export in 0.17123198509216309 s
11:51.225  render           | Saved: '/Users/hina/Documents/Experience-Intelligence-Domain/wonderforge/artifacts/eiffel-gin-pole-climb-2026-09-08/renders/gin-pole-climb-context.png'

15:22:26 | INFO: Starting glTF 2.0 export
15:22:26 | INFO: Extracting primitive: Cylinder.497
15:22:26 | INFO: Primitives created: 1
15:22:26 | INFO: Extracting primitive: east-guide-sheave-flange
15:22:26 | INFO: Primitives created: 1
15:22:26 | INFO: Extracting primitive: east-guide-sheave-flange.001
15:22:26 | INFO: Primitives created: 1
15:22:26 | INFO: Extracting primitive: east-guide-sheave-groove-floor
15:22:26 | INFO: Primitives created: 1
15:22:26 | INFO: Extracting primitive: Cube.429
15:22:26 | INFO: Primitives created: 1
15:22:26 | INFO: Extracting primitive: Cube.430
15:22:26 | INFO: Primitives created: 1
15:22:26 | INFO: Extracting primitive: Cube.431
15:22:26 | INFO: Primitives created: 1
15:22:26 | INFO: Extracting primitive: Cube.432
15:22:26 | INFO: Primitives created: 1
15:22:26 | INFO: Extracting primitive: Cylinder.498
15:22:26 | INFO: Primitives created: 1
15:22:26 | INFO: Extracting primitive: east-upper-guide-sheave-flange
15:22:26 | INFO: Primitives created: 1
15:22:26 | INFO: Extracting primitive: east-upper-guide-sheave-flange.001
15:22:26 | INFO: Primitives created: 1
15:22:26 | INFO: Extracting primitive: east-upper-guide-sheave-groove-floor
15:22:26 | INFO: Primitives created: 1
15:22:26 | INFO: Extracting primitive: climb-input-crank-involute.002
15:22:26 | INFO: Primitives created: 1
15:22:26 | INFO: Extracting primitive: Cylinder.492
15:22:26 | INFO: Primitives created: 1
15:22:26 | INFO: Extracting primitive: Cylinder.493
15:22:26 | INFO: Primitives created: 1
15:22:26 | INFO: Extracting primitive: Cylinder.491
15:22:26 | INFO: Primitives created: 1
15:22:26 | INFO: Extracting primitive: climb-output-gear-involute.002
15:22:26 | INFO: Primitives created: 1
15:22:26 | INFO: Extracting primitive: Cylinder.494
15:22:26 | INFO: Primitives created: 1
15:22:26 | INFO: Extracting primitive: Cylinder.495
15:22:26 | INFO: Primitives created: 1
15:22:26 | INFO: Extracting primitive: climb-ratchet-wheel-involute.002
15:22:26 | INFO: Primitives created: 1
15:22:26 | INFO: Extracting primitive: Cube.427
15:22:26 | INFO: Primitives created: 1
15:22:26 | INFO: Extracting primitive: Cube.428
15:22:26 | INFO: Primitives created: 1
15:22:26 | INFO: Extracting primitive: Cylinder.496
15:22:26 | INFO: Primitives created: 1
15:22:26 | INFO: Extracting primitive: west-guide-sheave-flange
15:22:26 | INFO: Primitives created: 1
15:22:26 | INFO: Extracting primitive: west-guide-sheave-flange.001
15:22:26 | INFO: Primitives created: 1
15:22:26 | INFO: Extracting primitive: west-guide-sheave-groove-floor
15:22:26 | INFO: Primitives created: 1
15:22:26 | INFO: Extracting primitive: Cylinder.490
15:22:26 | INFO: Primitives created: 1
15:22:26 | INFO: Extracting primitive: winch-rope-flange.006
15:22:26 | INFO: Primitives created: 1
15:22:26 | INFO: Extracting primitive: winch-rope-flange.007
15:22:26 | INFO: Primitives created: 1
15:22:26 | INFO: Extracting primitive: Cube.420
15:22:26 | INFO: Primitives created: 1
15:22:26 | INFO: Extracting primitive: Cube.422
15:22:26 | INFO: Primitives created: 1
15:22:26 | INFO: Extracting primitive: Cube.419
15:22:26 | INFO: Primitives created: 1
15:22:26 | INFO: Extracting primitive: Cube.421
15:22:26 | INFO: Primitives created: 1
15:22:26 | INFO: Extracting primitive: Cube.423
15:22:26 | INFO: Primitives created: 1
15:22:26 | INFO: Extracting primitive: Cylinder.488
15:22:26 | INFO: Primitives created: 1
15:22:26 | INFO: Extracting primitive: Cylinder.489
15:22:26 | INFO: Primitives created: 1
15:22:26 | INFO: Extracting primitive: Cube.425
15:22:26 | INFO: Primitives created: 1
15:22:26 | INFO: Extracting primitive: Cube.426
15:22:26 | INFO: Primitives created: 1
15:22:26 | INFO: Extracting primitive: Cylinder.486
15:22:26 | INFO: Primitives created: 1
15:22:26 | INFO: Extracting primitive: Cylinder.487
15:22:26 | INFO: Primitives created: 1
15:22:26 | INFO: Extracting primitive: Cylinder.483
15:22:26 | INFO: Primitives created: 1
15:22:26 | INFO: Extracting primitive: Cylinder.484
15:22:26 | INFO: Primitives created: 1
15:22:26 | INFO: Extracting primitive: Cylinder.485
15:22:26 | INFO: Primitives created: 1
15:22:26 | INFO: Extracting primitive: Cube.424
15:22:26 | INFO: Primitives created: 1
15:22:26 | INFO: Extracting primitive: Cylinder.415
15:22:26 | INFO: Primitives created: 1
15:22:26 | INFO: Extracting primitive: Cylinder.416
15:22:26 | INFO: Primitives created: 1
15:22:26 | INFO: Extracting primitive: Cube.351
15:22:26 | INFO: Primitives created: 1
15:22:26 | INFO: Extracting primitive: Cube.352
15:22:26 | INFO: Primitives created: 1
15:22:26 | INFO: Extracting primitive: Cube.353
15:22:26 | INFO: Primitives created: 1
15:22:26 | INFO: Extracting primitive: Cube.354
15:22:26 | INFO: Primitives created: 1
15:22:26 | INFO: Extracting primitive: Cylinder.420
15:22:26 | INFO: Primitives created: 1
15:22:26 | INFO: Extracting primitive: Cylinder.418
15:22:26 | INFO: Primitives created: 1
15:22:26 | INFO: Extracting primitive: Cylinder.419
15:22:26 | INFO: Primitives created: 1
15:22:26 | INFO: Extracting primitive: Cylinder.423
15:22:26 | INFO: Primitives created: 1
15:22:26 | INFO: Extracting primitive: hinge-pin-pull-eye.024
15:22:26 | INFO: Primitives created: 1
15:22:26 | INFO: Extracting primitive: leaf-hinge-knuckle.008
15:22:26 | INFO: Primitives created: 1
15:22:26 | INFO: Extracting primitive: Cube.357
15:22:26 | INFO: Primitives created: 1
15:22:26 | INFO: Extracting primitive: Cube.355
15:22:26 | INFO: Primitives created: 1
15:22:26 | INFO: Extracting primitive: Cube.356
15:22:26 | INFO: Primitives created: 1
15:22:26 | INFO: Extracting primitive: Cylinder.426
15:22:26 | INFO: Primitives created: 1
15:22:26 | INFO: Extracting primitive: Cylinder.424
15:22:26 | INFO: Primitives created: 1
15:22:26 | INFO: Extracting primitive: Cylinder.425
15:22:26 | INFO: Primitives created: 1
15:22:26 | INFO: Extracting primitive: Cylinder.429
15:22:26 | INFO: Primitives created: 1
15:22:26 | INFO: Extracting primitive: hinge-pin-pull-eye.025
15:22:26 | INFO: Primitives created: 1
15:22:26 | INFO: Extracting primitive: leaf-hinge-knuckle.009
15:22:26 | INFO: Primitives created: 1
15:22:26 | INFO: Extracting primitive: Cube.362
15:22:26 | INFO: Primitives created: 1
15:22:26 | INFO: Extracting primitive: Cube.360
15:22:26 | INFO: Primitives created: 1
15:22:26 | INFO: Extracting primitive: Cube.361
15:22:26 | INFO: Primitives created: 1
15:22:26 | INFO: Extracting primitive: Cylinder.417
15:22:26 | INFO: Primitives created: 1
15:22:26 | INFO: Extracting primitive: Cube.358
15:22:26 | INFO: Primitives created: 1
15:22:26 | INFO: Extracting primitive: Cube.359
15:22:26 | INFO: Primitives created: 1
15:22:26 | INFO: Extracting primitive: Cube.363
15:22:26 | INFO: Primitives created: 1
15:22:26 | INFO: Extracting primitive: Cube.364
15:22:26 | INFO: Primitives created: 1
15:22:26 | INFO: Extracting primitive: Cube.347
15:22:26 | INFO: Primitives created: 1
15:22:26 | INFO: Extracting primitive: Cube.348
15:22:26 | INFO: Primitives created: 1
15:22:26 | INFO: Extracting primitive: Cube.349
15:22:26 | INFO: Primitives created: 1
15:22:26 | INFO: Extracting primitive: Cube.350
15:22:26 | INFO: Primitives created: 1
15:22:26 | INFO: Extracting primitive: Cylinder.430
15:22:26 | INFO: Primitives created: 1
15:22:26 | INFO: Extracting primitive: Cylinder.431
15:22:26 | INFO: Primitives created: 1
15:22:26 | INFO: Extracting primitive: Cube.369
15:22:26 | INFO: Primitives created: 1
15:22:26 | INFO: Extracting primitive: Cube.370
15:22:26 | INFO: Primitives created: 1
15:22:26 | INFO: Extracting primitive: Cube.371
15:22:26 | INFO: Primitives created: 1
15:22:26 | INFO: Extracting primitive: Cube.372
15:22:26 | INFO: Primitives created: 1
15:22:26 | INFO: Extracting primitive: Cylinder.435
15:22:26 | INFO: Primitives created: 1
15:22:26 | INFO: Extracting primitive: Cylinder.433
15:22:26 | INFO: Primitives created: 1
15:22:26 | INFO: Extracting primitive: Cylinder.434
15:22:26 | INFO: Primitives created: 1
15:22:26 | INFO: Extracting primitive: axial-control-eye.006
15:22:26 | INFO: Primitives created: 1
15:22:26 | INFO: Extracting primitive: Cylinder.441
15:22:26 | INFO: Primitives created: 1
15:22:26 | INFO: Extracting primitive: Cylinder.440
15:22:26 | INFO: Primitives created: 1
15:22:26 | INFO: Extracting primitive: Cylinder.439
15:22:26 | INFO: Primitives created: 1
15:22:26 | INFO: Extracting primitive: hinge-pin-pull-eye.026
15:22:26 | INFO: Primitives created: 1
15:22:26 | INFO: Extracting primitive: leaf-hinge-knuckle.010
15:22:26 | INFO: Primitives created: 1
15:22:26 | INFO: Extracting primitive: Cube.375
15:22:26 | INFO: Primitives created: 1
15:22:26 | INFO: Extracting primitive: Cube.373
15:22:26 | INFO: Primitives created: 1
15:22:26 | INFO: Extracting primitive: Cube.374
15:22:26 | INFO: Primitives created: 1
15:22:26 | INFO: Extracting primitive: Cylinder.444
15:22:26 | INFO: Primitives created: 1
15:22:26 | INFO: Extracting primitive: Cylinder.442
15:22:26 | INFO: Primitives created: 1
15:22:26 | INFO: Extracting primitive: Cylinder.443
15:22:26 | INFO: Primitives created: 1
15:22:26 | INFO: Extracting primitive: Cylinder.448
15:22:26 | INFO: Primitives created: 1
15:22:26 | INFO: Extracting primitive: hinge-pin-pull-eye.027
15:22:26 | INFO: Primitives created: 1
15:22:26 | INFO: Extracting primitive: leaf-hinge-knuckle.011
15:22:26 | INFO: Primitives created: 1
15:22:26 | INFO: Extracting primitive: Cube.380
15:22:26 | INFO: Primitives created: 1
15:22:26 | INFO: Extracting primitive: Cube.378
15:22:26 | INFO: Primitives created: 1
15:22:26 | INFO: Extracting primitive: Cube.379
15:22:26 | INFO: Primitives created: 1
15:22:26 | INFO: Extracting primitive: Cylinder.432
15:22:26 | INFO: Primitives created: 1
15:22:26 | INFO: Extracting primitive: Cube.376
15:22:26 | INFO: Primitives created: 1
15:22:26 | INFO: Extracting primitive: Cube.377
15:22:26 | INFO: Primitives created: 1
15:22:26 | INFO: Extracting primitive: Cube.381
15:22:26 | INFO: Primitives created: 1
15:22:26 | INFO: Extracting primitive: Cube.382
15:22:26 | INFO: Primitives created: 1
15:22:26 | INFO: Extracting primitive: Cube.365
15:22:26 | INFO: Primitives created: 1
15:22:26 | INFO: Extracting primitive: Cube.366
15:22:26 | INFO: Primitives created: 1
15:22:26 | INFO: Extracting primitive: Cube.367
15:22:26 | INFO: Primitives created: 1
15:22:26 | INFO: Extracting primitive: Cube.368
15:22:26 | INFO: Primitives created: 1
15:22:26 | INFO: Extracting primitive: Cylinder.449
15:22:26 | INFO: Primitives created: 1
15:22:26 | INFO: Extracting primitive: Cylinder.450
15:22:26 | INFO: Primitives created: 1
15:22:26 | INFO: Extracting primitive: Cube.387
15:22:26 | INFO: Primitives created: 1
15:22:26 | INFO: Extracting primitive: Cube.388
15:22:26 | INFO: Primitives created: 1
15:22:26 | INFO: Extracting primitive: Cube.389
15:22:26 | INFO: Primitives created: 1
15:22:26 | INFO: Extracting primitive: Cube.390
15:22:26 | INFO: Primitives created: 1
15:22:26 | INFO: Extracting primitive: Cylinder.454
15:22:26 | INFO: Primitives created: 1
15:22:26 | INFO: Extracting primitive: Cylinder.452
15:22:26 | INFO: Primitives created: 1
15:22:26 | INFO: Extracting primitive: Cylinder.453
15:22:26 | INFO: Primitives created: 1
15:22:26 | INFO: Extracting primitive: Cylinder.457
15:22:26 | INFO: Primitives created: 1
15:22:26 | INFO: Extracting primitive: hinge-pin-pull-eye.028
15:22:26 | INFO: Primitives created: 1
15:22:26 | INFO: Extracting primitive: leaf-hinge-knuckle.012
15:22:26 | INFO: Primitives created: 1
15:22:26 | INFO: Extracting primitive: Cube.393
15:22:26 | INFO: Primitives created: 1
15:22:26 | INFO: Extracting primitive: Cube.391
15:22:26 | INFO: Primitives created: 1
15:22:26 | INFO: Extracting primitive: Cube.392
15:22:26 | INFO: Primitives created: 1
15:22:26 | INFO: Extracting primitive: Cylinder.460
15:22:26 | INFO: Primitives created: 1
15:22:26 | INFO: Extracting primitive: Cylinder.458
15:22:26 | INFO: Primitives created: 1
15:22:26 | INFO: Extracting primitive: Cylinder.459
15:22:26 | INFO: Primitives created: 1
15:22:26 | INFO: Extracting primitive: Cylinder.463
15:22:26 | INFO: Primitives created: 1
15:22:26 | INFO: Extracting primitive: hinge-pin-pull-eye.029
15:22:26 | INFO: Primitives created: 1
15:22:26 | INFO: Extracting primitive: leaf-hinge-knuckle.013
15:22:26 | INFO: Primitives created: 1
15:22:26 | INFO: Extracting primitive: Cube.398
15:22:26 | INFO: Primitives created: 1
15:22:26 | INFO: Extracting primitive: Cube.396
15:22:26 | INFO: Primitives created: 1
15:22:26 | INFO: Extracting primitive: Cube.397
15:22:26 | INFO: Primitives created: 1
15:22:26 | INFO: Extracting primitive: Cylinder.451
15:22:26 | INFO: Primitives created: 1
15:22:26 | INFO: Extracting primitive: Cube.394
15:22:26 | INFO: Primitives created: 1
15:22:26 | INFO: Extracting primitive: Cube.395
15:22:26 | INFO: Primitives created: 1
15:22:26 | INFO: Extracting primitive: Cube.399
15:22:26 | INFO: Primitives created: 1
15:22:26 | INFO: Extracting primitive: Cube.400
15:22:26 | INFO: Primitives created: 1
15:22:26 | INFO: Extracting primitive: Cube.383
15:22:26 | INFO: Primitives created: 1
15:22:26 | INFO: Extracting primitive: Cube.384
15:22:26 | INFO: Primitives created: 1
15:22:26 | INFO: Extracting primitive: Cube.385
15:22:26 | INFO: Primitives created: 1
15:22:26 | INFO: Extracting primitive: Cube.386
15:22:26 | INFO: Primitives created: 1
15:22:26 | INFO: Extracting primitive: Cylinder.464
15:22:26 | INFO: Primitives created: 1
15:22:26 | INFO: Extracting primitive: Cylinder.465
15:22:26 | INFO: Primitives created: 1
15:22:26 | INFO: Extracting primitive: Cube.405
15:22:26 | INFO: Primitives created: 1
15:22:26 | INFO: Extracting primitive: Cube.406
15:22:26 | INFO: Primitives created: 1
15:22:26 | INFO: Extracting primitive: Cube.407
15:22:26 | INFO: Primitives created: 1
15:22:26 | INFO: Extracting primitive: Cube.408
15:22:26 | INFO: Primitives created: 1
15:22:26 | INFO: Extracting primitive: Cylinder.469
15:22:26 | INFO: Primitives created: 1
15:22:26 | INFO: Extracting primitive: Cylinder.467
15:22:26 | INFO: Primitives created: 1
15:22:26 | INFO: Extracting primitive: Cylinder.468
15:22:26 | INFO: Primitives created: 1
15:22:26 | INFO: Extracting primitive: axial-control-eye.007
15:22:26 | INFO: Primitives created: 1
15:22:26 | INFO: Extracting primitive: Cylinder.475
15:22:26 | INFO: Primitives created: 1
15:22:26 | INFO: Extracting primitive: Cylinder.474
15:22:26 | INFO: Primitives created: 1
15:22:26 | INFO: Extracting primitive: Cylinder.473
15:22:26 | INFO: Primitives created: 1
15:22:26 | INFO: Extracting primitive: hinge-pin-pull-eye.030
15:22:26 | INFO: Primitives created: 1
15:22:26 | INFO: Extracting primitive: leaf-hinge-knuckle.014
15:22:26 | INFO: Primitives created: 1
15:22:26 | INFO: Extracting primitive: Cube.411
15:22:26 | INFO: Primitives created: 1
15:22:26 | INFO: Extracting primitive: Cube.409
15:22:26 | INFO: Primitives created: 1
15:22:26 | INFO: Extracting primitive: Cube.410
15:22:26 | INFO: Primitives created: 1
15:22:26 | INFO: Extracting primitive: Cylinder.478
15:22:26 | INFO: Primitives created: 1
15:22:26 | INFO: Extracting primitive: Cylinder.476
15:22:26 | INFO: Primitives created: 1
15:22:26 | INFO: Extracting primitive: Cylinder.477
15:22:26 | INFO: Primitives created: 1
15:22:26 | INFO: Extracting primitive: Cylinder.482
15:22:26 | INFO: Primitives created: 1
15:22:26 | INFO: Extracting primitive: hinge-pin-pull-eye.031
15:22:26 | INFO: Primitives created: 1
15:22:26 | INFO: Extracting primitive: leaf-hinge-knuckle.015
15:22:26 | INFO: Primitives created: 1
15:22:26 | INFO: Extracting primitive: Cube.416
15:22:26 | INFO: Primitives created: 1
15:22:26 | INFO: Extracting primitive: Cube.414
15:22:26 | INFO: Primitives created: 1
15:22:26 | INFO: Extracting primitive: Cube.415
15:22:26 | INFO: Primitives created: 1
15:22:26 | INFO: Extracting primitive: Cylinder.466
15:22:26 | INFO: Primitives created: 1
15:22:26 | INFO: Extracting primitive: Cube.412
15:22:26 | INFO: Primitives created: 1
15:22:26 | INFO: Extracting primitive: Cube.413
15:22:26 | INFO: Primitives created: 1
15:22:26 | INFO: Extracting primitive: Cube.417
15:22:26 | INFO: Primitives created: 1
15:22:26 | INFO: Extracting primitive: Cube.418
15:22:26 | INFO: Primitives created: 1
15:22:26 | INFO: Extracting primitive: Cube.401
15:22:26 | INFO: Primitives created: 1
15:22:26 | INFO: Extracting primitive: Cube.402
15:22:26 | INFO: Primitives created: 1
15:22:26 | INFO: Extracting primitive: Cube.403
15:22:26 | INFO: Primitives created: 1
15:22:26 | INFO: Extracting primitive: Cube.404
15:22:26 | INFO: Primitives created: 1
15:22:26 | INFO: Extracting primitive: Cylinder.499
15:22:26 | INFO: Primitives created: 1
15:22:26 | INFO: Extracting primitive: Cylinder.500
15:22:26 | INFO: Primitives created: 1
15:22:26 | INFO: Extracting primitive: Cylinder.501
15:22:26 | INFO: Primitives created: 1
15:22:26 | INFO: Extracting primitive: Cylinder.502
15:22:26 | INFO: Primitives created: 1
15:22:26 | INFO: Extracting primitive: Cylinder.503
15:22:26 | INFO: Primitives created: 1
15:22:26 | INFO: Extracting primitive: Cylinder.504
15:22:26 | INFO: Primitives created: 1
15:22:26 | INFO: Extracting primitive: Cylinder.505
15:22:26 | INFO: Primitives created: 1
15:22:26 | INFO: Extracting primitive: Cylinder.506
15:22:26 | INFO: Primitives created: 1
15:22:26 | INFO: Extracting primitive: Cube.434
15:22:26 | INFO: Primitives created: 1
15:22:26 | INFO: Extracting primitive: Cube.436
15:22:26 | INFO: Primitives created: 1
15:22:26 | INFO: Extracting primitive: Cylinder.507
15:22:26 | INFO: Primitives created: 1
15:22:26 | INFO: Extracting primitive: Cylinder.508
15:22:26 | INFO: Primitives created: 1
15:22:26 | INFO: Extracting primitive: Cylinder.509
15:22:26 | INFO: Primitives created: 1
15:22:26 | INFO: Extracting primitive: Cylinder.510
15:22:26 | INFO: Primitives created: 1
15:22:26 | INFO: Extracting primitive: Cylinder.511
15:22:26 | INFO: Primitives created: 1
15:22:26 | INFO: Extracting primitive: Cylinder.512
15:22:26 | INFO: Primitives created: 1
15:22:26 | INFO: Extracting primitive: Cylinder.513
15:22:26 | INFO: Primitives created: 1
15:22:26 | INFO: Extracting primitive: Cylinder.514
15:22:26 | INFO: Primitives created: 1
15:22:26 | INFO: Extracting primitive: Cylinder.515
15:22:26 | INFO: Primitives created: 1
15:22:26 | INFO: Extracting primitive: Cylinder.516
15:22:26 | INFO: Primitives created: 1
15:22:26 | INFO: Extracting primitive: Cylinder.517
15:22:26 | INFO: Primitives created: 1
15:22:26 | INFO: Extracting primitive: Cylinder.518
15:22:26 | INFO: Primitives created: 1
15:22:26 | INFO: Extracting primitive: Cylinder.519
15:22:26 | INFO: Primitives created: 1
15:22:26 | INFO: Extracting primitive: Cylinder.520
15:22:26 | INFO: Primitives created: 1
15:22:26 | INFO: Extracting primitive: Cylinder.521
15:22:26 | INFO: Primitives created: 1
15:22:26 | INFO: Extracting primitive: Cylinder.522
15:22:26 | INFO: Primitives created: 1
15:22:26 | INFO: Extracting primitive: Cylinder.523
15:22:26 | INFO: Primitives created: 1
15:22:26 | INFO: Extracting primitive: Cylinder.524
15:22:26 | INFO: Primitives created: 1
15:22:26 | INFO: Extracting primitive: Cylinder.525
15:22:26 | INFO: Primitives created: 1
15:22:26 | INFO: Extracting primitive: Cylinder.526
15:22:26 | INFO: Primitives created: 1
15:22:26 | INFO: Extracting primitive: Cylinder.527
15:22:26 | INFO: Primitives created: 1
15:22:26 | INFO: Extracting primitive: Cylinder.528
15:22:26 | INFO: Primitives created: 1
15:22:26 | INFO: Extracting primitive: Cylinder.529
15:22:26 | INFO: Primitives created: 1
15:22:26 | INFO: Extracting primitive: Cylinder.530
15:22:26 | INFO: Primitives created: 1
15:22:26 | INFO: Extracting primitive: Cube.433
15:22:26 | INFO: Primitives created: 1
15:22:26 | INFO: Extracting primitive: Cube.435
15:22:26 | INFO: Primitives created: 1
15:22:26 | INFO: Extracting primitive: Cube.343
15:22:26 | INFO: Primitives created: 1
15:22:26 | INFO: Extracting primitive: Cube.344
15:22:26 | INFO: Primitives created: 1
15:22:26 | INFO: Extracting primitive: Cylinder.397
15:22:26 | INFO: Primitives created: 1
15:22:26 | INFO: Extracting primitive: head-bearing-lower.003
15:22:26 | INFO: Primitives created: 1
15:22:26 | INFO: Extracting primitive: Cylinder.410
15:22:26 | INFO: Primitives created: 1
15:22:26 | INFO: Extracting primitive: Cylinder.398
15:22:26 | INFO: Primitives created: 1
15:22:26 | INFO: Extracting primitive: Cylinder.399
15:22:26 | INFO: Primitives created: 1
15:22:26 | INFO: Extracting primitive: Cylinder.400
15:22:26 | INFO: Primitives created: 1
15:22:26 | INFO: Extracting primitive: Cylinder.401
15:22:26 | INFO: Primitives created: 1
15:22:26 | INFO: Extracting primitive: Cylinder.402
15:22:26 | INFO: Primitives created: 1
15:22:26 | INFO: Extracting primitive: Cylinder.403
15:22:26 | INFO: Primitives created: 1
15:22:26 | INFO: Extracting primitive: Cylinder.404
15:22:26 | INFO: Primitives created: 1
15:22:26 | INFO: Extracting primitive: Cylinder.405
15:22:26 | INFO: Primitives created: 1
15:22:26 | INFO: Extracting primitive: Cylinder.406
15:22:26 | INFO: Primitives created: 1
15:22:26 | INFO: Extracting primitive: Cylinder.407
15:22:26 | INFO: Primitives created: 1
15:22:26 | INFO: Extracting primitive: Cylinder.408
15:22:26 | INFO: Primitives created: 1
15:22:26 | INFO: Extracting primitive: Cylinder.409
15:22:26 | INFO: Primitives created: 1
15:22:26 | INFO: Extracting primitive: jib-tip-sheave.003
15:22:26 | INFO: Primitives created: 1
15:22:26 | INFO: Extracting primitive: Cube.345
15:22:26 | INFO: Primitives created: 1
15:22:26 | INFO: Extracting primitive: Cube.346
15:22:26 | INFO: Primitives created: 1
15:22:26 | INFO: Extracting primitive: Cylinder.411
15:22:26 | INFO: Primitives created: 1
15:22:26 | INFO: Extracting primitive: Cylinder.414
15:22:26 | INFO: Primitives created: 1
15:22:26 | INFO: Extracting primitive: Cylinder.412
15:22:26 | INFO: Primitives created: 1
15:22:26 | INFO: Extracting primitive: Cylinder.413
15:22:26 | INFO: Primitives created: 1
15:22:26 | INFO: Extracting primitive: moving-lug-eye.003
15:22:26 | INFO: Primitives created: 1
15:22:26 | INFO: Extracting primitive: Cylinder.395
15:22:26 | INFO: Primitives created: 1
15:22:26 | INFO: Extracting primitive: Cylinder.396
15:22:26 | INFO: Primitives created: 1
15:22:26 | INFO: Extracting primitive: Cube.340
15:22:26 | INFO: Primitives created: 1
15:22:26 | INFO: Extracting primitive: Cube.341
15:22:26 | INFO: Primitives created: 1
15:22:26 | INFO: Extracting primitive: Cube.338
15:22:26 | INFO: Primitives created: 1
15:22:26 | INFO: Extracting primitive: Cube.339
15:22:26 | INFO: Primitives created: 1
15:22:26 | INFO: Extracting primitive: Cube.342
15:22:26 | INFO: Primitives created: 1
15:22:26 | INFO: Extracting primitive: Retained hoist hitch
15:22:26 | INFO: Primitives created: 1
15:22:26 | INFO: Extracting primitive: Cube.337
15:22:26 | INFO: Primitives created: 1
15:22:27 | INFO: Finished glTF 2.0 export in 0.38114094734191895 s
23:10.999  render           | Saved: '/Users/hina/Documents/Experience-Intelligence-Domain/wonderforge/artifacts/eiffel-gin-pole-climb-2026-09-08/renders/gin-pole-climb-context.png'

15:36:36 | INFO: Starting glTF 2.0 export
15:36:36 | INFO: Extracting primitive: Cylinder.663
15:36:36 | INFO: Primitives created: 1
15:36:36 | INFO: Extracting primitive: east-guide-sheave-flange.002
15:36:36 | INFO: Primitives created: 1
15:36:36 | INFO: Extracting primitive: east-guide-sheave-flange.003
15:36:36 | INFO: Primitives created: 1
15:36:36 | INFO: Extracting primitive: east-guide-sheave-groove-floor.001
15:36:36 | INFO: Primitives created: 1
15:36:36 | INFO: Extracting primitive: Cube.537
15:36:36 | INFO: Primitives created: 1
15:36:36 | INFO: Extracting primitive: Cube.538
15:36:36 | INFO: Primitives created: 1
15:36:36 | INFO: Extracting primitive: Cube.539
15:36:36 | INFO: Primitives created: 1
15:36:36 | INFO: Extracting primitive: Cube.540
15:36:36 | INFO: Primitives created: 1
15:36:36 | INFO: Extracting primitive: Cylinder.664
15:36:36 | INFO: Primitives created: 1
15:36:36 | INFO: Extracting primitive: east-upper-guide-sheave-flange.002
15:36:36 | INFO: Primitives created: 1
15:36:36 | INFO: Extracting primitive: east-upper-guide-sheave-flange.003
15:36:36 | INFO: Primitives created: 1
15:36:36 | INFO: Extracting primitive: east-upper-guide-sheave-groove-floor.001
15:36:36 | INFO: Primitives created: 1
15:36:36 | INFO: Extracting primitive: climb-input-crank-involute.003
15:36:36 | INFO: Primitives created: 1
15:36:36 | INFO: Extracting primitive: Cylinder.658
15:36:36 | INFO: Primitives created: 1
15:36:36 | INFO: Extracting primitive: Cylinder.659
15:36:36 | INFO: Primitives created: 1
15:36:36 | INFO: Extracting primitive: Cylinder.657
15:36:36 | INFO: Primitives created: 1
15:36:36 | INFO: Extracting primitive: climb-output-gear-involute.003
15:36:36 | INFO: Primitives created: 1
15:36:36 | INFO: Extracting primitive: Cylinder.660
15:36:36 | INFO: Primitives created: 1
15:36:36 | INFO: Extracting primitive: Cylinder.661
15:36:36 | INFO: Primitives created: 1
15:36:36 | INFO: Extracting primitive: climb-ratchet-wheel-involute.003
15:36:36 | INFO: Primitives created: 1
15:36:36 | INFO: Extracting primitive: Cube.535
15:36:36 | INFO: Primitives created: 1
15:36:36 | INFO: Extracting primitive: Cube.536
15:36:36 | INFO: Primitives created: 1
15:36:36 | INFO: Extracting primitive: Cylinder.662
15:36:36 | INFO: Primitives created: 1
15:36:36 | INFO: Extracting primitive: west-guide-sheave-flange.002
15:36:36 | INFO: Primitives created: 1
15:36:36 | INFO: Extracting primitive: west-guide-sheave-flange.003
15:36:36 | INFO: Primitives created: 1
15:36:36 | INFO: Extracting primitive: west-guide-sheave-groove-floor.001
15:36:36 | INFO: Primitives created: 1
15:36:36 | INFO: Extracting primitive: Cylinder.656
15:36:36 | INFO: Primitives created: 1
15:36:36 | INFO: Extracting primitive: winch-rope-flange.008
15:36:36 | INFO: Primitives created: 1
15:36:36 | INFO: Extracting primitive: winch-rope-flange.009
15:36:36 | INFO: Primitives created: 1
15:36:36 | INFO: Extracting primitive: Cube.528
15:36:36 | INFO: Primitives created: 1
15:36:36 | INFO: Extracting primitive: Cube.530
15:36:36 | INFO: Primitives created: 1
15:36:36 | INFO: Extracting primitive: Cube.527
15:36:36 | INFO: Primitives created: 1
15:36:36 | INFO: Extracting primitive: Cube.529
15:36:36 | INFO: Primitives created: 1
15:36:36 | INFO: Extracting primitive: Cube.531
15:36:36 | INFO: Primitives created: 1
15:36:36 | INFO: Extracting primitive: Cylinder.654
15:36:36 | INFO: Primitives created: 1
15:36:36 | INFO: Extracting primitive: Cylinder.655
15:36:36 | INFO: Primitives created: 1
15:36:36 | INFO: Extracting primitive: Cube.533
15:36:36 | INFO: Primitives created: 1
15:36:36 | INFO: Extracting primitive: Cube.534
15:36:36 | INFO: Primitives created: 1
15:36:36 | INFO: Extracting primitive: Cylinder.652
15:36:36 | INFO: Primitives created: 1
15:36:36 | INFO: Extracting primitive: Cylinder.653
15:36:36 | INFO: Primitives created: 1
15:36:36 | INFO: Extracting primitive: Cylinder.649
15:36:36 | INFO: Primitives created: 1
15:36:36 | INFO: Extracting primitive: Cylinder.650
15:36:36 | INFO: Primitives created: 1
15:36:36 | INFO: Extracting primitive: Cylinder.651
15:36:36 | INFO: Primitives created: 1
15:36:36 | INFO: Extracting primitive: Cube.532
15:36:36 | INFO: Primitives created: 1
15:36:36 | INFO: Extracting primitive: Cylinder.553
15:36:36 | INFO: Primitives created: 1
15:36:36 | INFO: Extracting primitive: Cylinder.554
15:36:36 | INFO: Primitives created: 1
15:36:36 | INFO: Extracting primitive: Cube.451
15:36:36 | INFO: Primitives created: 1
15:36:36 | INFO: Extracting primitive: Cube.452
15:36:36 | INFO: Primitives created: 1
15:36:36 | INFO: Extracting primitive: Cube.453
15:36:36 | INFO: Primitives created: 1
15:36:36 | INFO: Extracting primitive: Cube.454
15:36:36 | INFO: Primitives created: 1
15:36:36 | INFO: Extracting primitive: Cylinder.561
15:36:36 | INFO: Primitives created: 1
15:36:36 | INFO: Extracting primitive: Cylinder.559
15:36:36 | INFO: Primitives created: 1
15:36:36 | INFO: Extracting primitive: Cylinder.560
15:36:36 | INFO: Primitives created: 1
15:36:36 | INFO: Extracting primitive: Cylinder.566
15:36:36 | INFO: Primitives created: 1
15:36:36 | INFO: Extracting primitive: hinge-pin-pull-eye.032
15:36:36 | INFO: Primitives created: 1
15:36:36 | INFO: Extracting primitive: leaf-hinge-knuckle.016
15:36:36 | INFO: Primitives created: 1
15:36:36 | INFO: Extracting primitive: Cube.460
15:36:36 | INFO: Primitives created: 1
15:36:36 | INFO: Extracting primitive: Cylinder.564
15:36:36 | INFO: Primitives created: 1
15:36:36 | INFO: Extracting primitive: Cube.457
15:36:36 | INFO: Primitives created: 1
15:36:36 | INFO: Extracting primitive: Cube.455
15:36:36 | INFO: Primitives created: 1
15:36:36 | INFO: Extracting primitive: Cube.456
15:36:36 | INFO: Primitives created: 1
15:36:36 | INFO: Extracting primitive: Cylinder.569
15:36:36 | INFO: Primitives created: 1
15:36:36 | INFO: Extracting primitive: Cylinder.567
15:36:36 | INFO: Primitives created: 1
15:36:36 | INFO: Extracting primitive: Cylinder.568
15:36:36 | INFO: Primitives created: 1
15:36:36 | INFO: Extracting primitive: Cylinder.574
15:36:36 | INFO: Primitives created: 1
15:36:36 | INFO: Extracting primitive: hinge-pin-pull-eye.033
15:36:36 | INFO: Primitives created: 1
15:36:36 | INFO: Extracting primitive: leaf-hinge-knuckle.017
15:36:36 | INFO: Primitives created: 1
15:36:36 | INFO: Extracting primitive: Cylinder.572
15:36:36 | INFO: Primitives created: 1
15:36:36 | INFO: Extracting primitive: Cube.466
15:36:36 | INFO: Primitives created: 1
15:36:36 | INFO: Extracting primitive: Cube.463
15:36:36 | INFO: Primitives created: 1
15:36:36 | INFO: Extracting primitive: Cube.461
15:36:36 | INFO: Primitives created: 1
15:36:36 | INFO: Extracting primitive: Cube.462
15:36:36 | INFO: Primitives created: 1
15:36:36 | INFO: Extracting primitive: Cylinder.558
15:36:36 | INFO: Primitives created: 1
15:36:36 | INFO: Extracting primitive: Cylinder.555
15:36:36 | INFO: Primitives created: 1
15:36:36 | INFO: Extracting primitive: Cylinder.557
15:36:36 | INFO: Primitives created: 1
15:36:36 | INFO: Extracting primitive: Cylinder.556
15:36:36 | INFO: Primitives created: 1
15:36:36 | INFO: Extracting primitive: Cube.458
15:36:36 | INFO: Primitives created: 1
15:36:36 | INFO: Extracting primitive: Cube.459
15:36:36 | INFO: Primitives created: 1
15:36:36 | INFO: Extracting primitive: Cube.464
15:36:36 | INFO: Primitives created: 1
15:36:36 | INFO: Extracting primitive: Cube.465
15:36:36 | INFO: Primitives created: 1
15:36:36 | INFO: Extracting primitive: Cube.447
15:36:36 | INFO: Primitives created: 1
15:36:36 | INFO: Extracting primitive: Cube.448
15:36:36 | INFO: Primitives created: 1
15:36:36 | INFO: Extracting primitive: Cube.449
15:36:36 | INFO: Primitives created: 1
15:36:36 | INFO: Extracting primitive: Cube.450
15:36:36 | INFO: Primitives created: 1
15:36:36 | INFO: Extracting primitive: Cylinder.575
15:36:36 | INFO: Primitives created: 1
15:36:36 | INFO: Extracting primitive: Cylinder.576
15:36:36 | INFO: Primitives created: 1
15:36:36 | INFO: Extracting primitive: Cube.471
15:36:36 | INFO: Primitives created: 1
15:36:36 | INFO: Extracting primitive: Cube.472
15:36:36 | INFO: Primitives created: 1
15:36:36 | INFO: Extracting primitive: Cube.473
15:36:36 | INFO: Primitives created: 1
15:36:36 | INFO: Extracting primitive: Cube.474
15:36:36 | INFO: Primitives created: 1
15:36:36 | INFO: Extracting primitive: Cylinder.583
15:36:36 | INFO: Primitives created: 1
15:36:36 | INFO: Extracting primitive: Cylinder.581
15:36:36 | INFO: Primitives created: 1
15:36:36 | INFO: Extracting primitive: Cylinder.582
15:36:36 | INFO: Primitives created: 1
15:36:36 | INFO: Extracting primitive: axial-control-eye.008
15:36:36 | INFO: Primitives created: 1
15:36:36 | INFO: Extracting primitive: Cylinder.591
15:36:36 | INFO: Primitives created: 1
15:36:36 | INFO: Extracting primitive: Cylinder.590
15:36:36 | INFO: Primitives created: 1
15:36:36 | INFO: Extracting primitive: Cylinder.589
15:36:36 | INFO: Primitives created: 1
15:36:36 | INFO: Extracting primitive: hinge-pin-pull-eye.034
15:36:36 | INFO: Primitives created: 1
15:36:36 | INFO: Extracting primitive: leaf-hinge-knuckle.018
15:36:36 | INFO: Primitives created: 1
15:36:36 | INFO: Extracting primitive: Cylinder.587
15:36:36 | INFO: Primitives created: 1
15:36:36 | INFO: Extracting primitive: Cube.480
15:36:36 | INFO: Primitives created: 1
15:36:36 | INFO: Extracting primitive: Cube.477
15:36:36 | INFO: Primitives created: 1
15:36:36 | INFO: Extracting primitive: Cube.475
15:36:36 | INFO: Primitives created: 1
15:36:36 | INFO: Extracting primitive: Cube.476
15:36:36 | INFO: Primitives created: 1
15:36:36 | INFO: Extracting primitive: Cylinder.594
15:36:36 | INFO: Primitives created: 1
15:36:36 | INFO: Extracting primitive: Cylinder.592
15:36:36 | INFO: Primitives created: 1
15:36:36 | INFO: Extracting primitive: Cylinder.593
15:36:36 | INFO: Primitives created: 1
15:36:36 | INFO: Extracting primitive: Cylinder.600
15:36:36 | INFO: Primitives created: 1
15:36:36 | INFO: Extracting primitive: hinge-pin-pull-eye.035
15:36:36 | INFO: Primitives created: 1
15:36:36 | INFO: Extracting primitive: leaf-hinge-knuckle.019
15:36:36 | INFO: Primitives created: 1
15:36:36 | INFO: Extracting primitive: Cylinder.598
15:36:36 | INFO: Primitives created: 1
15:36:36 | INFO: Extracting primitive: Cube.486
15:36:36 | INFO: Primitives created: 1
15:36:36 | INFO: Extracting primitive: Cube.483
15:36:36 | INFO: Primitives created: 1
15:36:36 | INFO: Extracting primitive: Cube.481
15:36:36 | INFO: Primitives created: 1
15:36:36 | INFO: Extracting primitive: Cube.482
15:36:36 | INFO: Primitives created: 1
15:36:36 | INFO: Extracting primitive: Cylinder.580
15:36:36 | INFO: Primitives created: 1
15:36:36 | INFO: Extracting primitive: Cylinder.579
15:36:36 | INFO: Primitives created: 1
15:36:36 | INFO: Extracting primitive: Cylinder.577
15:36:36 | INFO: Primitives created: 1
15:36:36 | INFO: Extracting primitive: Cylinder.578
15:36:36 | INFO: Primitives created: 1
15:36:36 | INFO: Extracting primitive: Cube.478
15:36:36 | INFO: Primitives created: 1
15:36:36 | INFO: Extracting primitive: Cube.479
15:36:36 | INFO: Primitives created: 1
15:36:36 | INFO: Extracting primitive: Cube.484
15:36:36 | INFO: Primitives created: 1
15:36:36 | INFO: Extracting primitive: Cube.485
15:36:36 | INFO: Primitives created: 1
15:36:36 | INFO: Extracting primitive: Cube.467
15:36:36 | INFO: Primitives created: 1
15:36:36 | INFO: Extracting primitive: Cube.468
15:36:36 | INFO: Primitives created: 1
15:36:36 | INFO: Extracting primitive: Cube.469
15:36:36 | INFO: Primitives created: 1
15:36:36 | INFO: Extracting primitive: Cube.470
15:36:36 | INFO: Primitives created: 1
15:36:36 | INFO: Extracting primitive: Cylinder.601
15:36:36 | INFO: Primitives created: 1
15:36:36 | INFO: Extracting primitive: Cylinder.602
15:36:36 | INFO: Primitives created: 1
15:36:36 | INFO: Extracting primitive: Cube.491
15:36:36 | INFO: Primitives created: 1
15:36:36 | INFO: Extracting primitive: Cube.492
15:36:36 | INFO: Primitives created: 1
15:36:36 | INFO: Extracting primitive: Cube.493
15:36:36 | INFO: Primitives created: 1
15:36:36 | INFO: Extracting primitive: Cube.494
15:36:36 | INFO: Primitives created: 1
15:36:36 | INFO: Extracting primitive: Cylinder.609
15:36:36 | INFO: Primitives created: 1
15:36:36 | INFO: Extracting primitive: Cylinder.607
15:36:36 | INFO: Primitives created: 1
15:36:36 | INFO: Extracting primitive: Cylinder.608
15:36:36 | INFO: Primitives created: 1
15:36:36 | INFO: Extracting primitive: Cylinder.614
15:36:36 | INFO: Primitives created: 1
15:36:36 | INFO: Extracting primitive: hinge-pin-pull-eye.036
15:36:36 | INFO: Primitives created: 1
15:36:36 | INFO: Extracting primitive: leaf-hinge-knuckle.020
15:36:36 | INFO: Primitives created: 1
15:36:36 | INFO: Extracting primitive: Cylinder.612
15:36:36 | INFO: Primitives created: 1
15:36:36 | INFO: Extracting primitive: Cube.500
15:36:36 | INFO: Primitives created: 1
15:36:36 | INFO: Extracting primitive: Cube.497
15:36:36 | INFO: Primitives created: 1
15:36:36 | INFO: Extracting primitive: Cube.495
15:36:36 | INFO: Primitives created: 1
15:36:36 | INFO: Extracting primitive: Cube.496
15:36:36 | INFO: Primitives created: 1
15:36:36 | INFO: Extracting primitive: Cylinder.617
15:36:36 | INFO: Primitives created: 1
15:36:36 | INFO: Extracting primitive: Cylinder.615
15:36:36 | INFO: Primitives created: 1
15:36:36 | INFO: Extracting primitive: Cylinder.616
15:36:36 | INFO: Primitives created: 1
15:36:36 | INFO: Extracting primitive: Cylinder.622
15:36:36 | INFO: Primitives created: 1
15:36:36 | INFO: Extracting primitive: hinge-pin-pull-eye.037
15:36:36 | INFO: Primitives created: 1
15:36:36 | INFO: Extracting primitive: leaf-hinge-knuckle.021
15:36:36 | INFO: Primitives created: 1
15:36:36 | INFO: Extracting primitive: Cylinder.620
15:36:36 | INFO: Primitives created: 1
15:36:36 | INFO: Extracting primitive: Cube.506
15:36:36 | INFO: Primitives created: 1
15:36:36 | INFO: Extracting primitive: Cube.503
15:36:36 | INFO: Primitives created: 1
15:36:36 | INFO: Extracting primitive: Cube.501
15:36:36 | INFO: Primitives created: 1
15:36:36 | INFO: Extracting primitive: Cube.502
15:36:36 | INFO: Primitives created: 1
15:36:36 | INFO: Extracting primitive: Cylinder.606
15:36:36 | INFO: Primitives created: 1
15:36:36 | INFO: Extracting primitive: Cylinder.605
15:36:36 | INFO: Primitives created: 1
15:36:36 | INFO: Extracting primitive: Cylinder.603
15:36:36 | INFO: Primitives created: 1
15:36:36 | INFO: Extracting primitive: Cylinder.604
15:36:36 | INFO: Primitives created: 1
15:36:36 | INFO: Extracting primitive: Cube.498
15:36:36 | INFO: Primitives created: 1
15:36:36 | INFO: Extracting primitive: Cube.499
15:36:36 | INFO: Primitives created: 1
15:36:36 | INFO: Extracting primitive: Cube.504
15:36:36 | INFO: Primitives created: 1
15:36:36 | INFO: Extracting primitive: Cube.505
15:36:36 | INFO: Primitives created: 1
15:36:36 | INFO: Extracting primitive: Cube.487
15:36:36 | INFO: Primitives created: 1
15:36:36 | INFO: Extracting primitive: Cube.488
15:36:36 | INFO: Primitives created: 1
15:36:36 | INFO: Extracting primitive: Cube.489
15:36:36 | INFO: Primitives created: 1
15:36:36 | INFO: Extracting primitive: Cube.490
15:36:36 | INFO: Primitives created: 1
15:36:36 | INFO: Extracting primitive: Cylinder.623
15:36:36 | INFO: Primitives created: 1
15:36:36 | INFO: Extracting primitive: Cylinder.624
15:36:36 | INFO: Primitives created: 1
15:36:36 | INFO: Extracting primitive: Cube.511
15:36:36 | INFO: Primitives created: 1
15:36:36 | INFO: Extracting primitive: Cube.512
15:36:36 | INFO: Primitives created: 1
15:36:36 | INFO: Extracting primitive: Cube.513
15:36:36 | INFO: Primitives created: 1
15:36:36 | INFO: Extracting primitive: Cube.514
15:36:36 | INFO: Primitives created: 1
15:36:36 | INFO: Extracting primitive: Cylinder.631
15:36:36 | INFO: Primitives created: 1
15:36:36 | INFO: Extracting primitive: Cylinder.629
15:36:36 | INFO: Primitives created: 1
15:36:36 | INFO: Extracting primitive: Cylinder.630
15:36:36 | INFO: Primitives created: 1
15:36:36 | INFO: Extracting primitive: axial-control-eye.009
15:36:36 | INFO: Primitives created: 1
15:36:36 | INFO: Extracting primitive: Cylinder.639
15:36:36 | INFO: Primitives created: 1
15:36:36 | INFO: Extracting primitive: Cylinder.638
15:36:36 | INFO: Primitives created: 1
15:36:36 | INFO: Extracting primitive: Cylinder.637
15:36:36 | INFO: Primitives created: 1
15:36:36 | INFO: Extracting primitive: hinge-pin-pull-eye.038
15:36:36 | INFO: Primitives created: 1
15:36:36 | INFO: Extracting primitive: leaf-hinge-knuckle.022
15:36:36 | INFO: Primitives created: 1
15:36:36 | INFO: Extracting primitive: Cylinder.635
15:36:36 | INFO: Primitives created: 1
15:36:36 | INFO: Extracting primitive: Cube.520
15:36:36 | INFO: Primitives created: 1
15:36:36 | INFO: Extracting primitive: Cube.517
15:36:36 | INFO: Primitives created: 1
15:36:36 | INFO: Extracting primitive: Cube.515
15:36:36 | INFO: Primitives created: 1
15:36:36 | INFO: Extracting primitive: Cube.516
15:36:36 | INFO: Primitives created: 1
15:36:36 | INFO: Extracting primitive: Cylinder.642
15:36:36 | INFO: Primitives created: 1
15:36:36 | INFO: Extracting primitive: Cylinder.640
15:36:36 | INFO: Primitives created: 1
15:36:36 | INFO: Extracting primitive: Cylinder.641
15:36:36 | INFO: Primitives created: 1
15:36:36 | INFO: Extracting primitive: Cylinder.648
15:36:36 | INFO: Primitives created: 1
15:36:36 | INFO: Extracting primitive: hinge-pin-pull-eye.039
15:36:36 | INFO: Primitives created: 1
15:36:36 | INFO: Extracting primitive: leaf-hinge-knuckle.023
15:36:36 | INFO: Primitives created: 1
15:36:36 | INFO: Extracting primitive: Cylinder.646
15:36:36 | INFO: Primitives created: 1
15:36:36 | INFO: Extracting primitive: Cube.526
15:36:36 | INFO: Primitives created: 1
15:36:36 | INFO: Extracting primitive: Cube.523
15:36:36 | INFO: Primitives created: 1
15:36:36 | INFO: Extracting primitive: Cube.521
15:36:36 | INFO: Primitives created: 1
15:36:36 | INFO: Extracting primitive: Cube.522
15:36:36 | INFO: Primitives created: 1
15:36:36 | INFO: Extracting primitive: Cylinder.628
15:36:36 | INFO: Primitives created: 1
15:36:36 | INFO: Extracting primitive: Cylinder.627
15:36:36 | INFO: Primitives created: 1
15:36:36 | INFO: Extracting primitive: Cylinder.625
15:36:36 | INFO: Primitives created: 1
15:36:36 | INFO: Extracting primitive: Cylinder.626
15:36:36 | INFO: Primitives created: 1
15:36:36 | INFO: Extracting primitive: Cube.518
15:36:36 | INFO: Primitives created: 1
15:36:36 | INFO: Extracting primitive: Cube.519
15:36:36 | INFO: Primitives created: 1
15:36:36 | INFO: Extracting primitive: Cube.524
15:36:36 | INFO: Primitives created: 1
15:36:36 | INFO: Extracting primitive: Cube.525
15:36:36 | INFO: Primitives created: 1
15:36:36 | INFO: Extracting primitive: Cube.507
15:36:36 | INFO: Primitives created: 1
15:36:36 | INFO: Extracting primitive: Cube.508
15:36:36 | INFO: Primitives created: 1
15:36:36 | INFO: Extracting primitive: Cube.509
15:36:36 | INFO: Primitives created: 1
15:36:36 | INFO: Extracting primitive: Cube.510
15:36:36 | INFO: Primitives created: 1
15:36:36 | INFO: Extracting primitive: Cylinder.665
15:36:36 | INFO: Primitives created: 1
15:36:36 | INFO: Extracting primitive: Cylinder.666
15:36:36 | INFO: Primitives created: 1
15:36:36 | INFO: Extracting primitive: Cylinder.667
15:36:36 | INFO: Primitives created: 1
15:36:36 | INFO: Extracting primitive: Cylinder.668
15:36:36 | INFO: Primitives created: 1
15:36:36 | INFO: Extracting primitive: Cylinder.669
15:36:36 | INFO: Primitives created: 1
15:36:36 | INFO: Extracting primitive: Cylinder.670
15:36:36 | INFO: Primitives created: 1
15:36:36 | INFO: Extracting primitive: Cylinder.671
15:36:36 | INFO: Primitives created: 1
15:36:36 | INFO: Extracting primitive: Cylinder.672
15:36:36 | INFO: Primitives created: 1
15:36:36 | INFO: Extracting primitive: Cube.542
15:36:36 | INFO: Primitives created: 1
15:36:36 | INFO: Extracting primitive: Cube.544
15:36:36 | INFO: Primitives created: 1
15:36:36 | INFO: Extracting primitive: Cylinder.673
15:36:36 | INFO: Primitives created: 1
15:36:36 | INFO: Extracting primitive: Cylinder.674
15:36:36 | INFO: Primitives created: 1
15:36:36 | INFO: Extracting primitive: Cylinder.675
15:36:36 | INFO: Primitives created: 1
15:36:36 | INFO: Extracting primitive: Cylinder.676
15:36:36 | INFO: Primitives created: 1
15:36:36 | INFO: Extracting primitive: Cylinder.677
15:36:36 | INFO: Primitives created: 1
15:36:36 | INFO: Extracting primitive: Cylinder.678
15:36:36 | INFO: Primitives created: 1
15:36:36 | INFO: Extracting primitive: Cylinder.679
15:36:36 | INFO: Primitives created: 1
15:36:36 | INFO: Extracting primitive: Cylinder.680
15:36:36 | INFO: Primitives created: 1
15:36:36 | INFO: Extracting primitive: Cylinder.681
15:36:36 | INFO: Primitives created: 1
15:36:36 | INFO: Extracting primitive: Cylinder.682
15:36:36 | INFO: Primitives created: 1
15:36:36 | INFO: Extracting primitive: Cylinder.683
15:36:36 | INFO: Primitives created: 1
15:36:36 | INFO: Extracting primitive: Cylinder.684
15:36:36 | INFO: Primitives created: 1
15:36:36 | INFO: Extracting primitive: Cylinder.685
15:36:36 | INFO: Primitives created: 1
15:36:36 | INFO: Extracting primitive: Cylinder.686
15:36:36 | INFO: Primitives created: 1
15:36:36 | INFO: Extracting primitive: Cylinder.687
15:36:36 | INFO: Primitives created: 1
15:36:36 | INFO: Extracting primitive: Cylinder.688
15:36:36 | INFO: Primitives created: 1
15:36:36 | INFO: Extracting primitive: Cylinder.689
15:36:36 | INFO: Primitives created: 1
15:36:36 | INFO: Extracting primitive: Cylinder.690
15:36:36 | INFO: Primitives created: 1
15:36:36 | INFO: Extracting primitive: Cylinder.691
15:36:36 | INFO: Primitives created: 1
15:36:36 | INFO: Extracting primitive: Cylinder.692
15:36:36 | INFO: Primitives created: 1
15:36:36 | INFO: Extracting primitive: Cylinder.693
15:36:36 | INFO: Primitives created: 1
15:36:36 | INFO: Extracting primitive: Cylinder.694
15:36:36 | INFO: Primitives created: 1
15:36:36 | INFO: Extracting primitive: Cylinder.695
15:36:36 | INFO: Primitives created: 1
15:36:36 | INFO: Extracting primitive: Cylinder.696
15:36:36 | INFO: Primitives created: 1
15:36:36 | INFO: Extracting primitive: Cube.541
15:36:36 | INFO: Primitives created: 1
15:36:36 | INFO: Extracting primitive: Cube.543
15:36:36 | INFO: Primitives created: 1
15:36:36 | INFO: Extracting primitive: Cube.443
15:36:36 | INFO: Primitives created: 1
15:36:36 | INFO: Extracting primitive: Cube.444
15:36:36 | INFO: Primitives created: 1
15:36:36 | INFO: Extracting primitive: Cylinder.535
15:36:36 | INFO: Primitives created: 1
15:36:36 | INFO: Extracting primitive: head-bearing-lower.004
15:36:36 | INFO: Primitives created: 1
15:36:36 | INFO: Extracting primitive: Cylinder.548
15:36:36 | INFO: Primitives created: 1
15:36:36 | INFO: Extracting primitive: Cylinder.536
15:36:36 | INFO: Primitives created: 1
15:36:36 | INFO: Extracting primitive: Cylinder.537
15:36:36 | INFO: Primitives created: 1
15:36:36 | INFO: Extracting primitive: Cylinder.538
15:36:36 | INFO: Primitives created: 1
15:36:36 | INFO: Extracting primitive: Cylinder.539
15:36:36 | INFO: Primitives created: 1
15:36:36 | INFO: Extracting primitive: Cylinder.540
15:36:36 | INFO: Primitives created: 1
15:36:36 | INFO: Extracting primitive: Cylinder.541
15:36:36 | INFO: Primitives created: 1
15:36:36 | INFO: Extracting primitive: Cylinder.542
15:36:36 | INFO: Primitives created: 1
15:36:36 | INFO: Extracting primitive: Cylinder.543
15:36:36 | INFO: Primitives created: 1
15:36:36 | INFO: Extracting primitive: Cylinder.544
15:36:36 | INFO: Primitives created: 1
15:36:36 | INFO: Extracting primitive: Cylinder.545
15:36:36 | INFO: Primitives created: 1
15:36:36 | INFO: Extracting primitive: Cylinder.546
15:36:36 | INFO: Primitives created: 1
15:36:36 | INFO: Extracting primitive: Cylinder.547
15:36:36 | INFO: Primitives created: 1
15:36:36 | INFO: Extracting primitive: jib-tip-sheave.004
15:36:36 | INFO: Primitives created: 1
15:36:36 | INFO: Extracting primitive: Cube.445
15:36:36 | INFO: Primitives created: 1
15:36:36 | INFO: Extracting primitive: Cube.446
15:36:36 | INFO: Primitives created: 1
15:36:36 | INFO: Extracting primitive: Cylinder.549
15:36:36 | INFO: Primitives created: 1
15:36:36 | INFO: Extracting primitive: Cylinder.552
15:36:36 | INFO: Primitives created: 1
15:36:36 | INFO: Extracting primitive: Cylinder.550
15:36:36 | INFO: Primitives created: 1
15:36:36 | INFO: Extracting primitive: Cylinder.551
15:36:36 | INFO: Primitives created: 1
15:36:36 | INFO: Extracting primitive: moving-lug-eye.004
15:36:36 | INFO: Primitives created: 1
15:36:36 | INFO: Extracting primitive: Cylinder.533
15:36:36 | INFO: Primitives created: 1
15:36:36 | INFO: Extracting primitive: Cylinder.534
15:36:36 | INFO: Primitives created: 1
15:36:36 | INFO: Extracting primitive: Cube.440
15:36:36 | INFO: Primitives created: 1
15:36:36 | INFO: Extracting primitive: Cube.441
15:36:36 | INFO: Primitives created: 1
15:36:36 | INFO: Extracting primitive: Cube.438
15:36:36 | INFO: Primitives created: 1
15:36:36 | INFO: Extracting primitive: Cube.439
15:36:36 | INFO: Primitives created: 1
15:36:36 | INFO: Extracting primitive: Cube.442
15:36:36 | INFO: Primitives created: 1
15:36:36 | INFO: Extracting primitive: Retained hoist hitch.001
15:36:36 | INFO: Primitives created: 1
15:36:36 | INFO: Extracting primitive: Cube.437
15:36:36 | INFO: Primitives created: 1
15:36:37 | INFO: Finished glTF 2.0 export in 0.3173348903656006 s
37:21.094  render           | Saved: '/Users/hina/Documents/Experience-Intelligence-Domain/wonderforge/artifacts/eiffel-gin-pole-climb-2026-09-08/renders/gin-pole-climb-context.png'

15:45:56 | INFO: Starting glTF 2.0 export
15:45:56 | INFO: Extracting primitive: Cylinder.845
15:45:56 | INFO: Primitives created: 1
15:45:56 | INFO: Extracting primitive: east-guide-sheave-flange.004
15:45:56 | INFO: Primitives created: 1
15:45:56 | INFO: Extracting primitive: east-guide-sheave-flange.005
15:45:56 | INFO: Primitives created: 1
15:45:56 | INFO: Extracting primitive: east-guide-sheave-groove-floor.002
15:45:56 | INFO: Primitives created: 1
15:45:56 | INFO: Extracting primitive: Cube.645
15:45:56 | INFO: Primitives created: 1
15:45:56 | INFO: Extracting primitive: Cube.646
15:45:56 | INFO: Primitives created: 1
15:45:56 | INFO: Extracting primitive: Cube.647
15:45:56 | INFO: Primitives created: 1
15:45:56 | INFO: Extracting primitive: Cube.648
15:45:56 | INFO: Primitives created: 1
15:45:56 | INFO: Extracting primitive: Cylinder.846
15:45:56 | INFO: Primitives created: 1
15:45:56 | INFO: Extracting primitive: east-upper-guide-sheave-flange.004
15:45:56 | INFO: Primitives created: 1
15:45:56 | INFO: Extracting primitive: east-upper-guide-sheave-flange.005
15:45:56 | INFO: Primitives created: 1
15:45:56 | INFO: Extracting primitive: east-upper-guide-sheave-groove-floor.002
15:45:56 | INFO: Primitives created: 1
15:45:56 | INFO: Extracting primitive: climb-input-crank-involute.004
15:45:56 | INFO: Primitives created: 1
15:45:56 | INFO: Extracting primitive: Cylinder.840
15:45:56 | INFO: Primitives created: 1
15:45:56 | INFO: Extracting primitive: Cylinder.841
15:45:56 | INFO: Primitives created: 1
15:45:56 | INFO: Extracting primitive: Cylinder.839
15:45:56 | INFO: Primitives created: 1
15:45:56 | INFO: Extracting primitive: climb-output-gear-involute.004
15:45:56 | INFO: Primitives created: 1
15:45:56 | INFO: Extracting primitive: Cylinder.842
15:45:56 | INFO: Primitives created: 1
15:45:56 | INFO: Extracting primitive: Cylinder.843
15:45:56 | INFO: Primitives created: 1
15:45:56 | INFO: Extracting primitive: climb-ratchet-wheel-involute.004
15:45:56 | INFO: Primitives created: 1
15:45:56 | INFO: Extracting primitive: Cube.643
15:45:56 | INFO: Primitives created: 1
15:45:56 | INFO: Extracting primitive: Cube.644
15:45:56 | INFO: Primitives created: 1
15:45:56 | INFO: Extracting primitive: Cylinder.844
15:45:56 | INFO: Primitives created: 1
15:45:56 | INFO: Extracting primitive: west-guide-sheave-flange.004
15:45:56 | INFO: Primitives created: 1
15:45:56 | INFO: Extracting primitive: west-guide-sheave-flange.005
15:45:56 | INFO: Primitives created: 1
15:45:56 | INFO: Extracting primitive: west-guide-sheave-groove-floor.002
15:45:56 | INFO: Primitives created: 1
15:45:56 | INFO: Extracting primitive: Cylinder.838
15:45:56 | INFO: Primitives created: 1
15:45:56 | INFO: Extracting primitive: winch-rope-flange.010
15:45:56 | INFO: Primitives created: 1
15:45:56 | INFO: Extracting primitive: winch-rope-flange.011
15:45:56 | INFO: Primitives created: 1
15:45:56 | INFO: Extracting primitive: Cube.636
15:45:56 | INFO: Primitives created: 1
15:45:56 | INFO: Extracting primitive: Cube.638
15:45:56 | INFO: Primitives created: 1
15:45:56 | INFO: Extracting primitive: Cube.635
15:45:56 | INFO: Primitives created: 1
15:45:56 | INFO: Extracting primitive: Cube.637
15:45:56 | INFO: Primitives created: 1
15:45:56 | INFO: Extracting primitive: Cube.639
15:45:56 | INFO: Primitives created: 1
15:45:56 | INFO: Extracting primitive: Cylinder.836
15:45:56 | INFO: Primitives created: 1
15:45:56 | INFO: Extracting primitive: Cylinder.837
15:45:56 | INFO: Primitives created: 1
15:45:56 | INFO: Extracting primitive: Cube.641
15:45:56 | INFO: Primitives created: 1
15:45:56 | INFO: Extracting primitive: Cube.642
15:45:56 | INFO: Primitives created: 1
15:45:56 | INFO: Extracting primitive: Cylinder.834
15:45:56 | INFO: Primitives created: 1
15:45:56 | INFO: Extracting primitive: Cylinder.835
15:45:56 | INFO: Primitives created: 1
15:45:56 | INFO: Extracting primitive: Cylinder.831
15:45:56 | INFO: Primitives created: 1
15:45:56 | INFO: Extracting primitive: Cylinder.832
15:45:56 | INFO: Primitives created: 1
15:45:56 | INFO: Extracting primitive: Cylinder.833
15:45:56 | INFO: Primitives created: 1
15:45:56 | INFO: Extracting primitive: Cube.640
15:45:56 | INFO: Primitives created: 1
15:45:56 | INFO: Extracting primitive: Cylinder.719
15:45:56 | INFO: Primitives created: 1
15:45:56 | INFO: Extracting primitive: Cylinder.720
15:45:56 | INFO: Primitives created: 1
15:45:56 | INFO: Extracting primitive: Cube.559
15:45:56 | INFO: Primitives created: 1
15:45:56 | INFO: Extracting primitive: Cube.560
15:45:56 | INFO: Primitives created: 1
15:45:56 | INFO: Extracting primitive: Cube.561
15:45:56 | INFO: Primitives created: 1
15:45:56 | INFO: Extracting primitive: Cube.562
15:45:56 | INFO: Primitives created: 1
15:45:56 | INFO: Extracting primitive: Cylinder.728
15:45:56 | INFO: Primitives created: 1
15:45:56 | INFO: Extracting primitive: Cylinder.730
15:45:56 | INFO: Primitives created: 1
15:45:56 | INFO: Extracting primitive: Cylinder.738
15:45:56 | INFO: Primitives created: 1
15:45:56 | INFO: Extracting primitive: Cylinder.740
15:45:56 | INFO: Primitives created: 1
15:45:56 | INFO: Extracting primitive: Cylinder.727
15:45:56 | INFO: Primitives created: 1
15:45:56 | INFO: Extracting primitive: Cylinder.725
15:45:56 | INFO: Primitives created: 1
15:45:56 | INFO: Extracting primitive: Cylinder.726
15:45:56 | INFO: Primitives created: 1
15:45:56 | INFO: Extracting primitive: Cylinder.734
15:45:56 | INFO: Primitives created: 1
15:45:56 | INFO: Extracting primitive: hinge-pin-pull-eye.040
15:45:56 | INFO: Primitives created: 1
15:45:56 | INFO: Extracting primitive: leaf-hinge-knuckle.024
15:45:56 | INFO: Primitives created: 1
15:45:56 | INFO: Extracting primitive: Cylinder.732
15:45:56 | INFO: Primitives created: 1
15:45:56 | INFO: Extracting primitive: Cube.568
15:45:56 | INFO: Primitives created: 1
15:45:56 | INFO: Extracting primitive: Cube.565
15:45:56 | INFO: Primitives created: 1
15:45:56 | INFO: Extracting primitive: Cube.563
15:45:56 | INFO: Primitives created: 1
15:45:56 | INFO: Extracting primitive: Cube.564
15:45:56 | INFO: Primitives created: 1
15:45:56 | INFO: Extracting primitive: Cylinder.737
15:45:56 | INFO: Primitives created: 1
15:45:56 | INFO: Extracting primitive: Cylinder.735
15:45:56 | INFO: Primitives created: 1
15:45:56 | INFO: Extracting primitive: Cylinder.736
15:45:56 | INFO: Primitives created: 1
15:45:56 | INFO: Extracting primitive: Cylinder.744
15:45:56 | INFO: Primitives created: 1
15:45:56 | INFO: Extracting primitive: hinge-pin-pull-eye.041
15:45:56 | INFO: Primitives created: 1
15:45:56 | INFO: Extracting primitive: leaf-hinge-knuckle.025
15:45:56 | INFO: Primitives created: 1
15:45:56 | INFO: Extracting primitive: Cylinder.742
15:45:56 | INFO: Primitives created: 1
15:45:56 | INFO: Extracting primitive: Cube.574
15:45:56 | INFO: Primitives created: 1
15:45:56 | INFO: Extracting primitive: Cube.571
15:45:56 | INFO: Primitives created: 1
15:45:56 | INFO: Extracting primitive: Cube.569
15:45:56 | INFO: Primitives created: 1
15:45:56 | INFO: Extracting primitive: Cube.570
15:45:56 | INFO: Primitives created: 1
15:45:56 | INFO: Extracting primitive: Cylinder.724
15:45:56 | INFO: Primitives created: 1
15:45:56 | INFO: Extracting primitive: Cylinder.723
15:45:56 | INFO: Primitives created: 1
15:45:56 | INFO: Extracting primitive: Cylinder.721
15:45:56 | INFO: Primitives created: 1
15:45:56 | INFO: Extracting primitive: Cylinder.722
15:45:56 | INFO: Primitives created: 1
15:45:56 | INFO: Extracting primitive: Cube.566
15:45:56 | INFO: Primitives created: 1
15:45:56 | INFO: Extracting primitive: Cube.567
15:45:56 | INFO: Primitives created: 1
15:45:56 | INFO: Extracting primitive: Cube.572
15:45:56 | INFO: Primitives created: 1
15:45:56 | INFO: Extracting primitive: Cube.573
15:45:56 | INFO: Primitives created: 1
15:45:56 | INFO: Extracting primitive: Cube.555
15:45:56 | INFO: Primitives created: 1
15:45:56 | INFO: Extracting primitive: Cube.556
15:45:56 | INFO: Primitives created: 1
15:45:56 | INFO: Extracting primitive: Cube.557
15:45:56 | INFO: Primitives created: 1
15:45:56 | INFO: Extracting primitive: Cube.558
15:45:56 | INFO: Primitives created: 1
15:45:56 | INFO: Extracting primitive: Cylinder.745
15:45:56 | INFO: Primitives created: 1
15:45:56 | INFO: Extracting primitive: Cylinder.746
15:45:56 | INFO: Primitives created: 1
15:45:56 | INFO: Extracting primitive: Cube.579
15:45:56 | INFO: Primitives created: 1
15:45:56 | INFO: Extracting primitive: Cube.580
15:45:56 | INFO: Primitives created: 1
15:45:56 | INFO: Extracting primitive: Cube.581
15:45:56 | INFO: Primitives created: 1
15:45:56 | INFO: Extracting primitive: Cube.582
15:45:56 | INFO: Primitives created: 1
15:45:56 | INFO: Extracting primitive: Cylinder.755
15:45:56 | INFO: Primitives created: 1
15:45:56 | INFO: Extracting primitive: Cylinder.757
15:45:56 | INFO: Primitives created: 1
15:45:56 | INFO: Extracting primitive: Cylinder.768
15:45:56 | INFO: Primitives created: 1
15:45:56 | INFO: Extracting primitive: Cylinder.770
15:45:56 | INFO: Primitives created: 1
15:45:56 | INFO: Extracting primitive: Cylinder.753
15:45:56 | INFO: Primitives created: 1
15:45:56 | INFO: Extracting primitive: Cylinder.751
15:45:56 | INFO: Primitives created: 1
15:45:56 | INFO: Extracting primitive: Cylinder.752
15:45:56 | INFO: Primitives created: 1
15:45:56 | INFO: Extracting primitive: axial-control-eye.010
15:45:56 | INFO: Primitives created: 1
15:45:56 | INFO: Extracting primitive: Cylinder.763
15:45:56 | INFO: Primitives created: 1
15:45:56 | INFO: Extracting primitive: Cylinder.762
15:45:56 | INFO: Primitives created: 1
15:45:56 | INFO: Extracting primitive: Cylinder.761
15:45:56 | INFO: Primitives created: 1
15:45:56 | INFO: Extracting primitive: hinge-pin-pull-eye.042
15:45:56 | INFO: Primitives created: 1
15:45:56 | INFO: Extracting primitive: leaf-hinge-knuckle.026
15:45:56 | INFO: Primitives created: 1
15:45:56 | INFO: Extracting primitive: Cylinder.759
15:45:56 | INFO: Primitives created: 1
15:45:56 | INFO: Extracting primitive: Cube.588
15:45:56 | INFO: Primitives created: 1
15:45:56 | INFO: Extracting primitive: Cube.585
15:45:56 | INFO: Primitives created: 1
15:45:56 | INFO: Extracting primitive: Cube.583
15:45:56 | INFO: Primitives created: 1
15:45:56 | INFO: Extracting primitive: Cube.584
15:45:56 | INFO: Primitives created: 1
15:45:56 | INFO: Extracting primitive: Cylinder.766
15:45:56 | INFO: Primitives created: 1
15:45:56 | INFO: Extracting primitive: Cylinder.764
15:45:56 | INFO: Primitives created: 1
15:45:56 | INFO: Extracting primitive: Cylinder.765
15:45:56 | INFO: Primitives created: 1
15:45:56 | INFO: Extracting primitive: Cylinder.774
15:45:56 | INFO: Primitives created: 1
15:45:56 | INFO: Extracting primitive: hinge-pin-pull-eye.043
15:45:56 | INFO: Primitives created: 1
15:45:56 | INFO: Extracting primitive: leaf-hinge-knuckle.027
15:45:56 | INFO: Primitives created: 1
15:45:56 | INFO: Extracting primitive: Cylinder.772
15:45:56 | INFO: Primitives created: 1
15:45:56 | INFO: Extracting primitive: Cube.594
15:45:56 | INFO: Primitives created: 1
15:45:56 | INFO: Extracting primitive: Cube.591
15:45:56 | INFO: Primitives created: 1
15:45:56 | INFO: Extracting primitive: Cube.589
15:45:56 | INFO: Primitives created: 1
15:45:56 | INFO: Extracting primitive: Cube.590
15:45:56 | INFO: Primitives created: 1
15:45:56 | INFO: Extracting primitive: Cylinder.750
15:45:56 | INFO: Primitives created: 1
15:45:56 | INFO: Extracting primitive: Cylinder.749
15:45:56 | INFO: Primitives created: 1
15:45:56 | INFO: Extracting primitive: Cylinder.747
15:45:56 | INFO: Primitives created: 1
15:45:56 | INFO: Extracting primitive: Cylinder.748
15:45:56 | INFO: Primitives created: 1
15:45:56 | INFO: Extracting primitive: Cube.586
15:45:56 | INFO: Primitives created: 1
15:45:56 | INFO: Extracting primitive: Cube.587
15:45:56 | INFO: Primitives created: 1
15:45:56 | INFO: Extracting primitive: Cube.592
15:45:56 | INFO: Primitives created: 1
15:45:56 | INFO: Extracting primitive: Cube.593
15:45:56 | INFO: Primitives created: 1
15:45:56 | INFO: Extracting primitive: Cube.575
15:45:56 | INFO: Primitives created: 1
15:45:56 | INFO: Extracting primitive: Cube.576
15:45:56 | INFO: Primitives created: 1
15:45:56 | INFO: Extracting primitive: Cube.577
15:45:56 | INFO: Primitives created: 1
15:45:56 | INFO: Extracting primitive: Cube.578
15:45:56 | INFO: Primitives created: 1
15:45:56 | INFO: Extracting primitive: Cylinder.775
15:45:56 | INFO: Primitives created: 1
15:45:56 | INFO: Extracting primitive: Cylinder.776
15:45:56 | INFO: Primitives created: 1
15:45:56 | INFO: Extracting primitive: Cube.599
15:45:56 | INFO: Primitives created: 1
15:45:56 | INFO: Extracting primitive: Cube.600
15:45:56 | INFO: Primitives created: 1
15:45:56 | INFO: Extracting primitive: Cube.601
15:45:56 | INFO: Primitives created: 1
15:45:56 | INFO: Extracting primitive: Cube.602
15:45:56 | INFO: Primitives created: 1
15:45:56 | INFO: Extracting primitive: Cylinder.784
15:45:56 | INFO: Primitives created: 1
15:45:56 | INFO: Extracting primitive: Cylinder.786
15:45:56 | INFO: Primitives created: 1
15:45:56 | INFO: Extracting primitive: Cylinder.794
15:45:56 | INFO: Primitives created: 1
15:45:56 | INFO: Extracting primitive: Cylinder.796
15:45:56 | INFO: Primitives created: 1
15:45:56 | INFO: Extracting primitive: Cylinder.783
15:45:56 | INFO: Primitives created: 1
15:45:56 | INFO: Extracting primitive: Cylinder.781
15:45:56 | INFO: Primitives created: 1
15:45:56 | INFO: Extracting primitive: Cylinder.782
15:45:56 | INFO: Primitives created: 1
15:45:56 | INFO: Extracting primitive: Cylinder.790
15:45:56 | INFO: Primitives created: 1
15:45:56 | INFO: Extracting primitive: hinge-pin-pull-eye.044
15:45:56 | INFO: Primitives created: 1
15:45:56 | INFO: Extracting primitive: leaf-hinge-knuckle.028
15:45:56 | INFO: Primitives created: 1
15:45:56 | INFO: Extracting primitive: Cylinder.788
15:45:56 | INFO: Primitives created: 1
15:45:56 | INFO: Extracting primitive: Cube.608
15:45:56 | INFO: Primitives created: 1
15:45:56 | INFO: Extracting primitive: Cube.605
15:45:56 | INFO: Primitives created: 1
15:45:56 | INFO: Extracting primitive: Cube.603
15:45:56 | INFO: Primitives created: 1
15:45:56 | INFO: Extracting primitive: Cube.604
15:45:56 | INFO: Primitives created: 1
15:45:56 | INFO: Extracting primitive: Cylinder.793
15:45:56 | INFO: Primitives created: 1
15:45:56 | INFO: Extracting primitive: Cylinder.791
15:45:56 | INFO: Primitives created: 1
15:45:56 | INFO: Extracting primitive: Cylinder.792
15:45:56 | INFO: Primitives created: 1
15:45:56 | INFO: Extracting primitive: Cylinder.800
15:45:56 | INFO: Primitives created: 1
15:45:56 | INFO: Extracting primitive: hinge-pin-pull-eye.045
15:45:56 | INFO: Primitives created: 1
15:45:56 | INFO: Extracting primitive: leaf-hinge-knuckle.029
15:45:56 | INFO: Primitives created: 1
15:45:56 | INFO: Extracting primitive: Cylinder.798
15:45:56 | INFO: Primitives created: 1
15:45:56 | INFO: Extracting primitive: Cube.614
15:45:56 | INFO: Primitives created: 1
15:45:56 | INFO: Extracting primitive: Cube.611
15:45:56 | INFO: Primitives created: 1
15:45:56 | INFO: Extracting primitive: Cube.609
15:45:56 | INFO: Primitives created: 1
15:45:56 | INFO: Extracting primitive: Cube.610
15:45:56 | INFO: Primitives created: 1
15:45:56 | INFO: Extracting primitive: Cylinder.780
15:45:56 | INFO: Primitives created: 1
15:45:56 | INFO: Extracting primitive: Cylinder.779
15:45:56 | INFO: Primitives created: 1
15:45:56 | INFO: Extracting primitive: Cylinder.777
15:45:56 | INFO: Primitives created: 1
15:45:56 | INFO: Extracting primitive: Cylinder.778
15:45:56 | INFO: Primitives created: 1
15:45:56 | INFO: Extracting primitive: Cube.606
15:45:56 | INFO: Primitives created: 1
15:45:56 | INFO: Extracting primitive: Cube.607
15:45:56 | INFO: Primitives created: 1
15:45:56 | INFO: Extracting primitive: Cube.612
15:45:56 | INFO: Primitives created: 1
15:45:56 | INFO: Extracting primitive: Cube.613
15:45:56 | INFO: Primitives created: 1
15:45:56 | INFO: Extracting primitive: Cube.595
15:45:56 | INFO: Primitives created: 1
15:45:56 | INFO: Extracting primitive: Cube.596
15:45:56 | INFO: Primitives created: 1
15:45:56 | INFO: Extracting primitive: Cube.597
15:45:56 | INFO: Primitives created: 1
15:45:56 | INFO: Extracting primitive: Cube.598
15:45:56 | INFO: Primitives created: 1
15:45:56 | INFO: Extracting primitive: Cylinder.801
15:45:56 | INFO: Primitives created: 1
15:45:56 | INFO: Extracting primitive: Cylinder.802
15:45:56 | INFO: Primitives created: 1
15:45:56 | INFO: Extracting primitive: Cube.619
15:45:56 | INFO: Primitives created: 1
15:45:56 | INFO: Extracting primitive: Cube.620
15:45:56 | INFO: Primitives created: 1
15:45:56 | INFO: Extracting primitive: Cube.621
15:45:56 | INFO: Primitives created: 1
15:45:56 | INFO: Extracting primitive: Cube.622
15:45:56 | INFO: Primitives created: 1
15:45:56 | INFO: Extracting primitive: Cylinder.811
15:45:56 | INFO: Primitives created: 1
15:45:56 | INFO: Extracting primitive: Cylinder.813
15:45:56 | INFO: Primitives created: 1
15:45:56 | INFO: Extracting primitive: Cylinder.824
15:45:56 | INFO: Primitives created: 1
15:45:56 | INFO: Extracting primitive: Cylinder.826
15:45:56 | INFO: Primitives created: 1
15:45:56 | INFO: Extracting primitive: Cylinder.809
15:45:56 | INFO: Primitives created: 1
15:45:56 | INFO: Extracting primitive: Cylinder.807
15:45:56 | INFO: Primitives created: 1
15:45:56 | INFO: Extracting primitive: Cylinder.808
15:45:56 | INFO: Primitives created: 1
15:45:56 | INFO: Extracting primitive: axial-control-eye.011
15:45:56 | INFO: Primitives created: 1
15:45:56 | INFO: Extracting primitive: Cylinder.819
15:45:56 | INFO: Primitives created: 1
15:45:56 | INFO: Extracting primitive: Cylinder.818
15:45:56 | INFO: Primitives created: 1
15:45:56 | INFO: Extracting primitive: Cylinder.817
15:45:56 | INFO: Primitives created: 1
15:45:56 | INFO: Extracting primitive: hinge-pin-pull-eye.046
15:45:56 | INFO: Primitives created: 1
15:45:56 | INFO: Extracting primitive: leaf-hinge-knuckle.030
15:45:56 | INFO: Primitives created: 1
15:45:56 | INFO: Extracting primitive: Cylinder.815
15:45:56 | INFO: Primitives created: 1
15:45:56 | INFO: Extracting primitive: Cube.628
15:45:56 | INFO: Primitives created: 1
15:45:56 | INFO: Extracting primitive: Cube.625
15:45:56 | INFO: Primitives created: 1
15:45:56 | INFO: Extracting primitive: Cube.623
15:45:56 | INFO: Primitives created: 1
15:45:56 | INFO: Extracting primitive: Cube.624
15:45:56 | INFO: Primitives created: 1
15:45:56 | INFO: Extracting primitive: Cylinder.822
15:45:56 | INFO: Primitives created: 1
15:45:56 | INFO: Extracting primitive: Cylinder.820
15:45:56 | INFO: Primitives created: 1
15:45:56 | INFO: Extracting primitive: Cylinder.821
15:45:56 | INFO: Primitives created: 1
15:45:56 | INFO: Extracting primitive: Cylinder.830
15:45:56 | INFO: Primitives created: 1
15:45:56 | INFO: Extracting primitive: hinge-pin-pull-eye.047
15:45:56 | INFO: Primitives created: 1
15:45:56 | INFO: Extracting primitive: leaf-hinge-knuckle.031
15:45:56 | INFO: Primitives created: 1
15:45:56 | INFO: Extracting primitive: Cylinder.828
15:45:56 | INFO: Primitives created: 1
15:45:56 | INFO: Extracting primitive: Cube.634
15:45:56 | INFO: Primitives created: 1
15:45:56 | INFO: Extracting primitive: Cube.631
15:45:56 | INFO: Primitives created: 1
15:45:56 | INFO: Extracting primitive: Cube.629
15:45:56 | INFO: Primitives created: 1
15:45:56 | INFO: Extracting primitive: Cube.630
15:45:56 | INFO: Primitives created: 1
15:45:56 | INFO: Extracting primitive: Cylinder.806
15:45:56 | INFO: Primitives created: 1
15:45:56 | INFO: Extracting primitive: Cylinder.805
15:45:56 | INFO: Primitives created: 1
15:45:56 | INFO: Extracting primitive: Cylinder.803
15:45:56 | INFO: Primitives created: 1
15:45:56 | INFO: Extracting primitive: Cylinder.804
15:45:56 | INFO: Primitives created: 1
15:45:56 | INFO: Extracting primitive: Cube.626
15:45:56 | INFO: Primitives created: 1
15:45:56 | INFO: Extracting primitive: Cube.627
15:45:56 | INFO: Primitives created: 1
15:45:56 | INFO: Extracting primitive: Cube.632
15:45:56 | INFO: Primitives created: 1
15:45:56 | INFO: Extracting primitive: Cube.633
15:45:56 | INFO: Primitives created: 1
15:45:56 | INFO: Extracting primitive: Cube.615
15:45:56 | INFO: Primitives created: 1
15:45:56 | INFO: Extracting primitive: Cube.616
15:45:56 | INFO: Primitives created: 1
15:45:56 | INFO: Extracting primitive: Cube.617
15:45:56 | INFO: Primitives created: 1
15:45:56 | INFO: Extracting primitive: Cube.618
15:45:56 | INFO: Primitives created: 1
15:45:56 | INFO: Extracting primitive: Cylinder.847
15:45:56 | INFO: Primitives created: 1
15:45:56 | INFO: Extracting primitive: Cylinder.848
15:45:56 | INFO: Primitives created: 1
15:45:56 | INFO: Extracting primitive: Cylinder.849
15:45:56 | INFO: Primitives created: 1
15:45:56 | INFO: Extracting primitive: Cylinder.850
15:45:56 | INFO: Primitives created: 1
15:45:56 | INFO: Extracting primitive: Cylinder.851
15:45:56 | INFO: Primitives created: 1
15:45:56 | INFO: Extracting primitive: Cylinder.852
15:45:56 | INFO: Primitives created: 1
15:45:56 | INFO: Extracting primitive: Cylinder.853
15:45:56 | INFO: Primitives created: 1
15:45:56 | INFO: Extracting primitive: Cylinder.854
15:45:56 | INFO: Primitives created: 1
15:45:56 | INFO: Extracting primitive: Cube.650
15:45:56 | INFO: Primitives created: 1
15:45:56 | INFO: Extracting primitive: Cube.652
15:45:56 | INFO: Primitives created: 1
15:45:56 | INFO: Extracting primitive: Cylinder.855
15:45:56 | INFO: Primitives created: 1
15:45:56 | INFO: Extracting primitive: Cylinder.856
15:45:56 | INFO: Primitives created: 1
15:45:56 | INFO: Extracting primitive: Cylinder.857
15:45:56 | INFO: Primitives created: 1
15:45:56 | INFO: Extracting primitive: Cylinder.858
15:45:56 | INFO: Primitives created: 1
15:45:56 | INFO: Extracting primitive: Cylinder.859
15:45:56 | INFO: Primitives created: 1
15:45:56 | INFO: Extracting primitive: Cylinder.860
15:45:56 | INFO: Primitives created: 1
15:45:56 | INFO: Extracting primitive: Cylinder.861
15:45:56 | INFO: Primitives created: 1
15:45:56 | INFO: Extracting primitive: Cylinder.862
15:45:56 | INFO: Primitives created: 1
15:45:56 | INFO: Extracting primitive: Cylinder.863
15:45:56 | INFO: Primitives created: 1
15:45:56 | INFO: Extracting primitive: Cylinder.864
15:45:56 | INFO: Primitives created: 1
15:45:56 | INFO: Extracting primitive: Cylinder.865
15:45:56 | INFO: Primitives created: 1
15:45:56 | INFO: Extracting primitive: Cylinder.866
15:45:56 | INFO: Primitives created: 1
15:45:56 | INFO: Extracting primitive: Cylinder.867
15:45:56 | INFO: Primitives created: 1
15:45:56 | INFO: Extracting primitive: Cylinder.868
15:45:56 | INFO: Primitives created: 1
15:45:56 | INFO: Extracting primitive: Cylinder.869
15:45:56 | INFO: Primitives created: 1
15:45:56 | INFO: Extracting primitive: Cylinder.870
15:45:56 | INFO: Primitives created: 1
15:45:56 | INFO: Extracting primitive: Cylinder.871
15:45:56 | INFO: Primitives created: 1
15:45:56 | INFO: Extracting primitive: Cylinder.872
15:45:56 | INFO: Primitives created: 1
15:45:56 | INFO: Extracting primitive: Cylinder.873
15:45:56 | INFO: Primitives created: 1
15:45:56 | INFO: Extracting primitive: Cylinder.874
15:45:56 | INFO: Primitives created: 1
15:45:56 | INFO: Extracting primitive: Cylinder.875
15:45:56 | INFO: Primitives created: 1
15:45:56 | INFO: Extracting primitive: Cylinder.876
15:45:56 | INFO: Primitives created: 1
15:45:56 | INFO: Extracting primitive: Cylinder.877
15:45:56 | INFO: Primitives created: 1
15:45:56 | INFO: Extracting primitive: Cylinder.878
15:45:56 | INFO: Primitives created: 1
15:45:56 | INFO: Extracting primitive: Cube.649
15:45:56 | INFO: Primitives created: 1
15:45:56 | INFO: Extracting primitive: Cube.651
15:45:56 | INFO: Primitives created: 1
15:45:56 | INFO: Extracting primitive: Cube.551
15:45:56 | INFO: Primitives created: 1
15:45:56 | INFO: Extracting primitive: Cube.552
15:45:56 | INFO: Primitives created: 1
15:45:56 | INFO: Extracting primitive: Cylinder.701
15:45:56 | INFO: Primitives created: 1
15:45:56 | INFO: Extracting primitive: head-bearing-lower.005
15:45:56 | INFO: Primitives created: 1
15:45:56 | INFO: Extracting primitive: Cylinder.714
15:45:56 | INFO: Primitives created: 1
15:45:56 | INFO: Extracting primitive: Cylinder.702
15:45:56 | INFO: Primitives created: 1
15:45:56 | INFO: Extracting primitive: Cylinder.703
15:45:56 | INFO: Primitives created: 1
15:45:56 | INFO: Extracting primitive: Cylinder.704
15:45:56 | INFO: Primitives created: 1
15:45:56 | INFO: Extracting primitive: Cylinder.705
15:45:56 | INFO: Primitives created: 1
15:45:56 | INFO: Extracting primitive: Cylinder.706
15:45:56 | INFO: Primitives created: 1
15:45:56 | INFO: Extracting primitive: Cylinder.707
15:45:56 | INFO: Primitives created: 1
15:45:56 | INFO: Extracting primitive: Cylinder.708
15:45:56 | INFO: Primitives created: 1
15:45:56 | INFO: Extracting primitive: Cylinder.709
15:45:56 | INFO: Primitives created: 1
15:45:56 | INFO: Extracting primitive: Cylinder.710
15:45:56 | INFO: Primitives created: 1
15:45:56 | INFO: Extracting primitive: Cylinder.711
15:45:56 | INFO: Primitives created: 1
15:45:56 | INFO: Extracting primitive: Cylinder.712
15:45:56 | INFO: Primitives created: 1
15:45:56 | INFO: Extracting primitive: Cylinder.713
15:45:56 | INFO: Primitives created: 1
15:45:56 | INFO: Extracting primitive: jib-tip-sheave.005
15:45:56 | INFO: Primitives created: 1
15:45:56 | INFO: Extracting primitive: Cube.553
15:45:56 | INFO: Primitives created: 1
15:45:56 | INFO: Extracting primitive: Cube.554
15:45:56 | INFO: Primitives created: 1
15:45:56 | INFO: Extracting primitive: Cylinder.715
15:45:56 | INFO: Primitives created: 1
15:45:56 | INFO: Extracting primitive: Cylinder.718
15:45:56 | INFO: Primitives created: 1
15:45:56 | INFO: Extracting primitive: Cylinder.716
15:45:56 | INFO: Primitives created: 1
15:45:56 | INFO: Extracting primitive: Cylinder.717
15:45:56 | INFO: Primitives created: 1
15:45:56 | INFO: Extracting primitive: moving-lug-eye.005
15:45:56 | INFO: Primitives created: 1
15:45:56 | INFO: Extracting primitive: Cylinder.699
15:45:56 | INFO: Primitives created: 1
15:45:56 | INFO: Extracting primitive: Cylinder.700
15:45:56 | INFO: Primitives created: 1
15:45:56 | INFO: Extracting primitive: Cube.548
15:45:56 | INFO: Primitives created: 1
15:45:56 | INFO: Extracting primitive: Cube.549
15:45:56 | INFO: Primitives created: 1
15:45:56 | INFO: Extracting primitive: Cube.546
15:45:56 | INFO: Primitives created: 1
15:45:56 | INFO: Extracting primitive: Cube.547
15:45:56 | INFO: Primitives created: 1
15:45:56 | INFO: Extracting primitive: Cube.550
15:45:56 | INFO: Primitives created: 1
15:45:56 | INFO: Extracting primitive: Retained hoist hitch.002
15:45:56 | INFO: Primitives created: 1
15:45:56 | INFO: Extracting primitive: Cube.545
15:45:56 | INFO: Primitives created: 1
15:45:56 | INFO: Finished glTF 2.0 export in 0.33861303329467773 s
46:40.554  render           | Saved: '/Users/hina/Documents/Experience-Intelligence-Domain/wonderforge/artifacts/eiffel-gin-pole-climb-2026-09-08/renders/gin-pole-climb-context.png'

51:42.972  render           | Saved: '/Users/hina/Documents/Experience-Intelligence-Domain/wonderforge/artifacts/eiffel-gin-pole-climb-2026-09-08/renders/gin-pole-climb-context.png'
15:53:45 | INFO: Starting glTF 2.0 export
15:53:45 | INFO: Extracting primitive: Cylinder.1340
15:53:45 | INFO: Primitives created: 1
15:53:45 | INFO: Extracting primitive: east-guide-sheave-flange.010
15:53:45 | INFO: Primitives created: 1
15:53:45 | INFO: Extracting primitive: east-guide-sheave-flange.011
15:53:45 | INFO: Primitives created: 1
15:53:45 | INFO: Extracting primitive: east-guide-sheave-groove-floor.005
15:53:45 | INFO: Primitives created: 1
15:53:45 | INFO: Extracting primitive: Cube.969
15:53:45 | INFO: Primitives created: 1
15:53:45 | INFO: Extracting primitive: Cube.970
15:53:45 | INFO: Primitives created: 1
15:53:45 | INFO: Extracting primitive: Cube.971
15:53:45 | INFO: Primitives created: 1
15:53:45 | INFO: Extracting primitive: Cube.972
15:53:45 | INFO: Primitives created: 1
15:53:45 | INFO: Extracting primitive: Cylinder.1341
15:53:45 | INFO: Primitives created: 1
15:53:45 | INFO: Extracting primitive: east-upper-guide-sheave-flange.010
15:53:45 | INFO: Primitives created: 1
15:53:45 | INFO: Extracting primitive: east-upper-guide-sheave-flange.011
15:53:45 | INFO: Primitives created: 1
15:53:45 | INFO: Extracting primitive: east-upper-guide-sheave-groove-floor.005
15:53:45 | INFO: Primitives created: 1
15:53:45 | INFO: Extracting primitive: climb-input-crank-involute.007
15:53:45 | INFO: Primitives created: 1
15:53:45 | INFO: Extracting primitive: Cylinder.1335
15:53:45 | INFO: Primitives created: 1
15:53:45 | INFO: Extracting primitive: Cylinder.1336
15:53:45 | INFO: Primitives created: 1
15:53:45 | INFO: Extracting primitive: Cylinder.1334
15:53:45 | INFO: Primitives created: 1
15:53:45 | INFO: Extracting primitive: climb-output-gear-involute.007
15:53:45 | INFO: Primitives created: 1
15:53:45 | INFO: Extracting primitive: Cylinder.1337
15:53:45 | INFO: Primitives created: 1
15:53:45 | INFO: Extracting primitive: Cylinder.1338
15:53:45 | INFO: Primitives created: 1
15:53:45 | INFO: Extracting primitive: climb-ratchet-wheel-involute.007
15:53:45 | INFO: Primitives created: 1
15:53:45 | INFO: Extracting primitive: Cube.967
15:53:45 | INFO: Primitives created: 1
15:53:45 | INFO: Extracting primitive: Cube.968
15:53:45 | INFO: Primitives created: 1
15:53:45 | INFO: Extracting primitive: Cylinder.1339
15:53:45 | INFO: Primitives created: 1
15:53:45 | INFO: Extracting primitive: west-guide-sheave-flange.010
15:53:45 | INFO: Primitives created: 1
15:53:45 | INFO: Extracting primitive: west-guide-sheave-flange.011
15:53:45 | INFO: Primitives created: 1
15:53:45 | INFO: Extracting primitive: west-guide-sheave-groove-floor.005
15:53:45 | INFO: Primitives created: 1
15:53:45 | INFO: Extracting primitive: Cylinder.1333
15:53:45 | INFO: Primitives created: 1
15:53:45 | INFO: Extracting primitive: winch-rope-flange.016
15:53:45 | INFO: Primitives created: 1
15:53:45 | INFO: Extracting primitive: winch-rope-flange.017
15:53:45 | INFO: Primitives created: 1
15:53:45 | INFO: Extracting primitive: Cube.960
15:53:45 | INFO: Primitives created: 1
15:53:45 | INFO: Extracting primitive: Cube.962
15:53:45 | INFO: Primitives created: 1
15:53:45 | INFO: Extracting primitive: Cube.959
15:53:45 | INFO: Primitives created: 1
15:53:45 | INFO: Extracting primitive: Cube.961
15:53:45 | INFO: Primitives created: 1
15:53:45 | INFO: Extracting primitive: Cube.963
15:53:45 | INFO: Primitives created: 1
15:53:45 | INFO: Extracting primitive: Cylinder.1331
15:53:45 | INFO: Primitives created: 1
15:53:45 | INFO: Extracting primitive: Cylinder.1332
15:53:45 | INFO: Primitives created: 1
15:53:45 | INFO: Extracting primitive: Cube.965
15:53:45 | INFO: Primitives created: 1
15:53:45 | INFO: Extracting primitive: Cube.966
15:53:45 | INFO: Primitives created: 1
15:53:45 | INFO: Extracting primitive: Cylinder.1329
15:53:45 | INFO: Primitives created: 1
15:53:45 | INFO: Extracting primitive: Cylinder.1330
15:53:45 | INFO: Primitives created: 1
15:53:45 | INFO: Extracting primitive: Cylinder.1326
15:53:45 | INFO: Primitives created: 1
15:53:45 | INFO: Extracting primitive: Cylinder.1327
15:53:45 | INFO: Primitives created: 1
15:53:45 | INFO: Extracting primitive: Cylinder.1328
15:53:45 | INFO: Primitives created: 1
15:53:45 | INFO: Extracting primitive: Cube.964
15:53:45 | INFO: Primitives created: 1
15:53:45 | INFO: Extracting primitive: Cylinder.1206
15:53:45 | INFO: Primitives created: 1
15:53:45 | INFO: Extracting primitive: Cylinder.1207
15:53:45 | INFO: Primitives created: 1
15:53:45 | INFO: Extracting primitive: Cube.883
15:53:45 | INFO: Primitives created: 1
15:53:45 | INFO: Extracting primitive: Cube.884
15:53:45 | INFO: Primitives created: 1
15:53:45 | INFO: Extracting primitive: Cube.885
15:53:45 | INFO: Primitives created: 1
15:53:45 | INFO: Extracting primitive: Cube.886
15:53:45 | INFO: Primitives created: 1
15:53:45 | INFO: Extracting primitive: Cylinder.1216
15:53:45 | INFO: Primitives created: 1
15:53:45 | INFO: Extracting primitive: Cylinder.1218
15:53:45 | INFO: Primitives created: 1
15:53:45 | INFO: Extracting primitive: Cylinder.1227
15:53:45 | INFO: Primitives created: 1
15:53:45 | INFO: Extracting primitive: Cylinder.1229
15:53:45 | INFO: Primitives created: 1
15:53:45 | INFO: Extracting primitive: Cylinder.1215
15:53:45 | INFO: Primitives created: 1
15:53:45 | INFO: Extracting primitive: Cylinder.1212
15:53:45 | INFO: Primitives created: 1
15:53:45 | INFO: Extracting primitive: Cylinder.1214
15:53:45 | INFO: Primitives created: 1
15:53:45 | INFO: Extracting primitive: Cylinder.1222
15:53:45 | INFO: Primitives created: 1
15:53:45 | INFO: Extracting primitive: hinge-pin-pull-eye.064
15:53:45 | INFO: Primitives created: 1
15:53:45 | INFO: Extracting primitive: leaf-hinge-knuckle.048
15:53:45 | INFO: Primitives created: 1
15:53:45 | INFO: Extracting primitive: Cylinder.1220
15:53:45 | INFO: Primitives created: 1
15:53:45 | INFO: Extracting primitive: Cube.892
15:53:45 | INFO: Primitives created: 1
15:53:45 | INFO: Extracting primitive: Cube.889
15:53:45 | INFO: Primitives created: 1
15:53:45 | INFO: Extracting primitive: Cube.887
15:53:45 | INFO: Primitives created: 1
15:53:45 | INFO: Extracting primitive: Cube.888
15:53:45 | INFO: Primitives created: 1
15:53:45 | INFO: Extracting primitive: Cylinder.1226
15:53:45 | INFO: Primitives created: 1
15:53:45 | INFO: Extracting primitive: Cylinder.1223
15:53:45 | INFO: Primitives created: 1
15:53:45 | INFO: Extracting primitive: Cylinder.1225
15:53:45 | INFO: Primitives created: 1
15:53:45 | INFO: Extracting primitive: Cylinder.1233
15:53:45 | INFO: Primitives created: 1
15:53:45 | INFO: Extracting primitive: hinge-pin-pull-eye.065
15:53:45 | INFO: Primitives created: 1
15:53:45 | INFO: Extracting primitive: leaf-hinge-knuckle.049
15:53:45 | INFO: Primitives created: 1
15:53:45 | INFO: Extracting primitive: Cylinder.1231
15:53:45 | INFO: Primitives created: 1
15:53:45 | INFO: Extracting primitive: Cube.898
15:53:45 | INFO: Primitives created: 1
15:53:45 | INFO: Extracting primitive: Cube.895
15:53:45 | INFO: Primitives created: 1
15:53:45 | INFO: Extracting primitive: Cube.893
15:53:45 | INFO: Primitives created: 1
15:53:45 | INFO: Extracting primitive: Cube.894
15:53:45 | INFO: Primitives created: 1
15:53:45 | INFO: Extracting primitive: Cylinder.1211
15:53:45 | INFO: Primitives created: 1
15:53:45 | INFO: Extracting primitive: Cylinder.1210
15:53:45 | INFO: Primitives created: 1
15:53:45 | INFO: Extracting primitive: Cylinder.1208
15:53:45 | INFO: Primitives created: 1
15:53:45 | INFO: Extracting primitive: Cylinder.1209
15:53:45 | INFO: Primitives created: 1
15:53:45 | INFO: Extracting primitive: Cube.890
15:53:45 | INFO: Primitives created: 1
15:53:45 | INFO: Extracting primitive: Cube.891
15:53:45 | INFO: Primitives created: 1
15:53:45 | INFO: Extracting primitive: Cube.896
15:53:45 | INFO: Primitives created: 1
15:53:45 | INFO: Extracting primitive: Cube.897
15:53:45 | INFO: Primitives created: 1
15:53:45 | INFO: Extracting primitive: Cube.879
15:53:45 | INFO: Primitives created: 1
15:53:45 | INFO: Extracting primitive: Cube.880
15:53:45 | INFO: Primitives created: 1
15:53:45 | INFO: Extracting primitive: Cube.881
15:53:45 | INFO: Primitives created: 1
15:53:45 | INFO: Extracting primitive: Cube.882
15:53:45 | INFO: Primitives created: 1
15:53:45 | INFO: Extracting primitive: Cylinder.1234
15:53:45 | INFO: Primitives created: 1
15:53:45 | INFO: Extracting primitive: Cylinder.1235
15:53:45 | INFO: Primitives created: 1
15:53:45 | INFO: Extracting primitive: Cube.903
15:53:45 | INFO: Primitives created: 1
15:53:45 | INFO: Extracting primitive: Cube.904
15:53:45 | INFO: Primitives created: 1
15:53:45 | INFO: Extracting primitive: Cube.905
15:53:45 | INFO: Primitives created: 1
15:53:45 | INFO: Extracting primitive: Cube.906
15:53:45 | INFO: Primitives created: 1
15:53:45 | INFO: Extracting primitive: Cylinder.1245
15:53:45 | INFO: Primitives created: 1
15:53:45 | INFO: Extracting primitive: Cylinder.1247
15:53:45 | INFO: Primitives created: 1
15:53:45 | INFO: Extracting primitive: Cylinder.1259
15:53:45 | INFO: Primitives created: 1
15:53:45 | INFO: Extracting primitive: Cylinder.1261
15:53:45 | INFO: Primitives created: 1
15:53:45 | INFO: Extracting primitive: Cylinder.1243
15:53:45 | INFO: Primitives created: 1
15:53:45 | INFO: Extracting primitive: Cylinder.1240
15:53:45 | INFO: Primitives created: 1
15:53:45 | INFO: Extracting primitive: Cylinder.1242
15:53:45 | INFO: Primitives created: 1
15:53:45 | INFO: Extracting primitive: axial-control-eye.016
15:53:45 | INFO: Primitives created: 1
15:53:45 | INFO: Extracting primitive: Cylinder.1253
15:53:45 | INFO: Primitives created: 1
15:53:45 | INFO: Extracting primitive: Cylinder.1252
15:53:45 | INFO: Primitives created: 1
15:53:45 | INFO: Extracting primitive: Cylinder.1251
15:53:45 | INFO: Primitives created: 1
15:53:45 | INFO: Extracting primitive: hinge-pin-pull-eye.066
15:53:45 | INFO: Primitives created: 1
15:53:45 | INFO: Extracting primitive: leaf-hinge-knuckle.050
15:53:45 | INFO: Primitives created: 1
15:53:45 | INFO: Extracting primitive: Cylinder.1249
15:53:45 | INFO: Primitives created: 1
15:53:45 | INFO: Extracting primitive: Cube.912
15:53:45 | INFO: Primitives created: 1
15:53:45 | INFO: Extracting primitive: Cube.909
15:53:45 | INFO: Primitives created: 1
15:53:45 | INFO: Extracting primitive: Cube.907
15:53:45 | INFO: Primitives created: 1
15:53:45 | INFO: Extracting primitive: Cube.908
15:53:45 | INFO: Primitives created: 1
15:53:45 | INFO: Extracting primitive: Cylinder.1257
15:53:45 | INFO: Primitives created: 1
15:53:45 | INFO: Extracting primitive: Cylinder.1254
15:53:45 | INFO: Primitives created: 1
15:53:45 | INFO: Extracting primitive: Cylinder.1256
15:53:45 | INFO: Primitives created: 1
15:53:45 | INFO: Extracting primitive: Cylinder.1265
15:53:45 | INFO: Primitives created: 1
15:53:45 | INFO: Extracting primitive: hinge-pin-pull-eye.067
15:53:45 | INFO: Primitives created: 1
15:53:45 | INFO: Extracting primitive: leaf-hinge-knuckle.051
15:53:45 | INFO: Primitives created: 1
15:53:45 | INFO: Extracting primitive: Cylinder.1263
15:53:45 | INFO: Primitives created: 1
15:53:45 | INFO: Extracting primitive: Cube.918
15:53:45 | INFO: Primitives created: 1
15:53:45 | INFO: Extracting primitive: Cube.915
15:53:45 | INFO: Primitives created: 1
15:53:45 | INFO: Extracting primitive: Cube.913
15:53:45 | INFO: Primitives created: 1
15:53:45 | INFO: Extracting primitive: Cube.914
15:53:45 | INFO: Primitives created: 1
15:53:45 | INFO: Extracting primitive: Cylinder.1239
15:53:45 | INFO: Primitives created: 1
15:53:45 | INFO: Extracting primitive: Cylinder.1238
15:53:45 | INFO: Primitives created: 1
15:53:45 | INFO: Extracting primitive: Cylinder.1236
15:53:45 | INFO: Primitives created: 1
15:53:45 | INFO: Extracting primitive: Cylinder.1237
15:53:45 | INFO: Primitives created: 1
15:53:45 | INFO: Extracting primitive: Cube.910
15:53:45 | INFO: Primitives created: 1
15:53:45 | INFO: Extracting primitive: Cube.911
15:53:45 | INFO: Primitives created: 1
15:53:45 | INFO: Extracting primitive: Cube.916
15:53:45 | INFO: Primitives created: 1
15:53:45 | INFO: Extracting primitive: Cube.917
15:53:45 | INFO: Primitives created: 1
15:53:45 | INFO: Extracting primitive: Cube.899
15:53:45 | INFO: Primitives created: 1
15:53:45 | INFO: Extracting primitive: Cube.900
15:53:45 | INFO: Primitives created: 1
15:53:45 | INFO: Extracting primitive: Cube.901
15:53:45 | INFO: Primitives created: 1
15:53:45 | INFO: Extracting primitive: Cube.902
15:53:45 | INFO: Primitives created: 1
15:53:45 | INFO: Extracting primitive: Cylinder.1266
15:53:45 | INFO: Primitives created: 1
15:53:45 | INFO: Extracting primitive: Cylinder.1267
15:53:45 | INFO: Primitives created: 1
15:53:45 | INFO: Extracting primitive: Cube.923
15:53:45 | INFO: Primitives created: 1
15:53:45 | INFO: Extracting primitive: Cube.924
15:53:45 | INFO: Primitives created: 1
15:53:45 | INFO: Extracting primitive: Cube.925
15:53:45 | INFO: Primitives created: 1
15:53:45 | INFO: Extracting primitive: Cube.926
15:53:45 | INFO: Primitives created: 1
15:53:45 | INFO: Extracting primitive: Cylinder.1276
15:53:45 | INFO: Primitives created: 1
15:53:45 | INFO: Extracting primitive: Cylinder.1278
15:53:45 | INFO: Primitives created: 1
15:53:45 | INFO: Extracting primitive: Cylinder.1287
15:53:45 | INFO: Primitives created: 1
15:53:45 | INFO: Extracting primitive: Cylinder.1289
15:53:45 | INFO: Primitives created: 1
15:53:45 | INFO: Extracting primitive: Cylinder.1275
15:53:45 | INFO: Primitives created: 1
15:53:45 | INFO: Extracting primitive: Cylinder.1272
15:53:45 | INFO: Primitives created: 1
15:53:45 | INFO: Extracting primitive: Cylinder.1274
15:53:45 | INFO: Primitives created: 1
15:53:45 | INFO: Extracting primitive: Cylinder.1282
15:53:45 | INFO: Primitives created: 1
15:53:45 | INFO: Extracting primitive: hinge-pin-pull-eye.068
15:53:45 | INFO: Primitives created: 1
15:53:45 | INFO: Extracting primitive: leaf-hinge-knuckle.052
15:53:45 | INFO: Primitives created: 1
15:53:45 | INFO: Extracting primitive: Cylinder.1280
15:53:45 | INFO: Primitives created: 1
15:53:45 | INFO: Extracting primitive: Cube.932
15:53:45 | INFO: Primitives created: 1
15:53:45 | INFO: Extracting primitive: Cube.929
15:53:45 | INFO: Primitives created: 1
15:53:45 | INFO: Extracting primitive: Cube.927
15:53:45 | INFO: Primitives created: 1
15:53:45 | INFO: Extracting primitive: Cube.928
15:53:45 | INFO: Primitives created: 1
15:53:45 | INFO: Extracting primitive: Cylinder.1286
15:53:45 | INFO: Primitives created: 1
15:53:45 | INFO: Extracting primitive: Cylinder.1283
15:53:45 | INFO: Primitives created: 1
15:53:45 | INFO: Extracting primitive: Cylinder.1285
15:53:45 | INFO: Primitives created: 1
15:53:45 | INFO: Extracting primitive: Cylinder.1293
15:53:45 | INFO: Primitives created: 1
15:53:45 | INFO: Extracting primitive: hinge-pin-pull-eye.069
15:53:45 | INFO: Primitives created: 1
15:53:45 | INFO: Extracting primitive: leaf-hinge-knuckle.053
15:53:45 | INFO: Primitives created: 1
15:53:45 | INFO: Extracting primitive: Cylinder.1291
15:53:45 | INFO: Primitives created: 1
15:53:45 | INFO: Extracting primitive: Cube.938
15:53:45 | INFO: Primitives created: 1
15:53:45 | INFO: Extracting primitive: Cube.935
15:53:45 | INFO: Primitives created: 1
15:53:45 | INFO: Extracting primitive: Cube.933
15:53:45 | INFO: Primitives created: 1
15:53:45 | INFO: Extracting primitive: Cube.934
15:53:45 | INFO: Primitives created: 1
15:53:45 | INFO: Extracting primitive: Cylinder.1271
15:53:45 | INFO: Primitives created: 1
15:53:45 | INFO: Extracting primitive: Cylinder.1270
15:53:45 | INFO: Primitives created: 1
15:53:45 | INFO: Extracting primitive: Cylinder.1268
15:53:45 | INFO: Primitives created: 1
15:53:45 | INFO: Extracting primitive: Cylinder.1269
15:53:45 | INFO: Primitives created: 1
15:53:45 | INFO: Extracting primitive: Cube.930
15:53:45 | INFO: Primitives created: 1
15:53:45 | INFO: Extracting primitive: Cube.931
15:53:45 | INFO: Primitives created: 1
15:53:45 | INFO: Extracting primitive: Cube.936
15:53:45 | INFO: Primitives created: 1
15:53:45 | INFO: Extracting primitive: Cube.937
15:53:45 | INFO: Primitives created: 1
15:53:45 | INFO: Extracting primitive: Cube.919
15:53:45 | INFO: Primitives created: 1
15:53:45 | INFO: Extracting primitive: Cube.920
15:53:45 | INFO: Primitives created: 1
15:53:45 | INFO: Extracting primitive: Cube.921
15:53:45 | INFO: Primitives created: 1
15:53:45 | INFO: Extracting primitive: Cube.922
15:53:45 | INFO: Primitives created: 1
15:53:45 | INFO: Extracting primitive: Cylinder.1294
15:53:45 | INFO: Primitives created: 1
15:53:45 | INFO: Extracting primitive: Cylinder.1295
15:53:45 | INFO: Primitives created: 1
15:53:45 | INFO: Extracting primitive: Cube.943
15:53:45 | INFO: Primitives created: 1
15:53:45 | INFO: Extracting primitive: Cube.944
15:53:45 | INFO: Primitives created: 1
15:53:45 | INFO: Extracting primitive: Cube.945
15:53:45 | INFO: Primitives created: 1
15:53:45 | INFO: Extracting primitive: Cube.946
15:53:45 | INFO: Primitives created: 1
15:53:45 | INFO: Extracting primitive: Cylinder.1305
15:53:45 | INFO: Primitives created: 1
15:53:45 | INFO: Extracting primitive: Cylinder.1307
15:53:45 | INFO: Primitives created: 1
15:53:45 | INFO: Extracting primitive: Cylinder.1319
15:53:45 | INFO: Primitives created: 1
15:53:45 | INFO: Extracting primitive: Cylinder.1321
15:53:45 | INFO: Primitives created: 1
15:53:45 | INFO: Extracting primitive: Cylinder.1303
15:53:45 | INFO: Primitives created: 1
15:53:45 | INFO: Extracting primitive: Cylinder.1300
15:53:45 | INFO: Primitives created: 1
15:53:45 | INFO: Extracting primitive: Cylinder.1302
15:53:45 | INFO: Primitives created: 1
15:53:45 | INFO: Extracting primitive: axial-control-eye.017
15:53:45 | INFO: Primitives created: 1
15:53:45 | INFO: Extracting primitive: Cylinder.1313
15:53:45 | INFO: Primitives created: 1
15:53:45 | INFO: Extracting primitive: Cylinder.1312
15:53:45 | INFO: Primitives created: 1
15:53:45 | INFO: Extracting primitive: Cylinder.1311
15:53:45 | INFO: Primitives created: 1
15:53:45 | INFO: Extracting primitive: hinge-pin-pull-eye.070
15:53:45 | INFO: Primitives created: 1
15:53:45 | INFO: Extracting primitive: leaf-hinge-knuckle.054
15:53:45 | INFO: Primitives created: 1
15:53:45 | INFO: Extracting primitive: Cylinder.1309
15:53:45 | INFO: Primitives created: 1
15:53:45 | INFO: Extracting primitive: Cube.952
15:53:45 | INFO: Primitives created: 1
15:53:45 | INFO: Extracting primitive: Cube.949
15:53:45 | INFO: Primitives created: 1
15:53:45 | INFO: Extracting primitive: Cube.947
15:53:45 | INFO: Primitives created: 1
15:53:45 | INFO: Extracting primitive: Cube.948
15:53:45 | INFO: Primitives created: 1
15:53:45 | INFO: Extracting primitive: Cylinder.1317
15:53:45 | INFO: Primitives created: 1
15:53:45 | INFO: Extracting primitive: Cylinder.1314
15:53:45 | INFO: Primitives created: 1
15:53:45 | INFO: Extracting primitive: Cylinder.1316
15:53:45 | INFO: Primitives created: 1
15:53:45 | INFO: Extracting primitive: Cylinder.1325
15:53:45 | INFO: Primitives created: 1
15:53:45 | INFO: Extracting primitive: hinge-pin-pull-eye.071
15:53:45 | INFO: Primitives created: 1
15:53:45 | INFO: Extracting primitive: leaf-hinge-knuckle.055
15:53:45 | INFO: Primitives created: 1
15:53:45 | INFO: Extracting primitive: Cylinder.1323
15:53:45 | INFO: Primitives created: 1
15:53:45 | INFO: Extracting primitive: Cube.958
15:53:45 | INFO: Primitives created: 1
15:53:45 | INFO: Extracting primitive: Cube.955
15:53:45 | INFO: Primitives created: 1
15:53:45 | INFO: Extracting primitive: Cube.953
15:53:45 | INFO: Primitives created: 1
15:53:45 | INFO: Extracting primitive: Cube.954
15:53:45 | INFO: Primitives created: 1
15:53:45 | INFO: Extracting primitive: Cylinder.1299
15:53:45 | INFO: Primitives created: 1
15:53:45 | INFO: Extracting primitive: Cylinder.1298
15:53:45 | INFO: Primitives created: 1
15:53:45 | INFO: Extracting primitive: Cylinder.1296
15:53:45 | INFO: Primitives created: 1
15:53:45 | INFO: Extracting primitive: Cylinder.1297
15:53:45 | INFO: Primitives created: 1
15:53:45 | INFO: Extracting primitive: Cube.950
15:53:45 | INFO: Primitives created: 1
15:53:45 | INFO: Extracting primitive: Cube.951
15:53:45 | INFO: Primitives created: 1
15:53:45 | INFO: Extracting primitive: Cube.956
15:53:45 | INFO: Primitives created: 1
15:53:45 | INFO: Extracting primitive: Cube.957
15:53:45 | INFO: Primitives created: 1
15:53:45 | INFO: Extracting primitive: Cube.939
15:53:45 | INFO: Primitives created: 1
15:53:45 | INFO: Extracting primitive: Cube.940
15:53:45 | INFO: Primitives created: 1
15:53:45 | INFO: Extracting primitive: Cube.941
15:53:45 | INFO: Primitives created: 1
15:53:45 | INFO: Extracting primitive: Cube.942
15:53:45 | INFO: Primitives created: 1
15:53:45 | INFO: Extracting primitive: Cylinder.1342
15:53:45 | INFO: Primitives created: 1
15:53:45 | INFO: Extracting primitive: Cylinder.1343
15:53:45 | INFO: Primitives created: 1
15:53:45 | INFO: Extracting primitive: Cylinder.1344
15:53:45 | INFO: Primitives created: 1
15:53:45 | INFO: Extracting primitive: Cylinder.1345
15:53:45 | INFO: Primitives created: 1
15:53:45 | INFO: Extracting primitive: Cylinder.1346
15:53:45 | INFO: Primitives created: 1
15:53:45 | INFO: Extracting primitive: Cylinder.1347
15:53:45 | INFO: Primitives created: 1
15:53:45 | INFO: Extracting primitive: Cylinder.1348
15:53:45 | INFO: Primitives created: 1
15:53:45 | INFO: Extracting primitive: Cylinder.1349
15:53:45 | INFO: Primitives created: 1
15:53:45 | INFO: Extracting primitive: Cube.974
15:53:45 | INFO: Primitives created: 1
15:53:45 | INFO: Extracting primitive: Cube.976
15:53:45 | INFO: Primitives created: 1
15:53:45 | INFO: Extracting primitive: Cylinder.1350
15:53:45 | INFO: Primitives created: 1
15:53:45 | INFO: Extracting primitive: Cylinder.1351
15:53:45 | INFO: Primitives created: 1
15:53:45 | INFO: Extracting primitive: Cylinder.1352
15:53:45 | INFO: Primitives created: 1
15:53:45 | INFO: Extracting primitive: Cylinder.1353
15:53:45 | INFO: Primitives created: 1
15:53:45 | INFO: Extracting primitive: Cylinder.1354
15:53:45 | INFO: Primitives created: 1
15:53:45 | INFO: Extracting primitive: Cylinder.1355
15:53:45 | INFO: Primitives created: 1
15:53:45 | INFO: Extracting primitive: Cylinder.1356
15:53:45 | INFO: Primitives created: 1
15:53:45 | INFO: Extracting primitive: Cylinder.1357
15:53:45 | INFO: Primitives created: 1
15:53:45 | INFO: Extracting primitive: Cylinder.1358
15:53:45 | INFO: Primitives created: 1
15:53:45 | INFO: Extracting primitive: Cylinder.1359
15:53:45 | INFO: Primitives created: 1
15:53:45 | INFO: Extracting primitive: Cylinder.1360
15:53:45 | INFO: Primitives created: 1
15:53:45 | INFO: Extracting primitive: Cylinder.1361
15:53:45 | INFO: Primitives created: 1
15:53:45 | INFO: Extracting primitive: Cylinder.1362
15:53:45 | INFO: Primitives created: 1
15:53:45 | INFO: Extracting primitive: Cylinder.1363
15:53:45 | INFO: Primitives created: 1
15:53:45 | INFO: Extracting primitive: Cylinder.1364
15:53:45 | INFO: Primitives created: 1
15:53:45 | INFO: Extracting primitive: Cylinder.1365
15:53:45 | INFO: Primitives created: 1
15:53:45 | INFO: Extracting primitive: Cylinder.1366
15:53:45 | INFO: Primitives created: 1
15:53:45 | INFO: Extracting primitive: Cylinder.1367
15:53:45 | INFO: Primitives created: 1
15:53:45 | INFO: Extracting primitive: Cylinder.1368
15:53:45 | INFO: Primitives created: 1
15:53:45 | INFO: Extracting primitive: Cylinder.1369
15:53:45 | INFO: Primitives created: 1
15:53:45 | INFO: Extracting primitive: Cylinder.1370
15:53:45 | INFO: Primitives created: 1
15:53:45 | INFO: Extracting primitive: Cylinder.1371
15:53:45 | INFO: Primitives created: 1
15:53:45 | INFO: Extracting primitive: Cylinder.1372
15:53:45 | INFO: Primitives created: 1
15:53:45 | INFO: Extracting primitive: Cylinder.1373
15:53:45 | INFO: Primitives created: 1
15:53:45 | INFO: Extracting primitive: Cube.973
15:53:45 | INFO: Primitives created: 1
15:53:45 | INFO: Extracting primitive: Cube.975
15:53:45 | INFO: Primitives created: 1
15:53:45 | INFO: Extracting primitive: Cube.875
15:53:45 | INFO: Primitives created: 1
15:53:45 | INFO: Extracting primitive: Cube.876
15:53:45 | INFO: Primitives created: 1
15:53:45 | INFO: Extracting primitive: Cylinder.1188
15:53:45 | INFO: Primitives created: 1
15:53:45 | INFO: Extracting primitive: head-bearing-lower.008
15:53:45 | INFO: Primitives created: 1
15:53:45 | INFO: Extracting primitive: Cylinder.1201
15:53:45 | INFO: Primitives created: 1
15:53:45 | INFO: Extracting primitive: Cylinder.1189
15:53:45 | INFO: Primitives created: 1
15:53:45 | INFO: Extracting primitive: Cylinder.1190
15:53:45 | INFO: Primitives created: 1
15:53:45 | INFO: Extracting primitive: Cylinder.1191
15:53:45 | INFO: Primitives created: 1
15:53:45 | INFO: Extracting primitive: Cylinder.1192
15:53:45 | INFO: Primitives created: 1
15:53:45 | INFO: Extracting primitive: Cylinder.1193
15:53:45 | INFO: Primitives created: 1
15:53:45 | INFO: Extracting primitive: Cylinder.1194
15:53:45 | INFO: Primitives created: 1
15:53:45 | INFO: Extracting primitive: Cylinder.1195
15:53:45 | INFO: Primitives created: 1
15:53:45 | INFO: Extracting primitive: Cylinder.1196
15:53:45 | INFO: Primitives created: 1
15:53:45 | INFO: Extracting primitive: Cylinder.1197
15:53:45 | INFO: Primitives created: 1
15:53:45 | INFO: Extracting primitive: Cylinder.1198
15:53:45 | INFO: Primitives created: 1
15:53:45 | INFO: Extracting primitive: Cylinder.1199
15:53:45 | INFO: Primitives created: 1
15:53:45 | INFO: Extracting primitive: Cylinder.1200
15:53:45 | INFO: Primitives created: 1
15:53:45 | INFO: Extracting primitive: jib-tip-sheave.008
15:53:45 | INFO: Primitives created: 1
15:53:45 | INFO: Extracting primitive: Cube.877
15:53:45 | INFO: Primitives created: 1
15:53:45 | INFO: Extracting primitive: Cube.878
15:53:45 | INFO: Primitives created: 1
15:53:45 | INFO: Extracting primitive: Cylinder.1202
15:53:45 | INFO: Primitives created: 1
15:53:45 | INFO: Extracting primitive: Cylinder.1205
15:53:45 | INFO: Primitives created: 1
15:53:45 | INFO: Extracting primitive: Cylinder.1203
15:53:45 | INFO: Primitives created: 1
15:53:45 | INFO: Extracting primitive: Cylinder.1204
15:53:45 | INFO: Primitives created: 1
15:53:45 | INFO: Extracting primitive: moving-lug-eye.008
15:53:45 | INFO: Primitives created: 1
15:53:45 | INFO: Extracting primitive: Cylinder.1186
15:53:45 | INFO: Primitives created: 1
15:53:45 | INFO: Extracting primitive: Cylinder.1187
15:53:45 | INFO: Primitives created: 1
15:53:45 | INFO: Extracting primitive: Cube.872
15:53:45 | INFO: Primitives created: 1
15:53:45 | INFO: Extracting primitive: Cube.873
15:53:45 | INFO: Primitives created: 1
15:53:45 | INFO: Extracting primitive: Cube.870
15:53:45 | INFO: Primitives created: 1
15:53:45 | INFO: Extracting primitive: Cube.871
15:53:45 | INFO: Primitives created: 1
15:53:45 | INFO: Extracting primitive: Cube.874
15:53:45 | INFO: Primitives created: 1
15:53:45 | INFO: Extracting primitive: Retained hoist hitch.005
15:53:45 | INFO: Primitives created: 1
15:53:45 | INFO: Extracting primitive: Cube.869
15:53:45 | INFO: Primitives created: 1
15:53:46 | INFO: Finished glTF 2.0 export in 0.3218419551849365 s
54:29.814  render           | Saved: '/Users/hina/Documents/Experience-Intelligence-Domain/wonderforge/artifacts/eiffel-gin-pole-climb-2026-09-08/renders/gin-pole-climb-context.png'

15:55:32 | INFO: Starting glTF 2.0 export
15:55:32 | INFO: Extracting primitive: Cylinder.1530
15:55:32 | INFO: Primitives created: 1
15:55:32 | INFO: Extracting primitive: east-guide-sheave-flange.012
15:55:32 | INFO: Primitives created: 1
15:55:32 | INFO: Extracting primitive: east-guide-sheave-flange.013
15:55:32 | INFO: Primitives created: 1
15:55:32 | INFO: Extracting primitive: east-guide-sheave-groove-floor.006
15:55:32 | INFO: Primitives created: 1
15:55:32 | INFO: Extracting primitive: Cube.1077
15:55:32 | INFO: Primitives created: 1
15:55:32 | INFO: Extracting primitive: Cube.1078
15:55:32 | INFO: Primitives created: 1
15:55:32 | INFO: Extracting primitive: Cube.1079
15:55:32 | INFO: Primitives created: 1
15:55:32 | INFO: Extracting primitive: Cube.1080
15:55:32 | INFO: Primitives created: 1
15:55:32 | INFO: Extracting primitive: Cylinder.1531
15:55:32 | INFO: Primitives created: 1
15:55:32 | INFO: Extracting primitive: east-upper-guide-sheave-flange.012
15:55:32 | INFO: Primitives created: 1
15:55:32 | INFO: Extracting primitive: east-upper-guide-sheave-flange.013
15:55:32 | INFO: Primitives created: 1
15:55:32 | INFO: Extracting primitive: east-upper-guide-sheave-groove-floor.006
15:55:32 | INFO: Primitives created: 1
15:55:32 | INFO: Extracting primitive: climb-input-crank-involute.008
15:55:32 | INFO: Primitives created: 1
15:55:32 | INFO: Extracting primitive: Cylinder.1525
15:55:32 | INFO: Primitives created: 1
15:55:32 | INFO: Extracting primitive: Cylinder.1526
15:55:32 | INFO: Primitives created: 1
15:55:32 | INFO: Extracting primitive: Cylinder.1524
15:55:32 | INFO: Primitives created: 1
15:55:32 | INFO: Extracting primitive: climb-output-gear-involute.008
15:55:32 | INFO: Primitives created: 1
15:55:32 | INFO: Extracting primitive: Cylinder.1527
15:55:32 | INFO: Primitives created: 1
15:55:32 | INFO: Extracting primitive: Cylinder.1528
15:55:32 | INFO: Primitives created: 1
15:55:32 | INFO: Extracting primitive: climb-ratchet-wheel-involute.008
15:55:32 | INFO: Primitives created: 1
15:55:32 | INFO: Extracting primitive: Cube.1075
15:55:32 | INFO: Primitives created: 1
15:55:32 | INFO: Extracting primitive: Cube.1076
15:55:32 | INFO: Primitives created: 1
15:55:32 | INFO: Extracting primitive: Cylinder.1529
15:55:32 | INFO: Primitives created: 1
15:55:32 | INFO: Extracting primitive: west-guide-sheave-flange.012
15:55:32 | INFO: Primitives created: 1
15:55:32 | INFO: Extracting primitive: west-guide-sheave-flange.013
15:55:32 | INFO: Primitives created: 1
15:55:32 | INFO: Extracting primitive: west-guide-sheave-groove-floor.006
15:55:32 | INFO: Primitives created: 1
15:55:32 | INFO: Extracting primitive: Cylinder.1523
15:55:32 | INFO: Primitives created: 1
15:55:32 | INFO: Extracting primitive: winch-rope-flange.018
15:55:32 | INFO: Primitives created: 1
15:55:32 | INFO: Extracting primitive: winch-rope-flange.019
15:55:32 | INFO: Primitives created: 1
15:55:32 | INFO: Extracting primitive: Cube.1068
15:55:32 | INFO: Primitives created: 1
15:55:32 | INFO: Extracting primitive: Cube.1070
15:55:32 | INFO: Primitives created: 1
15:55:32 | INFO: Extracting primitive: Cube.1067
15:55:32 | INFO: Primitives created: 1
15:55:32 | INFO: Extracting primitive: Cube.1069
15:55:32 | INFO: Primitives created: 1
15:55:32 | INFO: Extracting primitive: Cube.1071
15:55:32 | INFO: Primitives created: 1
15:55:32 | INFO: Extracting primitive: Cylinder.1521
15:55:32 | INFO: Primitives created: 1
15:55:32 | INFO: Extracting primitive: Cylinder.1522
15:55:32 | INFO: Primitives created: 1
15:55:32 | INFO: Extracting primitive: Cube.1073
15:55:32 | INFO: Primitives created: 1
15:55:32 | INFO: Extracting primitive: Cube.1074
15:55:32 | INFO: Primitives created: 1
15:55:32 | INFO: Extracting primitive: Cylinder.1519
15:55:32 | INFO: Primitives created: 1
15:55:32 | INFO: Extracting primitive: Cylinder.1520
15:55:32 | INFO: Primitives created: 1
15:55:32 | INFO: Extracting primitive: Cylinder.1516
15:55:32 | INFO: Primitives created: 1
15:55:32 | INFO: Extracting primitive: Cylinder.1517
15:55:32 | INFO: Primitives created: 1
15:55:32 | INFO: Extracting primitive: Cylinder.1518
15:55:32 | INFO: Primitives created: 1
15:55:32 | INFO: Extracting primitive: Cube.1072
15:55:32 | INFO: Primitives created: 1
15:55:32 | INFO: Extracting primitive: Cylinder.1396
15:55:32 | INFO: Primitives created: 1
15:55:32 | INFO: Extracting primitive: Cylinder.1397
15:55:32 | INFO: Primitives created: 1
15:55:32 | INFO: Extracting primitive: Cube.991
15:55:32 | INFO: Primitives created: 1
15:55:32 | INFO: Extracting primitive: Cube.992
15:55:32 | INFO: Primitives created: 1
15:55:32 | INFO: Extracting primitive: Cube.993
15:55:32 | INFO: Primitives created: 1
15:55:32 | INFO: Extracting primitive: Cube.994
15:55:32 | INFO: Primitives created: 1
15:55:32 | INFO: Extracting primitive: Cylinder.1406
15:55:32 | INFO: Primitives created: 1
15:55:32 | INFO: Extracting primitive: Cylinder.1408
15:55:32 | INFO: Primitives created: 1
15:55:32 | INFO: Extracting primitive: Cylinder.1417
15:55:32 | INFO: Primitives created: 1
15:55:32 | INFO: Extracting primitive: Cylinder.1419
15:55:32 | INFO: Primitives created: 1
15:55:32 | INFO: Extracting primitive: Cylinder.1405
15:55:32 | INFO: Primitives created: 1
15:55:32 | INFO: Extracting primitive: Cylinder.1402
15:55:32 | INFO: Primitives created: 1
15:55:32 | INFO: Extracting primitive: Cylinder.1404
15:55:32 | INFO: Primitives created: 1
15:55:32 | INFO: Extracting primitive: Cylinder.1412
15:55:32 | INFO: Primitives created: 1
15:55:32 | INFO: Extracting primitive: hinge-pin-pull-eye.072
15:55:32 | INFO: Primitives created: 1
15:55:32 | INFO: Extracting primitive: leaf-hinge-knuckle.056
15:55:32 | INFO: Primitives created: 1
15:55:32 | INFO: Extracting primitive: Cylinder.1410
15:55:32 | INFO: Primitives created: 1
15:55:32 | INFO: Extracting primitive: Cube.1000
15:55:32 | INFO: Primitives created: 1
15:55:32 | INFO: Extracting primitive: Cube.997
15:55:32 | INFO: Primitives created: 1
15:55:32 | INFO: Extracting primitive: Cube.995
15:55:32 | INFO: Primitives created: 1
15:55:32 | INFO: Extracting primitive: Cube.996
15:55:32 | INFO: Primitives created: 1
15:55:32 | INFO: Extracting primitive: Cylinder.1416
15:55:32 | INFO: Primitives created: 1
15:55:32 | INFO: Extracting primitive: Cylinder.1413
15:55:32 | INFO: Primitives created: 1
15:55:32 | INFO: Extracting primitive: Cylinder.1415
15:55:32 | INFO: Primitives created: 1
15:55:32 | INFO: Extracting primitive: Cylinder.1423
15:55:32 | INFO: Primitives created: 1
15:55:32 | INFO: Extracting primitive: hinge-pin-pull-eye.073
15:55:32 | INFO: Primitives created: 1
15:55:32 | INFO: Extracting primitive: leaf-hinge-knuckle.057
15:55:32 | INFO: Primitives created: 1
15:55:32 | INFO: Extracting primitive: Cylinder.1421
15:55:32 | INFO: Primitives created: 1
15:55:32 | INFO: Extracting primitive: Cube.1006
15:55:32 | INFO: Primitives created: 1
15:55:32 | INFO: Extracting primitive: Cube.1003
15:55:32 | INFO: Primitives created: 1
15:55:32 | INFO: Extracting primitive: Cube.1001
15:55:32 | INFO: Primitives created: 1
15:55:32 | INFO: Extracting primitive: Cube.1002
15:55:32 | INFO: Primitives created: 1
15:55:32 | INFO: Extracting primitive: Cylinder.1401
15:55:32 | INFO: Primitives created: 1
15:55:32 | INFO: Extracting primitive: Cylinder.1400
15:55:32 | INFO: Primitives created: 1
15:55:32 | INFO: Extracting primitive: Cylinder.1398
15:55:32 | INFO: Primitives created: 1
15:55:32 | INFO: Extracting primitive: Cylinder.1399
15:55:32 | INFO: Primitives created: 1
15:55:32 | INFO: Extracting primitive: Cube.998
15:55:32 | INFO: Primitives created: 1
15:55:32 | INFO: Extracting primitive: Cube.999
15:55:32 | INFO: Primitives created: 1
15:55:32 | INFO: Extracting primitive: Cube.1004
15:55:32 | INFO: Primitives created: 1
15:55:32 | INFO: Extracting primitive: Cube.1005
15:55:32 | INFO: Primitives created: 1
15:55:32 | INFO: Extracting primitive: Cube.987
15:55:32 | INFO: Primitives created: 1
15:55:32 | INFO: Extracting primitive: Cube.988
15:55:32 | INFO: Primitives created: 1
15:55:32 | INFO: Extracting primitive: Cube.989
15:55:32 | INFO: Primitives created: 1
15:55:32 | INFO: Extracting primitive: Cube.990
15:55:32 | INFO: Primitives created: 1
15:55:32 | INFO: Extracting primitive: Cylinder.1424
15:55:32 | INFO: Primitives created: 1
15:55:32 | INFO: Extracting primitive: Cylinder.1425
15:55:32 | INFO: Primitives created: 1
15:55:32 | INFO: Extracting primitive: Cube.1011
15:55:32 | INFO: Primitives created: 1
15:55:32 | INFO: Extracting primitive: Cube.1012
15:55:32 | INFO: Primitives created: 1
15:55:32 | INFO: Extracting primitive: Cube.1013
15:55:32 | INFO: Primitives created: 1
15:55:32 | INFO: Extracting primitive: Cube.1014
15:55:32 | INFO: Primitives created: 1
15:55:32 | INFO: Extracting primitive: Cylinder.1435
15:55:32 | INFO: Primitives created: 1
15:55:32 | INFO: Extracting primitive: Cylinder.1437
15:55:32 | INFO: Primitives created: 1
15:55:32 | INFO: Extracting primitive: Cylinder.1449
15:55:32 | INFO: Primitives created: 1
15:55:32 | INFO: Extracting primitive: Cylinder.1451
15:55:32 | INFO: Primitives created: 1
15:55:32 | INFO: Extracting primitive: Cylinder.1433
15:55:32 | INFO: Primitives created: 1
15:55:32 | INFO: Extracting primitive: Cylinder.1430
15:55:32 | INFO: Primitives created: 1
15:55:32 | INFO: Extracting primitive: Cylinder.1432
15:55:32 | INFO: Primitives created: 1
15:55:33 | INFO: Extracting primitive: axial-control-eye.018
15:55:33 | INFO: Primitives created: 1
15:55:33 | INFO: Extracting primitive: Cylinder.1443
15:55:33 | INFO: Primitives created: 1
15:55:33 | INFO: Extracting primitive: Cylinder.1442
15:55:33 | INFO: Primitives created: 1
15:55:33 | INFO: Extracting primitive: Cylinder.1441
15:55:33 | INFO: Primitives created: 1
15:55:33 | INFO: Extracting primitive: hinge-pin-pull-eye.074
15:55:33 | INFO: Primitives created: 1
15:55:33 | INFO: Extracting primitive: leaf-hinge-knuckle.058
15:55:33 | INFO: Primitives created: 1
15:55:33 | INFO: Extracting primitive: Cylinder.1439
15:55:33 | INFO: Primitives created: 1
15:55:33 | INFO: Extracting primitive: Cube.1020
15:55:33 | INFO: Primitives created: 1
15:55:33 | INFO: Extracting primitive: Cube.1017
15:55:33 | INFO: Primitives created: 1
15:55:33 | INFO: Extracting primitive: Cube.1015
15:55:33 | INFO: Primitives created: 1
15:55:33 | INFO: Extracting primitive: Cube.1016
15:55:33 | INFO: Primitives created: 1
15:55:33 | INFO: Extracting primitive: Cylinder.1447
15:55:33 | INFO: Primitives created: 1
15:55:33 | INFO: Extracting primitive: Cylinder.1444
15:55:33 | INFO: Primitives created: 1
15:55:33 | INFO: Extracting primitive: Cylinder.1446
15:55:33 | INFO: Primitives created: 1
15:55:33 | INFO: Extracting primitive: Cylinder.1455
15:55:33 | INFO: Primitives created: 1
15:55:33 | INFO: Extracting primitive: hinge-pin-pull-eye.075
15:55:33 | INFO: Primitives created: 1
15:55:33 | INFO: Extracting primitive: leaf-hinge-knuckle.059
15:55:33 | INFO: Primitives created: 1
15:55:33 | INFO: Extracting primitive: Cylinder.1453
15:55:33 | INFO: Primitives created: 1
15:55:33 | INFO: Extracting primitive: Cube.1026
15:55:33 | INFO: Primitives created: 1
15:55:33 | INFO: Extracting primitive: Cube.1023
15:55:33 | INFO: Primitives created: 1
15:55:33 | INFO: Extracting primitive: Cube.1021
15:55:33 | INFO: Primitives created: 1
15:55:33 | INFO: Extracting primitive: Cube.1022
15:55:33 | INFO: Primitives created: 1
15:55:33 | INFO: Extracting primitive: Cylinder.1429
15:55:33 | INFO: Primitives created: 1
15:55:33 | INFO: Extracting primitive: Cylinder.1428
15:55:33 | INFO: Primitives created: 1
15:55:33 | INFO: Extracting primitive: Cylinder.1426
15:55:33 | INFO: Primitives created: 1
15:55:33 | INFO: Extracting primitive: Cylinder.1427
15:55:33 | INFO: Primitives created: 1
15:55:33 | INFO: Extracting primitive: Cube.1018
15:55:33 | INFO: Primitives created: 1
15:55:33 | INFO: Extracting primitive: Cube.1019
15:55:33 | INFO: Primitives created: 1
15:55:33 | INFO: Extracting primitive: Cube.1024
15:55:33 | INFO: Primitives created: 1
15:55:33 | INFO: Extracting primitive: Cube.1025
15:55:33 | INFO: Primitives created: 1
15:55:33 | INFO: Extracting primitive: Cube.1007
15:55:33 | INFO: Primitives created: 1
15:55:33 | INFO: Extracting primitive: Cube.1008
15:55:33 | INFO: Primitives created: 1
15:55:33 | INFO: Extracting primitive: Cube.1009
15:55:33 | INFO: Primitives created: 1
15:55:33 | INFO: Extracting primitive: Cube.1010
15:55:33 | INFO: Primitives created: 1
15:55:33 | INFO: Extracting primitive: Cylinder.1456
15:55:33 | INFO: Primitives created: 1
15:55:33 | INFO: Extracting primitive: Cylinder.1457
15:55:33 | INFO: Primitives created: 1
15:55:33 | INFO: Extracting primitive: Cube.1031
15:55:33 | INFO: Primitives created: 1
15:55:33 | INFO: Extracting primitive: Cube.1032
15:55:33 | INFO: Primitives created: 1
15:55:33 | INFO: Extracting primitive: Cube.1033
15:55:33 | INFO: Primitives created: 1
15:55:33 | INFO: Extracting primitive: Cube.1034
15:55:33 | INFO: Primitives created: 1
15:55:33 | INFO: Extracting primitive: Cylinder.1466
15:55:33 | INFO: Primitives created: 1
15:55:33 | INFO: Extracting primitive: Cylinder.1468
15:55:33 | INFO: Primitives created: 1
15:55:33 | INFO: Extracting primitive: Cylinder.1477
15:55:33 | INFO: Primitives created: 1
15:55:33 | INFO: Extracting primitive: Cylinder.1479
15:55:33 | INFO: Primitives created: 1
15:55:33 | INFO: Extracting primitive: Cylinder.1465
15:55:33 | INFO: Primitives created: 1
15:55:33 | INFO: Extracting primitive: Cylinder.1462
15:55:33 | INFO: Primitives created: 1
15:55:33 | INFO: Extracting primitive: Cylinder.1464
15:55:33 | INFO: Primitives created: 1
15:55:33 | INFO: Extracting primitive: Cylinder.1472
15:55:33 | INFO: Primitives created: 1
15:55:33 | INFO: Extracting primitive: hinge-pin-pull-eye.076
15:55:33 | INFO: Primitives created: 1
15:55:33 | INFO: Extracting primitive: leaf-hinge-knuckle.060
15:55:33 | INFO: Primitives created: 1
15:55:33 | INFO: Extracting primitive: Cylinder.1470
15:55:33 | INFO: Primitives created: 1
15:55:33 | INFO: Extracting primitive: Cube.1040
15:55:33 | INFO: Primitives created: 1
15:55:33 | INFO: Extracting primitive: Cube.1037
15:55:33 | INFO: Primitives created: 1
15:55:33 | INFO: Extracting primitive: Cube.1035
15:55:33 | INFO: Primitives created: 1
15:55:33 | INFO: Extracting primitive: Cube.1036
15:55:33 | INFO: Primitives created: 1
15:55:33 | INFO: Extracting primitive: Cylinder.1476
15:55:33 | INFO: Primitives created: 1
15:55:33 | INFO: Extracting primitive: Cylinder.1473
15:55:33 | INFO: Primitives created: 1
15:55:33 | INFO: Extracting primitive: Cylinder.1475
15:55:33 | INFO: Primitives created: 1
15:55:33 | INFO: Extracting primitive: Cylinder.1483
15:55:33 | INFO: Primitives created: 1
15:55:33 | INFO: Extracting primitive: hinge-pin-pull-eye.077
15:55:33 | INFO: Primitives created: 1
15:55:33 | INFO: Extracting primitive: leaf-hinge-knuckle.061
15:55:33 | INFO: Primitives created: 1
15:55:33 | INFO: Extracting primitive: Cylinder.1481
15:55:33 | INFO: Primitives created: 1
15:55:33 | INFO: Extracting primitive: Cube.1046
15:55:33 | INFO: Primitives created: 1
15:55:33 | INFO: Extracting primitive: Cube.1043
15:55:33 | INFO: Primitives created: 1
15:55:33 | INFO: Extracting primitive: Cube.1041
15:55:33 | INFO: Primitives created: 1
15:55:33 | INFO: Extracting primitive: Cube.1042
15:55:33 | INFO: Primitives created: 1
15:55:33 | INFO: Extracting primitive: Cylinder.1461
15:55:33 | INFO: Primitives created: 1
15:55:33 | INFO: Extracting primitive: Cylinder.1460
15:55:33 | INFO: Primitives created: 1
15:55:33 | INFO: Extracting primitive: Cylinder.1458
15:55:33 | INFO: Primitives created: 1
15:55:33 | INFO: Extracting primitive: Cylinder.1459
15:55:33 | INFO: Primitives created: 1
15:55:33 | INFO: Extracting primitive: Cube.1038
15:55:33 | INFO: Primitives created: 1
15:55:33 | INFO: Extracting primitive: Cube.1039
15:55:33 | INFO: Primitives created: 1
15:55:33 | INFO: Extracting primitive: Cube.1044
15:55:33 | INFO: Primitives created: 1
15:55:33 | INFO: Extracting primitive: Cube.1045
15:55:33 | INFO: Primitives created: 1
15:55:33 | INFO: Extracting primitive: Cube.1027
15:55:33 | INFO: Primitives created: 1
15:55:33 | INFO: Extracting primitive: Cube.1028
15:55:33 | INFO: Primitives created: 1
15:55:33 | INFO: Extracting primitive: Cube.1029
15:55:33 | INFO: Primitives created: 1
15:55:33 | INFO: Extracting primitive: Cube.1030
15:55:33 | INFO: Primitives created: 1
15:55:33 | INFO: Extracting primitive: Cylinder.1484
15:55:33 | INFO: Primitives created: 1
15:55:33 | INFO: Extracting primitive: Cylinder.1485
15:55:33 | INFO: Primitives created: 1
15:55:33 | INFO: Extracting primitive: Cube.1051
15:55:33 | INFO: Primitives created: 1
15:55:33 | INFO: Extracting primitive: Cube.1052
15:55:33 | INFO: Primitives created: 1
15:55:33 | INFO: Extracting primitive: Cube.1053
15:55:33 | INFO: Primitives created: 1
15:55:33 | INFO: Extracting primitive: Cube.1054
15:55:33 | INFO: Primitives created: 1
15:55:33 | INFO: Extracting primitive: Cylinder.1495
15:55:33 | INFO: Primitives created: 1
15:55:33 | INFO: Extracting primitive: Cylinder.1497
15:55:33 | INFO: Primitives created: 1
15:55:33 | INFO: Extracting primitive: Cylinder.1509
15:55:33 | INFO: Primitives created: 1
15:55:33 | INFO: Extracting primitive: Cylinder.1511
15:55:33 | INFO: Primitives created: 1
15:55:33 | INFO: Extracting primitive: Cylinder.1493
15:55:33 | INFO: Primitives created: 1
15:55:33 | INFO: Extracting primitive: Cylinder.1490
15:55:33 | INFO: Primitives created: 1
15:55:33 | INFO: Extracting primitive: Cylinder.1492
15:55:33 | INFO: Primitives created: 1
15:55:33 | INFO: Extracting primitive: axial-control-eye.019
15:55:33 | INFO: Primitives created: 1
15:55:33 | INFO: Extracting primitive: Cylinder.1503
15:55:33 | INFO: Primitives created: 1
15:55:33 | INFO: Extracting primitive: Cylinder.1502
15:55:33 | INFO: Primitives created: 1
15:55:33 | INFO: Extracting primitive: Cylinder.1501
15:55:33 | INFO: Primitives created: 1
15:55:33 | INFO: Extracting primitive: hinge-pin-pull-eye.078
15:55:33 | INFO: Primitives created: 1
15:55:33 | INFO: Extracting primitive: leaf-hinge-knuckle.062
15:55:33 | INFO: Primitives created: 1
15:55:33 | INFO: Extracting primitive: Cylinder.1499
15:55:33 | INFO: Primitives created: 1
15:55:33 | INFO: Extracting primitive: Cube.1060
15:55:33 | INFO: Primitives created: 1
15:55:33 | INFO: Extracting primitive: Cube.1057
15:55:33 | INFO: Primitives created: 1
15:55:33 | INFO: Extracting primitive: Cube.1055
15:55:33 | INFO: Primitives created: 1
15:55:33 | INFO: Extracting primitive: Cube.1056
15:55:33 | INFO: Primitives created: 1
15:55:33 | INFO: Extracting primitive: Cylinder.1507
15:55:33 | INFO: Primitives created: 1
15:55:33 | INFO: Extracting primitive: Cylinder.1504
15:55:33 | INFO: Primitives created: 1
15:55:33 | INFO: Extracting primitive: Cylinder.1506
15:55:33 | INFO: Primitives created: 1
15:55:33 | INFO: Extracting primitive: Cylinder.1515
15:55:33 | INFO: Primitives created: 1
15:55:33 | INFO: Extracting primitive: hinge-pin-pull-eye.079
15:55:33 | INFO: Primitives created: 1
15:55:33 | INFO: Extracting primitive: leaf-hinge-knuckle.063
15:55:33 | INFO: Primitives created: 1
15:55:33 | INFO: Extracting primitive: Cylinder.1513
15:55:33 | INFO: Primitives created: 1
15:55:33 | INFO: Extracting primitive: Cube.1066
15:55:33 | INFO: Primitives created: 1
15:55:33 | INFO: Extracting primitive: Cube.1063
15:55:33 | INFO: Primitives created: 1
15:55:33 | INFO: Extracting primitive: Cube.1061
15:55:33 | INFO: Primitives created: 1
15:55:33 | INFO: Extracting primitive: Cube.1062
15:55:33 | INFO: Primitives created: 1
15:55:33 | INFO: Extracting primitive: Cylinder.1489
15:55:33 | INFO: Primitives created: 1
15:55:33 | INFO: Extracting primitive: Cylinder.1488
15:55:33 | INFO: Primitives created: 1
15:55:33 | INFO: Extracting primitive: Cylinder.1486
15:55:33 | INFO: Primitives created: 1
15:55:33 | INFO: Extracting primitive: Cylinder.1487
15:55:33 | INFO: Primitives created: 1
15:55:33 | INFO: Extracting primitive: Cube.1058
15:55:33 | INFO: Primitives created: 1
15:55:33 | INFO: Extracting primitive: Cube.1059
15:55:33 | INFO: Primitives created: 1
15:55:33 | INFO: Extracting primitive: Cube.1064
15:55:33 | INFO: Primitives created: 1
15:55:33 | INFO: Extracting primitive: Cube.1065
15:55:33 | INFO: Primitives created: 1
15:55:33 | INFO: Extracting primitive: Cube.1047
15:55:33 | INFO: Primitives created: 1
15:55:33 | INFO: Extracting primitive: Cube.1048
15:55:33 | INFO: Primitives created: 1
15:55:33 | INFO: Extracting primitive: Cube.1049
15:55:33 | INFO: Primitives created: 1
15:55:33 | INFO: Extracting primitive: Cube.1050
15:55:33 | INFO: Primitives created: 1
15:55:33 | INFO: Extracting primitive: Cylinder.1532
15:55:33 | INFO: Primitives created: 1
15:55:33 | INFO: Extracting primitive: Cylinder.1533
15:55:33 | INFO: Primitives created: 1
15:55:33 | INFO: Extracting primitive: Cylinder.1534
15:55:33 | INFO: Primitives created: 1
15:55:33 | INFO: Extracting primitive: Cylinder.1535
15:55:33 | INFO: Primitives created: 1
15:55:33 | INFO: Extracting primitive: Cylinder.1536
15:55:33 | INFO: Primitives created: 1
15:55:33 | INFO: Extracting primitive: Cylinder.1537
15:55:33 | INFO: Primitives created: 1
15:55:33 | INFO: Extracting primitive: Cylinder.1538
15:55:33 | INFO: Primitives created: 1
15:55:33 | INFO: Extracting primitive: Cylinder.1539
15:55:33 | INFO: Primitives created: 1
15:55:33 | INFO: Extracting primitive: Cube.1082
15:55:33 | INFO: Primitives created: 1
15:55:33 | INFO: Extracting primitive: Cube.1084
15:55:33 | INFO: Primitives created: 1
15:55:33 | INFO: Extracting primitive: Cylinder.1540
15:55:33 | INFO: Primitives created: 1
15:55:33 | INFO: Extracting primitive: Cylinder.1541
15:55:33 | INFO: Primitives created: 1
15:55:33 | INFO: Extracting primitive: Cylinder.1542
15:55:33 | INFO: Primitives created: 1
15:55:33 | INFO: Extracting primitive: Cylinder.1543
15:55:33 | INFO: Primitives created: 1
15:55:33 | INFO: Extracting primitive: Cylinder.1544
15:55:33 | INFO: Primitives created: 1
15:55:33 | INFO: Extracting primitive: Cylinder.1545
15:55:33 | INFO: Primitives created: 1
15:55:33 | INFO: Extracting primitive: Cylinder.1546
15:55:33 | INFO: Primitives created: 1
15:55:33 | INFO: Extracting primitive: Cylinder.1547
15:55:33 | INFO: Primitives created: 1
15:55:33 | INFO: Extracting primitive: Cylinder.1548
15:55:33 | INFO: Primitives created: 1
15:55:33 | INFO: Extracting primitive: Cylinder.1549
15:55:33 | INFO: Primitives created: 1
15:55:33 | INFO: Extracting primitive: Cylinder.1550
15:55:33 | INFO: Primitives created: 1
15:55:33 | INFO: Extracting primitive: Cylinder.1551
15:55:33 | INFO: Primitives created: 1
15:55:33 | INFO: Extracting primitive: Cylinder.1552
15:55:33 | INFO: Primitives created: 1
15:55:33 | INFO: Extracting primitive: Cylinder.1553
15:55:33 | INFO: Primitives created: 1
15:55:33 | INFO: Extracting primitive: Cylinder.1554
15:55:33 | INFO: Primitives created: 1
15:55:33 | INFO: Extracting primitive: Cylinder.1555
15:55:33 | INFO: Primitives created: 1
15:55:33 | INFO: Extracting primitive: Cylinder.1556
15:55:33 | INFO: Primitives created: 1
15:55:33 | INFO: Extracting primitive: Cylinder.1557
15:55:33 | INFO: Primitives created: 1
15:55:33 | INFO: Extracting primitive: Cylinder.1558
15:55:33 | INFO: Primitives created: 1
15:55:33 | INFO: Extracting primitive: Cylinder.1559
15:55:33 | INFO: Primitives created: 1
15:55:33 | INFO: Extracting primitive: Cylinder.1560
15:55:33 | INFO: Primitives created: 1
15:55:33 | INFO: Extracting primitive: Cylinder.1561
15:55:33 | INFO: Primitives created: 1
15:55:33 | INFO: Extracting primitive: Cylinder.1562
15:55:33 | INFO: Primitives created: 1
15:55:33 | INFO: Extracting primitive: Cylinder.1563
15:55:33 | INFO: Primitives created: 1
15:55:33 | INFO: Extracting primitive: Cube.1081
15:55:33 | INFO: Primitives created: 1
15:55:33 | INFO: Extracting primitive: Cube.1083
15:55:33 | INFO: Primitives created: 1
15:55:33 | INFO: Extracting primitive: Cube.983
15:55:33 | INFO: Primitives created: 1
15:55:33 | INFO: Extracting primitive: Cube.984
15:55:33 | INFO: Primitives created: 1
15:55:33 | INFO: Extracting primitive: Cylinder.1378
15:55:33 | INFO: Primitives created: 1
15:55:33 | INFO: Extracting primitive: head-bearing-lower.009
15:55:33 | INFO: Primitives created: 1
15:55:33 | INFO: Extracting primitive: Cylinder.1391
15:55:33 | INFO: Primitives created: 1
15:55:33 | INFO: Extracting primitive: Cylinder.1379
15:55:33 | INFO: Primitives created: 1
15:55:33 | INFO: Extracting primitive: Cylinder.1380
15:55:33 | INFO: Primitives created: 1
15:55:33 | INFO: Extracting primitive: Cylinder.1381
15:55:33 | INFO: Primitives created: 1
15:55:33 | INFO: Extracting primitive: Cylinder.1382
15:55:33 | INFO: Primitives created: 1
15:55:33 | INFO: Extracting primitive: Cylinder.1383
15:55:33 | INFO: Primitives created: 1
15:55:33 | INFO: Extracting primitive: Cylinder.1384
15:55:33 | INFO: Primitives created: 1
15:55:33 | INFO: Extracting primitive: Cylinder.1385
15:55:33 | INFO: Primitives created: 1
15:55:33 | INFO: Extracting primitive: Cylinder.1386
15:55:33 | INFO: Primitives created: 1
15:55:33 | INFO: Extracting primitive: Cylinder.1387
15:55:33 | INFO: Primitives created: 1
15:55:33 | INFO: Extracting primitive: Cylinder.1388
15:55:33 | INFO: Primitives created: 1
15:55:33 | INFO: Extracting primitive: Cylinder.1389
15:55:33 | INFO: Primitives created: 1
15:55:33 | INFO: Extracting primitive: Cylinder.1390
15:55:33 | INFO: Primitives created: 1
15:55:33 | INFO: Extracting primitive: jib-tip-sheave.009
15:55:33 | INFO: Primitives created: 1
15:55:33 | INFO: Extracting primitive: Cube.985
15:55:33 | INFO: Primitives created: 1
15:55:33 | INFO: Extracting primitive: Cube.986
15:55:33 | INFO: Primitives created: 1
15:55:33 | INFO: Extracting primitive: Cylinder.1392
15:55:33 | INFO: Primitives created: 1
15:55:33 | INFO: Extracting primitive: Cylinder.1395
15:55:33 | INFO: Primitives created: 1
15:55:33 | INFO: Extracting primitive: Cylinder.1393
15:55:33 | INFO: Primitives created: 1
15:55:33 | INFO: Extracting primitive: Cylinder.1394
15:55:33 | INFO: Primitives created: 1
15:55:33 | INFO: Extracting primitive: moving-lug-eye.009
15:55:33 | INFO: Primitives created: 1
15:55:33 | INFO: Extracting primitive: Cylinder.1376
15:55:33 | INFO: Primitives created: 1
15:55:33 | INFO: Extracting primitive: Cylinder.1377
15:55:33 | INFO: Primitives created: 1
15:55:33 | INFO: Extracting primitive: Cube.980
15:55:33 | INFO: Primitives created: 1
15:55:33 | INFO: Extracting primitive: Cube.981
15:55:33 | INFO: Primitives created: 1
15:55:33 | INFO: Extracting primitive: Cube.978
15:55:33 | INFO: Primitives created: 1
15:55:33 | INFO: Extracting primitive: Cube.979
15:55:33 | INFO: Primitives created: 1
15:55:33 | INFO: Extracting primitive: Cube.982
15:55:33 | INFO: Primitives created: 1
15:55:33 | INFO: Extracting primitive: Retained hoist hitch.006
15:55:33 | INFO: Primitives created: 1
15:55:33 | INFO: Extracting primitive: Cube.977
15:55:33 | INFO: Primitives created: 1
15:55:33 | INFO: Finished glTF 2.0 export in 0.30011916160583496 s
56:17.090  render           | Saved: '/Users/hina/Documents/Experience-Intelligence-Domain/wonderforge/artifacts/eiffel-gin-pole-climb-2026-09-08/renders/gin-pole-climb-context.png'

16:00:53 | INFO: Starting glTF 2.0 export
16:00:53 | INFO: Extracting primitive: Cylinder.1874
16:00:53 | INFO: Primitives created: 1
16:00:53 | INFO: Extracting primitive: east-guide-sheave-flange.016
16:00:53 | INFO: Primitives created: 1
16:00:53 | INFO: Extracting primitive: east-guide-sheave-flange.017
16:00:53 | INFO: Primitives created: 1
16:00:53 | INFO: Extracting primitive: east-guide-sheave-groove-floor.008
16:00:53 | INFO: Primitives created: 1
16:00:53 | INFO: Extracting primitive: Cube.1293
16:00:53 | INFO: Primitives created: 1
16:00:53 | INFO: Extracting primitive: Cube.1294
16:00:53 | INFO: Primitives created: 1
16:00:53 | INFO: Extracting primitive: Cube.1295
16:00:53 | INFO: Primitives created: 1
16:00:53 | INFO: Extracting primitive: Cube.1296
16:00:53 | INFO: Primitives created: 1
16:00:53 | INFO: Extracting primitive: Cylinder.1875
16:00:53 | INFO: Primitives created: 1
16:00:53 | INFO: Extracting primitive: east-upper-guide-sheave-flange.016
16:00:53 | INFO: Primitives created: 1
16:00:53 | INFO: Extracting primitive: east-upper-guide-sheave-flange.017
16:00:53 | INFO: Primitives created: 1
16:00:53 | INFO: Extracting primitive: east-upper-guide-sheave-groove-floor.008
16:00:53 | INFO: Primitives created: 1
16:00:53 | INFO: Extracting primitive: climb-input-crank-involute.010
16:00:53 | INFO: Primitives created: 1
16:00:53 | INFO: Extracting primitive: Cylinder.1869
16:00:53 | INFO: Primitives created: 1
16:00:53 | INFO: Extracting primitive: Cylinder.1870
16:00:53 | INFO: Primitives created: 1
16:00:53 | INFO: Extracting primitive: Cylinder.1868
16:00:53 | INFO: Primitives created: 1
16:00:53 | INFO: Extracting primitive: climb-output-gear-involute.010
16:00:53 | INFO: Primitives created: 1
16:00:53 | INFO: Extracting primitive: Cylinder.1871
16:00:53 | INFO: Primitives created: 1
16:00:53 | INFO: Extracting primitive: Cylinder.1872
16:00:53 | INFO: Primitives created: 1
16:00:53 | INFO: Extracting primitive: climb-ratchet-wheel-involute.010
16:00:53 | INFO: Primitives created: 1
16:00:53 | INFO: Extracting primitive: Cube.1291
16:00:53 | INFO: Primitives created: 1
16:00:53 | INFO: Extracting primitive: Cube.1292
16:00:53 | INFO: Primitives created: 1
16:00:53 | INFO: Extracting primitive: Cylinder.1873
16:00:53 | INFO: Primitives created: 1
16:00:53 | INFO: Extracting primitive: west-guide-sheave-flange.016
16:00:53 | INFO: Primitives created: 1
16:00:53 | INFO: Extracting primitive: west-guide-sheave-flange.017
16:00:53 | INFO: Primitives created: 1
16:00:53 | INFO: Extracting primitive: west-guide-sheave-groove-floor.008
16:00:53 | INFO: Primitives created: 1
16:00:53 | INFO: Extracting primitive: Cylinder.1867
16:00:53 | INFO: Primitives created: 1
16:00:53 | INFO: Extracting primitive: winch-rope-flange.022
16:00:53 | INFO: Primitives created: 1
16:00:53 | INFO: Extracting primitive: winch-rope-flange.023
16:00:53 | INFO: Primitives created: 1
16:00:53 | INFO: Extracting primitive: Cube.1284
16:00:53 | INFO: Primitives created: 1
16:00:53 | INFO: Extracting primitive: Cube.1286
16:00:53 | INFO: Primitives created: 1
16:00:53 | INFO: Extracting primitive: Cube.1283
16:00:53 | INFO: Primitives created: 1
16:00:53 | INFO: Extracting primitive: Cube.1285
16:00:53 | INFO: Primitives created: 1
16:00:53 | INFO: Extracting primitive: Cube.1287
16:00:53 | INFO: Primitives created: 1
16:00:53 | INFO: Extracting primitive: Cylinder.1865
16:00:53 | INFO: Primitives created: 1
16:00:53 | INFO: Extracting primitive: Cylinder.1866
16:00:53 | INFO: Primitives created: 1
16:00:53 | INFO: Extracting primitive: Cube.1289
16:00:53 | INFO: Primitives created: 1
16:00:53 | INFO: Extracting primitive: Cube.1290
16:00:53 | INFO: Primitives created: 1
16:00:53 | INFO: Extracting primitive: Cylinder.1863
16:00:53 | INFO: Primitives created: 1
16:00:53 | INFO: Extracting primitive: Cylinder.1864
16:00:53 | INFO: Primitives created: 1
16:00:53 | INFO: Extracting primitive: Cylinder.1858
16:00:53 | INFO: Primitives created: 1
16:00:53 | INFO: Extracting primitive: Cylinder.1859
16:00:53 | INFO: Primitives created: 1
16:00:53 | INFO: Extracting primitive: Cylinder.1861
16:00:53 | INFO: Primitives created: 1
16:00:53 | INFO: Extracting primitive: Cylinder.1862
16:00:53 | INFO: Primitives created: 1
16:00:53 | INFO: Extracting primitive: Cylinder.1860
16:00:53 | INFO: Primitives created: 1
16:00:53 | INFO: Extracting primitive: Cube.1288
16:00:53 | INFO: Primitives created: 1
16:00:53 | INFO: Extracting primitive: Cylinder.1738
16:00:53 | INFO: Primitives created: 1
16:00:53 | INFO: Extracting primitive: Cylinder.1739
16:00:53 | INFO: Primitives created: 1
16:00:53 | INFO: Extracting primitive: Cube.1207
16:00:53 | INFO: Primitives created: 1
16:00:53 | INFO: Extracting primitive: Cube.1208
16:00:53 | INFO: Primitives created: 1
16:00:53 | INFO: Extracting primitive: Cube.1209
16:00:53 | INFO: Primitives created: 1
16:00:53 | INFO: Extracting primitive: Cube.1210
16:00:53 | INFO: Primitives created: 1
16:00:53 | INFO: Extracting primitive: Cylinder.1748
16:00:53 | INFO: Primitives created: 1
16:00:53 | INFO: Extracting primitive: Cylinder.1750
16:00:53 | INFO: Primitives created: 1
16:00:53 | INFO: Extracting primitive: Cylinder.1759
16:00:53 | INFO: Primitives created: 1
16:00:53 | INFO: Extracting primitive: Cylinder.1761
16:00:53 | INFO: Primitives created: 1
16:00:53 | INFO: Extracting primitive: Cylinder.1747
16:00:53 | INFO: Primitives created: 1
16:00:53 | INFO: Extracting primitive: Cylinder.1744
16:00:53 | INFO: Primitives created: 1
16:00:53 | INFO: Extracting primitive: Cylinder.1746
16:00:53 | INFO: Primitives created: 1
16:00:53 | INFO: Extracting primitive: Cylinder.1754
16:00:53 | INFO: Primitives created: 1
16:00:53 | INFO: Extracting primitive: hinge-pin-pull-eye.088
16:00:53 | INFO: Primitives created: 1
16:00:53 | INFO: Extracting primitive: leaf-hinge-knuckle.072
16:00:53 | INFO: Primitives created: 1
16:00:53 | INFO: Extracting primitive: Cylinder.1752
16:00:53 | INFO: Primitives created: 1
16:00:53 | INFO: Extracting primitive: Cube.1216
16:00:53 | INFO: Primitives created: 1
16:00:53 | INFO: Extracting primitive: Cube.1213
16:00:53 | INFO: Primitives created: 1
16:00:53 | INFO: Extracting primitive: Cube.1211
16:00:53 | INFO: Primitives created: 1
16:00:53 | INFO: Extracting primitive: Cube.1212
16:00:53 | INFO: Primitives created: 1
16:00:53 | INFO: Extracting primitive: Cylinder.1758
16:00:53 | INFO: Primitives created: 1
16:00:53 | INFO: Extracting primitive: Cylinder.1755
16:00:53 | INFO: Primitives created: 1
16:00:53 | INFO: Extracting primitive: Cylinder.1757
16:00:53 | INFO: Primitives created: 1
16:00:53 | INFO: Extracting primitive: Cylinder.1765
16:00:53 | INFO: Primitives created: 1
16:00:53 | INFO: Extracting primitive: hinge-pin-pull-eye.089
16:00:53 | INFO: Primitives created: 1
16:00:53 | INFO: Extracting primitive: leaf-hinge-knuckle.073
16:00:53 | INFO: Primitives created: 1
16:00:53 | INFO: Extracting primitive: Cylinder.1763
16:00:53 | INFO: Primitives created: 1
16:00:53 | INFO: Extracting primitive: Cube.1222
16:00:53 | INFO: Primitives created: 1
16:00:53 | INFO: Extracting primitive: Cube.1219
16:00:53 | INFO: Primitives created: 1
16:00:53 | INFO: Extracting primitive: Cube.1217
16:00:53 | INFO: Primitives created: 1
16:00:53 | INFO: Extracting primitive: Cube.1218
16:00:53 | INFO: Primitives created: 1
16:00:53 | INFO: Extracting primitive: Cylinder.1743
16:00:53 | INFO: Primitives created: 1
16:00:53 | INFO: Extracting primitive: Cylinder.1742
16:00:53 | INFO: Primitives created: 1
16:00:53 | INFO: Extracting primitive: Cylinder.1740
16:00:53 | INFO: Primitives created: 1
16:00:53 | INFO: Extracting primitive: Cylinder.1741
16:00:53 | INFO: Primitives created: 1
16:00:53 | INFO: Extracting primitive: Cube.1214
16:00:53 | INFO: Primitives created: 1
16:00:53 | INFO: Extracting primitive: Cube.1215
16:00:53 | INFO: Primitives created: 1
16:00:53 | INFO: Extracting primitive: Cube.1220
16:00:53 | INFO: Primitives created: 1
16:00:53 | INFO: Extracting primitive: Cube.1221
16:00:53 | INFO: Primitives created: 1
16:00:53 | INFO: Extracting primitive: Cube.1203
16:00:53 | INFO: Primitives created: 1
16:00:53 | INFO: Extracting primitive: Cube.1204
16:00:53 | INFO: Primitives created: 1
16:00:53 | INFO: Extracting primitive: Cube.1205
16:00:53 | INFO: Primitives created: 1
16:00:53 | INFO: Extracting primitive: Cube.1206
16:00:53 | INFO: Primitives created: 1
16:00:53 | INFO: Extracting primitive: Cylinder.1766
16:00:53 | INFO: Primitives created: 1
16:00:53 | INFO: Extracting primitive: Cylinder.1767
16:00:53 | INFO: Primitives created: 1
16:00:53 | INFO: Extracting primitive: Cube.1227
16:00:53 | INFO: Primitives created: 1
16:00:53 | INFO: Extracting primitive: Cube.1228
16:00:53 | INFO: Primitives created: 1
16:00:53 | INFO: Extracting primitive: Cube.1229
16:00:53 | INFO: Primitives created: 1
16:00:53 | INFO: Extracting primitive: Cube.1230
16:00:53 | INFO: Primitives created: 1
16:00:53 | INFO: Extracting primitive: Cylinder.1777
16:00:53 | INFO: Primitives created: 1
16:00:53 | INFO: Extracting primitive: Cylinder.1779
16:00:53 | INFO: Primitives created: 1
16:00:53 | INFO: Extracting primitive: Cylinder.1791
16:00:53 | INFO: Primitives created: 1
16:00:53 | INFO: Extracting primitive: Cylinder.1793
16:00:53 | INFO: Primitives created: 1
16:00:53 | INFO: Extracting primitive: Cylinder.1775
16:00:53 | INFO: Primitives created: 1
16:00:53 | INFO: Extracting primitive: Cylinder.1772
16:00:53 | INFO: Primitives created: 1
16:00:53 | INFO: Extracting primitive: Cylinder.1774
16:00:53 | INFO: Primitives created: 1
16:00:53 | INFO: Extracting primitive: axial-control-eye.022
16:00:53 | INFO: Primitives created: 1
16:00:53 | INFO: Extracting primitive: Cylinder.1785
16:00:53 | INFO: Primitives created: 1
16:00:53 | INFO: Extracting primitive: Cylinder.1784
16:00:53 | INFO: Primitives created: 1
16:00:53 | INFO: Extracting primitive: Cylinder.1783
16:00:53 | INFO: Primitives created: 1
16:00:53 | INFO: Extracting primitive: hinge-pin-pull-eye.090
16:00:53 | INFO: Primitives created: 1
16:00:53 | INFO: Extracting primitive: leaf-hinge-knuckle.074
16:00:53 | INFO: Primitives created: 1
16:00:53 | INFO: Extracting primitive: Cylinder.1781
16:00:53 | INFO: Primitives created: 1
16:00:53 | INFO: Extracting primitive: Cube.1236
16:00:53 | INFO: Primitives created: 1
16:00:53 | INFO: Extracting primitive: Cube.1233
16:00:53 | INFO: Primitives created: 1
16:00:53 | INFO: Extracting primitive: Cube.1231
16:00:53 | INFO: Primitives created: 1
16:00:53 | INFO: Extracting primitive: Cube.1232
16:00:53 | INFO: Primitives created: 1
16:00:53 | INFO: Extracting primitive: Cylinder.1789
16:00:53 | INFO: Primitives created: 1
16:00:53 | INFO: Extracting primitive: Cylinder.1786
16:00:53 | INFO: Primitives created: 1
16:00:53 | INFO: Extracting primitive: Cylinder.1788
16:00:53 | INFO: Primitives created: 1
16:00:53 | INFO: Extracting primitive: Cylinder.1797
16:00:53 | INFO: Primitives created: 1
16:00:53 | INFO: Extracting primitive: hinge-pin-pull-eye.091
16:00:53 | INFO: Primitives created: 1
16:00:53 | INFO: Extracting primitive: leaf-hinge-knuckle.075
16:00:53 | INFO: Primitives created: 1
16:00:53 | INFO: Extracting primitive: Cylinder.1795
16:00:53 | INFO: Primitives created: 1
16:00:53 | INFO: Extracting primitive: Cube.1242
16:00:53 | INFO: Primitives created: 1
16:00:53 | INFO: Extracting primitive: Cube.1239
16:00:53 | INFO: Primitives created: 1
16:00:53 | INFO: Extracting primitive: Cube.1237
16:00:53 | INFO: Primitives created: 1
16:00:53 | INFO: Extracting primitive: Cube.1238
16:00:53 | INFO: Primitives created: 1
16:00:53 | INFO: Extracting primitive: Cylinder.1771
16:00:53 | INFO: Primitives created: 1
16:00:53 | INFO: Extracting primitive: Cylinder.1770
16:00:53 | INFO: Primitives created: 1
16:00:53 | INFO: Extracting primitive: Cylinder.1768
16:00:53 | INFO: Primitives created: 1
16:00:53 | INFO: Extracting primitive: Cylinder.1769
16:00:53 | INFO: Primitives created: 1
16:00:53 | INFO: Extracting primitive: Cube.1234
16:00:53 | INFO: Primitives created: 1
16:00:53 | INFO: Extracting primitive: Cube.1235
16:00:53 | INFO: Primitives created: 1
16:00:53 | INFO: Extracting primitive: Cube.1240
16:00:53 | INFO: Primitives created: 1
16:00:53 | INFO: Extracting primitive: Cube.1241
16:00:53 | INFO: Primitives created: 1
16:00:53 | INFO: Extracting primitive: Cube.1223
16:00:53 | INFO: Primitives created: 1
16:00:53 | INFO: Extracting primitive: Cube.1224
16:00:53 | INFO: Primitives created: 1
16:00:53 | INFO: Extracting primitive: Cube.1225
16:00:53 | INFO: Primitives created: 1
16:00:53 | INFO: Extracting primitive: Cube.1226
16:00:53 | INFO: Primitives created: 1
16:00:53 | INFO: Extracting primitive: Cylinder.1798
16:00:53 | INFO: Primitives created: 1
16:00:53 | INFO: Extracting primitive: Cylinder.1799
16:00:53 | INFO: Primitives created: 1
16:00:53 | INFO: Extracting primitive: Cube.1247
16:00:53 | INFO: Primitives created: 1
16:00:53 | INFO: Extracting primitive: Cube.1248
16:00:53 | INFO: Primitives created: 1
16:00:53 | INFO: Extracting primitive: Cube.1249
16:00:53 | INFO: Primitives created: 1
16:00:53 | INFO: Extracting primitive: Cube.1250
16:00:53 | INFO: Primitives created: 1
16:00:53 | INFO: Extracting primitive: Cylinder.1808
16:00:53 | INFO: Primitives created: 1
16:00:53 | INFO: Extracting primitive: Cylinder.1810
16:00:53 | INFO: Primitives created: 1
16:00:53 | INFO: Extracting primitive: Cylinder.1819
16:00:53 | INFO: Primitives created: 1
16:00:53 | INFO: Extracting primitive: Cylinder.1821
16:00:53 | INFO: Primitives created: 1
16:00:53 | INFO: Extracting primitive: Cylinder.1807
16:00:53 | INFO: Primitives created: 1
16:00:53 | INFO: Extracting primitive: Cylinder.1804
16:00:53 | INFO: Primitives created: 1
16:00:53 | INFO: Extracting primitive: Cylinder.1806
16:00:53 | INFO: Primitives created: 1
16:00:53 | INFO: Extracting primitive: Cylinder.1814
16:00:53 | INFO: Primitives created: 1
16:00:53 | INFO: Extracting primitive: hinge-pin-pull-eye.092
16:00:53 | INFO: Primitives created: 1
16:00:53 | INFO: Extracting primitive: leaf-hinge-knuckle.076
16:00:53 | INFO: Primitives created: 1
16:00:53 | INFO: Extracting primitive: Cylinder.1812
16:00:53 | INFO: Primitives created: 1
16:00:53 | INFO: Extracting primitive: Cube.1256
16:00:53 | INFO: Primitives created: 1
16:00:53 | INFO: Extracting primitive: Cube.1253
16:00:53 | INFO: Primitives created: 1
16:00:53 | INFO: Extracting primitive: Cube.1251
16:00:53 | INFO: Primitives created: 1
16:00:53 | INFO: Extracting primitive: Cube.1252
16:00:53 | INFO: Primitives created: 1
16:00:53 | INFO: Extracting primitive: Cylinder.1818
16:00:53 | INFO: Primitives created: 1
16:00:53 | INFO: Extracting primitive: Cylinder.1815
16:00:53 | INFO: Primitives created: 1
16:00:53 | INFO: Extracting primitive: Cylinder.1817
16:00:53 | INFO: Primitives created: 1
16:00:53 | INFO: Extracting primitive: Cylinder.1825
16:00:53 | INFO: Primitives created: 1
16:00:54 | INFO: Extracting primitive: hinge-pin-pull-eye.093
16:00:54 | INFO: Primitives created: 1
16:00:54 | INFO: Extracting primitive: leaf-hinge-knuckle.077
16:00:54 | INFO: Primitives created: 1
16:00:54 | INFO: Extracting primitive: Cylinder.1823
16:00:54 | INFO: Primitives created: 1
16:00:54 | INFO: Extracting primitive: Cube.1262
16:00:54 | INFO: Primitives created: 1
16:00:54 | INFO: Extracting primitive: Cube.1259
16:00:54 | INFO: Primitives created: 1
16:00:54 | INFO: Extracting primitive: Cube.1257
16:00:54 | INFO: Primitives created: 1
16:00:54 | INFO: Extracting primitive: Cube.1258
16:00:54 | INFO: Primitives created: 1
16:00:54 | INFO: Extracting primitive: Cylinder.1803
16:00:54 | INFO: Primitives created: 1
16:00:54 | INFO: Extracting primitive: Cylinder.1802
16:00:54 | INFO: Primitives created: 1
16:00:54 | INFO: Extracting primitive: Cylinder.1800
16:00:54 | INFO: Primitives created: 1
16:00:54 | INFO: Extracting primitive: Cylinder.1801
16:00:54 | INFO: Primitives created: 1
16:00:54 | INFO: Extracting primitive: Cube.1254
16:00:54 | INFO: Primitives created: 1
16:00:54 | INFO: Extracting primitive: Cube.1255
16:00:54 | INFO: Primitives created: 1
16:00:54 | INFO: Extracting primitive: Cube.1260
16:00:54 | INFO: Primitives created: 1
16:00:54 | INFO: Extracting primitive: Cube.1261
16:00:54 | INFO: Primitives created: 1
16:00:54 | INFO: Extracting primitive: Cube.1243
16:00:54 | INFO: Primitives created: 1
16:00:54 | INFO: Extracting primitive: Cube.1244
16:00:54 | INFO: Primitives created: 1
16:00:54 | INFO: Extracting primitive: Cube.1245
16:00:54 | INFO: Primitives created: 1
16:00:54 | INFO: Extracting primitive: Cube.1246
16:00:54 | INFO: Primitives created: 1
16:00:54 | INFO: Extracting primitive: Cylinder.1826
16:00:54 | INFO: Primitives created: 1
16:00:54 | INFO: Extracting primitive: Cylinder.1827
16:00:54 | INFO: Primitives created: 1
16:00:54 | INFO: Extracting primitive: Cube.1267
16:00:54 | INFO: Primitives created: 1
16:00:54 | INFO: Extracting primitive: Cube.1268
16:00:54 | INFO: Primitives created: 1
16:00:54 | INFO: Extracting primitive: Cube.1269
16:00:54 | INFO: Primitives created: 1
16:00:54 | INFO: Extracting primitive: Cube.1270
16:00:54 | INFO: Primitives created: 1
16:00:54 | INFO: Extracting primitive: Cylinder.1837
16:00:54 | INFO: Primitives created: 1
16:00:54 | INFO: Extracting primitive: Cylinder.1839
16:00:54 | INFO: Primitives created: 1
16:00:54 | INFO: Extracting primitive: Cylinder.1851
16:00:54 | INFO: Primitives created: 1
16:00:54 | INFO: Extracting primitive: Cylinder.1853
16:00:54 | INFO: Primitives created: 1
16:00:54 | INFO: Extracting primitive: Cylinder.1835
16:00:54 | INFO: Primitives created: 1
16:00:54 | INFO: Extracting primitive: Cylinder.1832
16:00:54 | INFO: Primitives created: 1
16:00:54 | INFO: Extracting primitive: Cylinder.1834
16:00:54 | INFO: Primitives created: 1
16:00:54 | INFO: Extracting primitive: axial-control-eye.023
16:00:54 | INFO: Primitives created: 1
16:00:54 | INFO: Extracting primitive: Cylinder.1845
16:00:54 | INFO: Primitives created: 1
16:00:54 | INFO: Extracting primitive: Cylinder.1844
16:00:54 | INFO: Primitives created: 1
16:00:54 | INFO: Extracting primitive: Cylinder.1843
16:00:54 | INFO: Primitives created: 1
16:00:54 | INFO: Extracting primitive: hinge-pin-pull-eye.094
16:00:54 | INFO: Primitives created: 1
16:00:54 | INFO: Extracting primitive: leaf-hinge-knuckle.078
16:00:54 | INFO: Primitives created: 1
16:00:54 | INFO: Extracting primitive: Cylinder.1841
16:00:54 | INFO: Primitives created: 1
16:00:54 | INFO: Extracting primitive: Cube.1276
16:00:54 | INFO: Primitives created: 1
16:00:54 | INFO: Extracting primitive: Cube.1273
16:00:54 | INFO: Primitives created: 1
16:00:54 | INFO: Extracting primitive: Cube.1271
16:00:54 | INFO: Primitives created: 1
16:00:54 | INFO: Extracting primitive: Cube.1272
16:00:54 | INFO: Primitives created: 1
16:00:54 | INFO: Extracting primitive: Cylinder.1849
16:00:54 | INFO: Primitives created: 1
16:00:54 | INFO: Extracting primitive: Cylinder.1846
16:00:54 | INFO: Primitives created: 1
16:00:54 | INFO: Extracting primitive: Cylinder.1848
16:00:54 | INFO: Primitives created: 1
16:00:54 | INFO: Extracting primitive: Cylinder.1857
16:00:54 | INFO: Primitives created: 1
16:00:54 | INFO: Extracting primitive: hinge-pin-pull-eye.095
16:00:54 | INFO: Primitives created: 1
16:00:54 | INFO: Extracting primitive: leaf-hinge-knuckle.079
16:00:54 | INFO: Primitives created: 1
16:00:54 | INFO: Extracting primitive: Cylinder.1855
16:00:54 | INFO: Primitives created: 1
16:00:54 | INFO: Extracting primitive: Cube.1282
16:00:54 | INFO: Primitives created: 1
16:00:54 | INFO: Extracting primitive: Cube.1279
16:00:54 | INFO: Primitives created: 1
16:00:54 | INFO: Extracting primitive: Cube.1277
16:00:54 | INFO: Primitives created: 1
16:00:54 | INFO: Extracting primitive: Cube.1278
16:00:54 | INFO: Primitives created: 1
16:00:54 | INFO: Extracting primitive: Cylinder.1831
16:00:54 | INFO: Primitives created: 1
16:00:54 | INFO: Extracting primitive: Cylinder.1830
16:00:54 | INFO: Primitives created: 1
16:00:54 | INFO: Extracting primitive: Cylinder.1828
16:00:54 | INFO: Primitives created: 1
16:00:54 | INFO: Extracting primitive: Cylinder.1829
16:00:54 | INFO: Primitives created: 1
16:00:54 | INFO: Extracting primitive: Cube.1274
16:00:54 | INFO: Primitives created: 1
16:00:54 | INFO: Extracting primitive: Cube.1275
16:00:54 | INFO: Primitives created: 1
16:00:54 | INFO: Extracting primitive: Cube.1280
16:00:54 | INFO: Primitives created: 1
16:00:54 | INFO: Extracting primitive: Cube.1281
16:00:54 | INFO: Primitives created: 1
16:00:54 | INFO: Extracting primitive: Cube.1263
16:00:54 | INFO: Primitives created: 1
16:00:54 | INFO: Extracting primitive: Cube.1264
16:00:54 | INFO: Primitives created: 1
16:00:54 | INFO: Extracting primitive: Cube.1265
16:00:54 | INFO: Primitives created: 1
16:00:54 | INFO: Extracting primitive: Cube.1266
16:00:54 | INFO: Primitives created: 1
16:00:54 | INFO: Extracting primitive: Cylinder.1876
16:00:54 | INFO: Primitives created: 1
16:00:54 | INFO: Extracting primitive: Cylinder.1877
16:00:54 | INFO: Primitives created: 1
16:00:54 | INFO: Extracting primitive: Cylinder.1878
16:00:54 | INFO: Primitives created: 1
16:00:54 | INFO: Extracting primitive: Cylinder.1879
16:00:54 | INFO: Primitives created: 1
16:00:54 | INFO: Extracting primitive: Cylinder.1880
16:00:54 | INFO: Primitives created: 1
16:00:54 | INFO: Extracting primitive: Cylinder.1881
16:00:54 | INFO: Primitives created: 1
16:00:54 | INFO: Extracting primitive: Cylinder.1882
16:00:54 | INFO: Primitives created: 1
16:00:54 | INFO: Extracting primitive: Cylinder.1883
16:00:54 | INFO: Primitives created: 1
16:00:54 | INFO: Extracting primitive: Cube.1298
16:00:54 | INFO: Primitives created: 1
16:00:54 | INFO: Extracting primitive: Cube.1300
16:00:54 | INFO: Primitives created: 1
16:00:54 | INFO: Extracting primitive: Cylinder.1884
16:00:54 | INFO: Primitives created: 1
16:00:54 | INFO: Extracting primitive: Cylinder.1885
16:00:54 | INFO: Primitives created: 1
16:00:54 | INFO: Extracting primitive: Cylinder.1886
16:00:54 | INFO: Primitives created: 1
16:00:54 | INFO: Extracting primitive: Cylinder.1887
16:00:54 | INFO: Primitives created: 1
16:00:54 | INFO: Extracting primitive: Cylinder.1888
16:00:54 | INFO: Primitives created: 1
16:00:54 | INFO: Extracting primitive: Cylinder.1889
16:00:54 | INFO: Primitives created: 1
16:00:54 | INFO: Extracting primitive: Cylinder.1890
16:00:54 | INFO: Primitives created: 1
16:00:54 | INFO: Extracting primitive: Cylinder.1891
16:00:54 | INFO: Primitives created: 1
16:00:54 | INFO: Extracting primitive: Cylinder.1892
16:00:54 | INFO: Primitives created: 1
16:00:54 | INFO: Extracting primitive: Cylinder.1893
16:00:54 | INFO: Primitives created: 1
16:00:54 | INFO: Extracting primitive: Cylinder.1894
16:00:54 | INFO: Primitives created: 1
16:00:54 | INFO: Extracting primitive: Cylinder.1895
16:00:54 | INFO: Primitives created: 1
16:00:54 | INFO: Extracting primitive: Cylinder.1896
16:00:54 | INFO: Primitives created: 1
16:00:54 | INFO: Extracting primitive: Cylinder.1897
16:00:54 | INFO: Primitives created: 1
16:00:54 | INFO: Extracting primitive: Cylinder.1898
16:00:54 | INFO: Primitives created: 1
16:00:54 | INFO: Extracting primitive: Cylinder.1899
16:00:54 | INFO: Primitives created: 1
16:00:54 | INFO: Extracting primitive: Cylinder.1900
16:00:54 | INFO: Primitives created: 1
16:00:54 | INFO: Extracting primitive: Cylinder.1901
16:00:54 | INFO: Primitives created: 1
16:00:54 | INFO: Extracting primitive: Cylinder.1902
16:00:54 | INFO: Primitives created: 1
16:00:54 | INFO: Extracting primitive: Cylinder.1903
16:00:54 | INFO: Primitives created: 1
16:00:54 | INFO: Extracting primitive: Cylinder.1904
16:00:54 | INFO: Primitives created: 1
16:00:54 | INFO: Extracting primitive: Cylinder.1905
16:00:54 | INFO: Primitives created: 1
16:00:54 | INFO: Extracting primitive: Cylinder.1906
16:00:54 | INFO: Primitives created: 1
16:00:54 | INFO: Extracting primitive: Cylinder.1907
16:00:54 | INFO: Primitives created: 1
16:00:54 | INFO: Extracting primitive: Cube.1297
16:00:54 | INFO: Primitives created: 1
16:00:54 | INFO: Extracting primitive: Cube.1299
16:00:54 | INFO: Primitives created: 1
16:00:54 | INFO: Extracting primitive: Cube.1199
16:00:54 | INFO: Primitives created: 1
16:00:54 | INFO: Extracting primitive: Cube.1200
16:00:54 | INFO: Primitives created: 1
16:00:54 | INFO: Extracting primitive: Cylinder.1720
16:00:54 | INFO: Primitives created: 1
16:00:54 | INFO: Extracting primitive: head-bearing-lower.011
16:00:54 | INFO: Primitives created: 1
16:00:54 | INFO: Extracting primitive: Cylinder.1733
16:00:54 | INFO: Primitives created: 1
16:00:54 | INFO: Extracting primitive: Cylinder.1721
16:00:54 | INFO: Primitives created: 1
16:00:54 | INFO: Extracting primitive: Cylinder.1722
16:00:54 | INFO: Primitives created: 1
16:00:54 | INFO: Extracting primitive: Cylinder.1723
16:00:54 | INFO: Primitives created: 1
16:00:54 | INFO: Extracting primitive: Cylinder.1724
16:00:54 | INFO: Primitives created: 1
16:00:54 | INFO: Extracting primitive: Cylinder.1725
16:00:54 | INFO: Primitives created: 1
16:00:54 | INFO: Extracting primitive: Cylinder.1726
16:00:54 | INFO: Primitives created: 1
16:00:54 | INFO: Extracting primitive: Cylinder.1727
16:00:54 | INFO: Primitives created: 1
16:00:54 | INFO: Extracting primitive: Cylinder.1728
16:00:54 | INFO: Primitives created: 1
16:00:54 | INFO: Extracting primitive: Cylinder.1729
16:00:54 | INFO: Primitives created: 1
16:00:54 | INFO: Extracting primitive: Cylinder.1730
16:00:54 | INFO: Primitives created: 1
16:00:54 | INFO: Extracting primitive: Cylinder.1731
16:00:54 | INFO: Primitives created: 1
16:00:54 | INFO: Extracting primitive: Cylinder.1732
16:00:54 | INFO: Primitives created: 1
16:00:54 | INFO: Extracting primitive: jib-tip-sheave.011
16:00:54 | INFO: Primitives created: 1
16:00:54 | INFO: Extracting primitive: Cube.1201
16:00:54 | INFO: Primitives created: 1
16:00:54 | INFO: Extracting primitive: Cube.1202
16:00:54 | INFO: Primitives created: 1
16:00:54 | INFO: Extracting primitive: Cylinder.1734
16:00:54 | INFO: Primitives created: 1
16:00:54 | INFO: Extracting primitive: Cylinder.1737
16:00:54 | INFO: Primitives created: 1
16:00:54 | INFO: Extracting primitive: Cylinder.1735
16:00:54 | INFO: Primitives created: 1
16:00:54 | INFO: Extracting primitive: Cylinder.1736
16:00:54 | INFO: Primitives created: 1
16:00:54 | INFO: Extracting primitive: moving-lug-eye.011
16:00:54 | INFO: Primitives created: 1
16:00:54 | INFO: Extracting primitive: Cylinder.1718
16:00:54 | INFO: Primitives created: 1
16:00:54 | INFO: Extracting primitive: Cylinder.1719
16:00:54 | INFO: Primitives created: 1
16:00:54 | INFO: Extracting primitive: Cube.1196
16:00:54 | INFO: Primitives created: 1
16:00:54 | INFO: Extracting primitive: Cube.1197
16:00:54 | INFO: Primitives created: 1
16:00:54 | INFO: Extracting primitive: Cube.1194
16:00:54 | INFO: Primitives created: 1
16:00:54 | INFO: Extracting primitive: Cube.1195
16:00:54 | INFO: Primitives created: 1
16:00:54 | INFO: Extracting primitive: Cube.1198
16:00:54 | INFO: Primitives created: 1
16:00:54 | INFO: Extracting primitive: Retained hoist hitch.008
16:00:54 | INFO: Primitives created: 1
16:00:54 | INFO: Extracting primitive: Cube.1193
16:00:54 | INFO: Primitives created: 1
16:00:54 | INFO: Finished glTF 2.0 export in 0.29091501235961914 s
01:01:38.108  render           | Saved: '/Users/hina/Documents/Experience-Intelligence-Domain/wonderforge/artifacts/eiffel-gin-pole-climb-2026-09-08/renders/gin-pole-climb-context.png'

